league,season,game_id,date,team,opponent,venue,xG,xGA,scored,conceded
ENG-Premier League,1920,11650,2019-08-11 14:00:00,Arsenal,Newcastle United,away,1.13309,0.380551,1.0,0.0
ENG-Premier League,1920,11653,2019-08-17 12:30:00,Arsenal,Burnley,home,1.1644,1.39172,2.0,1.0
ENG-Premier League,1920,11670,2019-08-24 17:30:00,Arsenal,Liverpool,away,0.985542,2.78821,1.0,3.0
ENG-Premier League,1920,11682,2019-09-01 16:30:00,Arsenal,Tottenham,home,1.92509,1.95514,2.0,2.0
ENG-Premier League,1920,11691,2019-09-15 15:30:00,Arsenal,Watford,away,1.00616,2.83209,2.0,2.0
ENG-Premier League,1920,11702,2019-09-22 15:30:00,Arsenal,Aston Villa,home,2.53209,1.71546,3.0,2.0
ENG-Premier League,1920,11712,2019-09-30 19:00:00,Arsenal,Manchester United,away,1.70399,1.1335,1.0,1.0
ENG-Premier League,1920,11722,2019-10-06 14:00:00,Arsenal,Bournemouth,home,1.24109,0.683967,1.0,0.0
ENG-Premier League,1920,11730,2019-10-21 20:00:00,Arsenal,Sheffield United,away,0.949735,0.895722,0.0,1.0
ENG-Premier League,1920,11733,2019-10-27 16:30:00,Arsenal,Crystal Palace,home,1.54014,1.77892,2.0,2.0
ENG-Premier League,1920,11743,2019-11-02 15:00:00,Arsenal,Wolverhampton Wanderers,home,1.02552,1.5103,1.0,1.0
ENG-Premier League,1920,11762,2019-11-09 17:30:00,Arsenal,Leicester,away,0.961339,1.37055,0.0,2.0
ENG-Premier League,1920,11763,2019-11-23 15:00:00,Arsenal,Southampton,home,1.60823,2.60312,2.0,2.0
ENG-Premier League,1920,11781,2019-12-01 14:00:00,Arsenal,Norwich,away,1.96157,0.810596,2.0,2.0
ENG-Premier League,1920,11783,2019-12-05 20:15:00,Arsenal,Brighton,home,0.965377,1.53446,1.0,2.0
ENG-Premier League,1920,11802,2019-12-09 20:00:00,Arsenal,West Ham,away,1.79181,0.521847,3.0,1.0
ENG-Premier League,1920,11803,2019-12-15 16:30:00,Arsenal,Manchester City,home,0.28161,1.69553,0.0,3.0
ENG-Premier League,1920,11816,2019-12-21 12:30:00,Arsenal,Everton,away,0.881818,0.486523,0.0,0.0
ENG-Premier League,1920,11824,2019-12-26 15:00:00,Arsenal,Bournemouth,away,1.42464,1.55463,1.0,1.0
ENG-Premier League,1920,11833,2019-12-29 14:00:00,Arsenal,Chelsea,home,0.785214,1.49666,1.0,2.0
ENG-Premier League,1920,11844,2020-01-01 20:00:00,Arsenal,Manchester United,home,1.90747,0.715563,2.0,0.0
ENG-Premier League,1920,11859,2020-01-11 12:30:00,Arsenal,Crystal Palace,away,1.43924,0.317862,1.0,1.0
ENG-Premier League,1920,11863,2020-01-18 15:00:00,Arsenal,Sheffield United,home,1.22882,1.18444,1.0,1.0
ENG-Premier League,1920,11881,2020-01-21 20:15:00,Arsenal,Chelsea,away,0.568077,3.38612,2.0,2.0
ENG-Premier League,1920,11884,2020-02-02 14:00:00,Arsenal,Burnley,away,1.48025,2.24562,0.0,0.0
ENG-Premier League,1920,11893,2020-02-16 16:30:00,Arsenal,Newcastle United,home,3.02257,1.16662,4.0,0.0
ENG-Premier League,1920,11903,2020-02-23 16:30:00,Arsenal,Everton,home,1.33567,2.65691,3.0,2.0
ENG-Premier League,1920,11923,2020-03-07 15:00:00,Arsenal,West Ham,home,1.55974,1.61615,1.0,0.0
ENG-Premier League,1920,11917,2020-06-17 19:15:00,Arsenal,Manchester City,away,0.496759,2.73725,0.0,3.0
ENG-Premier League,1920,11941,2020-06-20 14:00:00,Arsenal,Brighton,away,0.69627,0.670973,1.0,2.0
ENG-Premier League,1920,11952,2020-06-25 17:00:00,Arsenal,Southampton,away,2.18595,0.738305,2.0,0.0
ENG-Premier League,1920,11953,2020-07-01 17:00:00,Arsenal,Norwich,home,1.76496,0.153871,4.0,0.0
ENG-Premier League,1920,11972,2020-07-04 16:30:00,Arsenal,Wolverhampton Wanderers,away,1.28273,0.985166,2.0,0.0
ENG-Premier League,1920,11973,2020-07-07 19:15:00,Arsenal,Leicester,home,1.29023,1.00238,1.0,1.0
ENG-Premier League,1920,11990,2020-07-12 15:30:00,Arsenal,Tottenham,away,0.68991,1.81846,1.0,2.0
ENG-Premier League,1920,11993,2020-07-15 19:15:00,Arsenal,Liverpool,home,1.31516,2.2233,2.0,1.0
ENG-Premier League,1920,12003,2020-07-21 19:15:00,Arsenal,Aston Villa,away,0.737137,0.57408,0.0,1.0
ENG-Premier League,1920,12014,2020-07-26 15:00:00,Arsenal,Watford,home,1.95282,3.9197,3.0,2.0
ENG-Premier League,2021,14086,2020-09-12 11:30:00,Arsenal,Fulham,away,2.16287,0.126327,3.0,0.0
ENG-Premier League,2021,14099,2020-09-19 19:00:00,Arsenal,West Ham,home,1.32902,2.06377,2.0,1.0
ENG-Premier League,2021,14115,2020-09-28 19:15:00,Arsenal,Liverpool,away,1.17817,2.73834,1.0,3.0
ENG-Premier League,2021,14465,2020-10-04 13:00:00,Arsenal,Sheffield United,home,0.667131,0.144994,2.0,1.0
ENG-Premier League,2021,14480,2020-10-17 16:30:00,Arsenal,Manchester City,away,0.838322,1.43023,0.0,1.0
ENG-Premier League,2021,14485,2020-10-25 19:15:00,Arsenal,Leicester,home,0.73944,0.736172,0.0,1.0
ENG-Premier League,2021,14500,2020-11-01 16:30:00,Arsenal,Manchester United,away,0.998072,0.394113,1.0,0.0
ENG-Premier League,2021,14505,2020-11-08 19:15:00,Arsenal,Aston Villa,home,1.39037,1.98553,0.0,3.0
ENG-Premier League,2021,14518,2020-11-22 16:30:00,Arsenal,Leeds,away,0.710778,1.9617,0.0,0.0
ENG-Premier League,2021,14525,2020-11-29 19:15:00,Arsenal,Wolverhampton Wanderers,home,1.1185,2.0069,1.0,2.0
ENG-Premier League,2021,14542,2020-12-06 16:30:00,Arsenal,Tottenham,away,0.595216,0.390629,0.0,2.0
ENG-Premier League,2021,14554,2020-12-13 19:15:00,Arsenal,Burnley,home,1.85362,0.815375,0.0,1.0
ENG-Premier League,2021,14555,2020-12-16 18:00:00,Arsenal,Southampton,home,0.661135,1.11296,1.0,1.0
ENG-Premier League,2021,14569,2020-12-19 17:30:00,Arsenal,Everton,away,1.25206,0.661744,1.0,2.0
ENG-Premier League,2021,14575,2020-12-26 17:30:00,Arsenal,Chelsea,home,1.94485,2.25414,3.0,1.0
ENG-Premier League,2021,14585,2020-12-29 18:00:00,Arsenal,Brighton,away,1.31394,0.799368,1.0,0.0
ENG-Premier League,2021,14600,2021-01-02 20:00:00,Arsenal,West Bromwich Albion,away,4.03429,0.869874,4.0,0.0
ENG-Premier League,2021,14605,2021-01-14 20:00:00,Arsenal,Crystal Palace,home,0.368554,0.709634,0.0,0.0
ENG-Premier League,2021,14615,2021-01-18 20:00:00,Arsenal,Newcastle United,home,2.30744,0.168796,3.0,0.0
ENG-Premier League,2021,14632,2021-01-26 20:15:00,Arsenal,Southampton,away,2.4339,0.99504,3.0,1.0
ENG-Premier League,2021,14635,2021-01-30 17:30:00,Arsenal,Manchester United,home,0.747166,1.51332,0.0,0.0
ENG-Premier League,2021,14650,2021-02-02 18:00:00,Arsenal,Wolverhampton Wanderers,away,0.716265,1.56162,1.0,2.0
ENG-Premier League,2021,14655,2021-02-06 12:30:00,Arsenal,Aston Villa,away,0.679649,1.19792,0.0,1.0
ENG-Premier League,2021,14665,2021-02-14 16:30:00,Arsenal,Leeds,home,2.50614,0.77074,4.0,2.0
ENG-Premier League,2021,14675,2021-02-21 16:30:00,Arsenal,Manchester City,home,0.331188,2.08868,0.0,1.0
ENG-Premier League,2021,14690,2021-02-28 12:00:00,Arsenal,Leicester,away,2.1065,0.533575,3.0,1.0
ENG-Premier League,2021,14697,2021-03-06 12:30:00,Arsenal,Burnley,away,2.53692,1.10374,1.0,1.0
ENG-Premier League,2021,14705,2021-03-14 16:30:00,Arsenal,Tottenham,home,1.56529,0.705566,2.0,1.0
ENG-Premier League,2021,14724,2021-03-21 15:00:00,Arsenal,West Ham,away,1.35217,2.50629,3.0,3.0
ENG-Premier League,2021,14725,2021-04-03 19:00:00,Arsenal,Liverpool,home,0.161161,2.43732,0.0,3.0
ENG-Premier League,2021,14741,2021-04-11 18:00:00,Arsenal,Sheffield United,away,1.93838,0.315121,3.0,0.0
ENG-Premier League,2021,14745,2021-04-18 12:30:00,Arsenal,Fulham,home,2.85573,0.839128,1.0,1.0
ENG-Premier League,2021,14755,2021-04-23 19:00:00,Arsenal,Everton,home,0.735767,0.529676,0.0,1.0
ENG-Premier League,2021,14771,2021-05-02 13:00:00,Arsenal,Newcastle United,away,1.78751,0.172988,2.0,0.0
ENG-Premier League,2021,14775,2021-05-09 18:00:00,Arsenal,West Bromwich Albion,home,1.07042,1.83076,3.0,1.0
ENG-Premier League,2021,14790,2021-05-12 19:15:00,Arsenal,Chelsea,away,0.692043,1.56786,1.0,0.0
ENG-Premier League,2021,14798,2021-05-19 18:00:00,Arsenal,Crystal Palace,away,1.7945,0.998377,3.0,1.0
ENG-Premier League,2021,14805,2021-05-23 15:00:00,Arsenal,Brighton,home,0.772904,0.193968,2.0,0.0
ENG-Premier League,2122,16376,2021-08-13 19:00:00,Arsenal,Brentford,away,1.02385,1.88818,0.0,2.0
ENG-Premier League,2122,16394,2021-08-22 15:30:00,Arsenal,Chelsea,home,0.630099,3.64132,0.0,2.0
ENG-Premier League,2122,16396,2021-08-28 11:30:00,Arsenal,Manchester City,away,0.116805,4.47273,0.0,5.0
ENG-Premier League,2122,16407,2021-09-11 14:00:00,Arsenal,Norwich,home,2.68515,0.577292,1.0,0.0
ENG-Premier League,2122,16419,2021-09-18 14:00:00,Arsenal,Burnley,away,1.09928,0.775574,1.0,0.0
ENG-Premier League,2122,16434,2021-09-26 15:30:00,Arsenal,Tottenham,home,1.44499,0.980166,3.0,1.0
ENG-Premier League,2122,16436,2021-10-02 16:30:00,Arsenal,Brighton,away,0.36431,1.11551,0.0,0.0
ENG-Premier League,2122,16446,2021-10-18 19:00:00,Arsenal,Crystal Palace,home,1.7436,0.492239,2.0,2.0
ENG-Premier League,2122,16456,2021-10-22 19:00:00,Arsenal,Aston Villa,home,3.4984,1.41088,3.0,1.0
ENG-Premier League,2122,16468,2021-10-30 11:30:00,Arsenal,Leicester,away,1.10288,1.98801,2.0,0.0
ENG-Premier League,2122,16476,2021-11-07 14:00:00,Arsenal,Watford,home,1.49208,0.491659,1.0,0.0
ENG-Premier League,2122,16489,2021-11-20 17:30:00,Arsenal,Liverpool,away,0.268025,3.97374,0.0,4.0
ENG-Premier League,2122,16496,2021-11-27 12:30:00,Arsenal,Newcastle United,home,2.84493,0.185383,2.0,0.0
ENG-Premier League,2122,16512,2021-12-02 20:15:00,Arsenal,Manchester United,away,1.16638,1.85597,2.0,3.0
ENG-Premier League,2122,16517,2021-12-06 20:00:00,Arsenal,Everton,away,1.05723,1.06108,1.0,2.0
ENG-Premier League,2122,16526,2021-12-11 15:00:00,Arsenal,Southampton,home,2.08429,0.502215,3.0,0.0
ENG-Premier League,2122,16536,2021-12-15 20:00:00,Arsenal,West Ham,home,2.81482,0.338855,2.0,0.0
ENG-Premier League,2122,16548,2021-12-18 17:30:00,Arsenal,Leeds,away,3.69008,1.31408,4.0,1.0
ENG-Premier League,2122,16562,2021-12-26 15:00:00,Arsenal,Norwich,away,2.87539,0.154212,5.0,0.0
ENG-Premier League,2122,16576,2022-01-01 12:30:00,Arsenal,Manchester City,home,0.836949,1.94623,1.0,2.0
ENG-Premier League,2122,16596,2022-01-23 14:00:00,Arsenal,Burnley,home,1.35507,0.388963,0.0,0.0
ENG-Premier League,2122,16611,2022-02-10 19:45:00,Arsenal,Wolverhampton Wanderers,away,1.45247,0.641359,1.0,0.0
ENG-Premier League,2122,16626,2022-02-19 15:00:00,Arsenal,Brentford,home,1.52247,0.640726,2.0,1.0
ENG-Premier League,2122,16566,2022-02-24 19:45:00,Arsenal,Wolverhampton Wanderers,home,2.50961,1.10934,2.0,1.0
ENG-Premier League,2122,16654,2022-03-06 14:00:00,Arsenal,Watford,away,1.00457,1.29603,3.0,2.0
ENG-Premier League,2122,16656,2022-03-13 16:30:00,Arsenal,Leicester,home,2.93665,0.54911,2.0,0.0
ENG-Premier League,2122,16636,2022-03-16 20:15:00,Arsenal,Liverpool,home,0.534265,1.27681,0.0,2.0
ENG-Premier League,2122,16666,2022-03-19 12:30:00,Arsenal,Aston Villa,away,1.14522,0.309375,1.0,0.0
ENG-Premier League,2122,16682,2022-04-04 19:00:00,Arsenal,Crystal Palace,away,1.05199,1.39707,0.0,3.0
ENG-Premier League,2122,16695,2022-04-09 14:00:00,Arsenal,Brighton,home,2.35153,0.596106,1.0,2.0
ENG-Premier League,2122,16700,2022-04-16 14:00:00,Arsenal,Southampton,away,1.35002,1.04007,0.0,1.0
ENG-Premier League,2122,16618,2022-04-20 18:45:00,Arsenal,Chelsea,away,1.87331,0.593801,4.0,2.0
ENG-Premier League,2122,16715,2022-04-23 11:30:00,Arsenal,Manchester United,home,2.54173,2.04244,3.0,1.0
ENG-Premier League,2122,16717,2022-05-01 15:30:00,Arsenal,West Ham,away,0.964564,0.451976,2.0,1.0
ENG-Premier League,2122,16735,2022-05-08 13:00:00,Arsenal,Leeds,home,2.7227,0.696785,2.0,1.0
ENG-Premier League,2122,16593,2022-05-12 18:45:00,Arsenal,Tottenham,away,0.387446,3.42522,0.0,3.0
ENG-Premier League,2122,16741,2022-05-16 19:00:00,Arsenal,Newcastle United,away,0.492454,1.68299,0.0,2.0
ENG-Premier League,2122,16746,2022-05-22 15:00:00,Arsenal,Everton,home,4.35597,1.08601,5.0,1.0
ENG-Premier League,2223,18202,2022-08-05 19:00:00,Arsenal,Crystal Palace,away,1.43601,1.20637,2.0,0.0
ENG-Premier League,2223,18217,2022-08-13 14:00:00,Arsenal,Leicester,home,3.0107,0.690679,4.0,2.0
ENG-Premier League,2223,18227,2022-08-20 16:30:00,Arsenal,Bournemouth,away,1.71081,0.211335,3.0,0.0
ENG-Premier League,2223,18238,2022-08-27 16:30:00,Arsenal,Fulham,home,2.47427,0.926007,2.0,1.0
ENG-Premier League,2223,18247,2022-08-31 18:30:00,Arsenal,Aston Villa,home,2.79971,0.297168,2.0,1.0
ENG-Premier League,2223,18261,2022-09-04 15:30:00,Arsenal,Manchester United,away,1.42238,2.02904,1.0,3.0
ENG-Premier League,2223,18280,2022-09-18 11:00:00,Arsenal,Brentford,away,1.32021,0.54011,3.0,0.0
ENG-Premier League,2223,18282,2022-10-01 11:30:00,Arsenal,Tottenham,home,2.48403,1.5027,3.0,1.0
ENG-Premier League,2223,18292,2022-10-09 15:30:00,Arsenal,Liverpool,home,2.81968,0.765151,3.0,2.0
ENG-Premier League,2223,18305,2022-10-16 13:00:00,Arsenal,Leeds,away,0.821757,2.02232,1.0,0.0
ENG-Premier League,2223,18328,2022-10-23 13:00:00,Arsenal,Southampton,away,1.57897,0.622653,1.0,1.0
ENG-Premier League,2223,18332,2022-10-30 14:00:00,Arsenal,Nottingham Forest,home,3.00699,0.206127,5.0,0.0
ENG-Premier League,2223,18343,2022-11-06 12:00:00,Arsenal,Chelsea,away,2.37846,0.278815,1.0,0.0
ENG-Premier League,2223,18361,2022-11-12 19:45:00,Arsenal,Wolverhampton Wanderers,away,2.27996,0.512339,2.0,0.0
ENG-Premier League,2223,18362,2022-12-26 20:00:00,Arsenal,West Ham,home,1.88828,1.02652,3.0,1.0
ENG-Premier League,2223,18373,2022-12-31 17:30:00,Arsenal,Brighton,away,3.22106,1.15663,4.0,2.0
ENG-Premier League,2223,18382,2023-01-03 19:45:00,Arsenal,Newcastle United,home,0.970637,0.959523,0.0,0.0
ENG-Premier League,2223,18400,2023-01-15 16:30:00,Arsenal,Tottenham,away,2.04232,1.71032,2.0,0.0
ENG-Premier League,2223,18402,2023-01-22 16:30:00,Arsenal,Manchester United,home,2.90273,0.272246,3.0,2.0
ENG-Premier League,2223,18416,2023-02-04 12:30:00,Arsenal,Everton,away,0.690102,2.09191,0.0,1.0
ENG-Premier League,2223,18422,2023-02-11 15:00:00,Arsenal,Brentford,home,1.36738,2.17538,1.0,1.0
ENG-Premier League,2223,18312,2023-02-15 18:30:00,Arsenal,Manchester City,home,1.70139,2.00841,1.0,3.0
ENG-Premier League,2223,18432,2023-02-18 12:30:00,Arsenal,Aston Villa,away,2.85981,0.335752,4.0,2.0
ENG-Premier League,2223,18447,2023-02-25 15:00:00,Arsenal,Leicester,away,0.722059,0.0203463,1.0,0.0
ENG-Premier League,2223,18269,2023-03-01 20:00:00,Arsenal,Everton,home,3.06919,1.604,4.0,0.0
ENG-Premier League,2223,18452,2023-03-04 15:00:00,Arsenal,Bournemouth,home,2.46279,1.74267,3.0,2.0
ENG-Premier League,2223,18465,2023-03-12 14:00:00,Arsenal,Fulham,away,2.64355,0.61832,3.0,0.0
ENG-Premier League,2223,18472,2023-03-19 14:00:00,Arsenal,Crystal Palace,home,1.53568,1.19194,4.0,1.0
ENG-Premier League,2223,18482,2023-04-01 14:00:00,Arsenal,Leeds,home,3.29548,0.497609,4.0,1.0
ENG-Premier League,2223,18497,2023-04-09 15:30:00,Arsenal,Liverpool,away,1.53631,4.64012,2.0,2.0
ENG-Premier League,2223,18510,2023-04-16 13:00:00,Arsenal,West Ham,away,2.71782,1.96095,2.0,2.0
ENG-Premier League,2223,18512,2023-04-21 19:00:00,Arsenal,Southampton,home,2.39609,1.43063,3.0,3.0
ENG-Premier League,2223,18531,2023-04-26 19:00:00,Arsenal,Manchester City,away,0.398372,2.01168,1.0,4.0
ENG-Premier League,2223,18532,2023-05-02 19:00:00,Arsenal,Chelsea,home,2.7832,0.785202,3.0,1.0
ENG-Premier League,2223,18547,2023-05-07 15:30:00,Arsenal,Newcastle United,away,1.29061,1.37224,2.0,0.0
ENG-Premier League,2223,18552,2023-05-14 15:30:00,Arsenal,Brighton,home,0.958651,2.21276,0.0,3.0
ENG-Premier League,2223,18568,2023-05-20 16:30:00,Arsenal,Nottingham Forest,away,0.4902,1.1397,0.0,1.0
ENG-Premier League,2223,18572,2023-05-28 15:30:00,Arsenal,Wolverhampton Wanderers,home,3.02466,0.38772,5.0,0.0
ENG-Premier League,2324,22276,2023-08-12 11:30:00,Arsenal,Nottingham Forest,home,0.84262,0.966305,2.0,1.0
ENG-Premier League,2324,22294,2023-08-21 19:00:00,Arsenal,Crystal Palace,away,2.20593,1.06916,1.0,0.0
ENG-Premier League,2324,22297,2023-08-26 14:00:00,Arsenal,Fulham,home,3.23088,0.849817,2.0,2.0
ENG-Premier League,2324,21934,2023-09-03 15:30:00,Arsenal,Manchester United,home,1.90973,0.966109,3.0,1.0
ENG-Premier League,2324,21941,2023-09-17 15:30:00,Arsenal,Everton,away,0.802605,0.28317,1.0,0.0
ENG-Premier League,2324,21952,2023-09-24 13:00:00,Arsenal,Tottenham,home,2.3429,2.21166,2.0,2.0
ENG-Premier League,2324,21959,2023-09-30 14:00:00,Arsenal,Bournemouth,away,4.0742,0.644443,4.0,0.0
ENG-Premier League,2324,21965,2023-10-08 15:30:00,Arsenal,Manchester City,home,0.386558,0.858071,1.0,0.0
ENG-Premier League,2324,21978,2023-10-21 16:30:00,Arsenal,Chelsea,away,1.05791,1.71838,2.0,2.0
ENG-Premier League,2324,21986,2023-10-28 14:00:00,Arsenal,Sheffield United,home,3.03496,0.0281554,5.0,0.0
ENG-Premier League,2324,22001,2023-11-04 17:30:00,Arsenal,Newcastle United,away,0.535473,1.12355,0.0,1.0
ENG-Premier League,2324,22006,2023-11-11 15:00:00,Arsenal,Burnley,home,2.63194,0.327706,3.0,1.0
ENG-Premier League,2324,22015,2023-11-25 17:30:00,Arsenal,Brentford,away,1.82699,1.66315,1.0,0.0
ENG-Premier League,2324,22026,2023-12-02 15:00:00,Arsenal,Wolverhampton Wanderers,home,3.30368,1.07886,2.0,1.0
ENG-Premier League,2324,22039,2023-12-05 20:15:00,Arsenal,Luton,away,2.58815,0.526254,4.0,3.0
ENG-Premier League,2324,22045,2023-12-09 17:30:00,Arsenal,Aston Villa,away,1.71667,0.628499,0.0,1.0
ENG-Premier League,2324,22056,2023-12-17 14:00:00,Arsenal,Brighton,home,2.76976,0.663054,2.0,0.0
ENG-Premier League,2324,22068,2023-12-23 17:30:00,Arsenal,Liverpool,away,0.851681,0.982901,1.0,1.0
ENG-Premier League,2324,22076,2023-12-28 20:15:00,Arsenal,West Ham,home,2.7884,1.59711,0.0,2.0
ENG-Premier League,2324,22087,2023-12-31 14:00:00,Arsenal,Fulham,away,1.6591,1.52829,1.0,2.0
ENG-Premier League,2324,22103,2024-01-20 12:30:00,Arsenal,Crystal Palace,home,3.52167,0.288083,5.0,0.0
ENG-Premier League,2324,22108,2024-01-30 19:30:00,Arsenal,Nottingham Forest,away,1.39143,0.631618,2.0,1.0
ENG-Premier League,2324,22116,2024-02-04 16:30:00,Arsenal,Liverpool,home,2.8526,0.542052,3.0,1.0
ENG-Premier League,2324,22133,2024-02-11 14:00:00,Arsenal,West Ham,away,3.99893,0.191065,6.0,0.0
ENG-Premier League,2324,22136,2024-02-17 15:00:00,Arsenal,Burnley,away,2.20575,0.335143,5.0,0.0
ENG-Premier League,2324,22146,2024-02-24 20:00:00,Arsenal,Newcastle United,home,2.59336,0.217373,4.0,1.0
ENG-Premier League,2324,22163,2024-03-04 20:00:00,Arsenal,Sheffield United,away,2.47294,0.201374,6.0,0.0
ENG-Premier League,2324,22166,2024-03-09 17:30:00,Arsenal,Brentford,home,1.59369,0.733239,2.0,1.0
ENG-Premier League,2324,22190,2024-03-31 16:30:00,Arsenal,Manchester City,away,0.511402,1.22009,0.0,0.0
ENG-Premier League,2324,22196,2024-04-03 18:30:00,Arsenal,Luton,home,1.14384,0.292082,2.0,0.0
ENG-Premier League,2324,22206,2024-04-06 16:30:00,Arsenal,Brighton,away,4.16518,0.428514,3.0,0.0
ENG-Premier League,2324,22216,2024-04-14 15:30:00,Arsenal,Aston Villa,home,1.89003,0.929049,0.0,2.0
ENG-Premier League,2324,22234,2024-04-20 18:30:00,Arsenal,Wolverhampton Wanderers,away,1.66179,0.164516,2.0,0.0
ENG-Premier League,2324,22175,2024-04-23 19:00:00,Arsenal,Chelsea,home,3.45858,1.60343,5.0,0.0
ENG-Premier League,2324,22241,2024-04-28 13:00:00,Arsenal,Tottenham,away,1.51469,2.60458,3.0,2.0
ENG-Premier League,2324,22245,2024-05-04 11:30:00,Arsenal,Bournemouth,home,3.91372,0.4687,3.0,0.0
ENG-Premier League,2324,22259,2024-05-12 15:30:00,Arsenal,Manchester United,away,1.73104,0.551669,1.0,0.0
ENG-Premier League,2324,22265,2024-05-19 15:00:00,Arsenal,Everton,home,3.2117,0.664904,2.0,1.0
ENG-Premier League,2425,26604,2024-08-17 14:00:00,Arsenal,Wolverhampton Wanderers,home,1.6283,0.575835,2.0,0.0
ENG-Premier League,2425,26618,2024-08-24 16:30:00,Arsenal,Aston Villa,away,1.41399,1.31664,2.0,0.0
ENG-Premier League,2425,26622,2024-08-31 11:30:00,Arsenal,Brighton,home,2.41798,1.81748,1.0,1.0
ENG-Premier League,2425,26640,2024-09-15 13:00:00,Arsenal,Tottenham,away,1.1209,0.792595,1.0,0.0
ENG-Premier League,2425,26651,2024-09-22 15:30:00,Arsenal,Manchester City,away,1.28411,2.75588,2.0,2.0
ENG-Premier League,2425,26655,2024-09-28 14:00:00,Arsenal,Leicester,home,6.05305,0.337909,4.0,2.0
ENG-Premier League,2425,26666,2024-10-05 14:00:00,Arsenal,Southampton,home,3.25165,1.27313,3.0,1.0
ENG-Premier League,2425,26680,2024-10-19 16:30:00,Arsenal,Bournemouth,away,0.740758,2.18419,0.0,2.0
ENG-Premier League,2425,26691,2024-10-27 16:30:00,Arsenal,Liverpool,home,1.0883,1.35346,2.0,2.0
ENG-Premier League,2425,26694,2024-11-02 12:30:00,Arsenal,Newcastle United,away,0.911305,0.859715,0.0,1.0
ENG-Premier League,2425,26705,2024-11-10 16:30:00,Arsenal,Chelsea,away,1.9605,1.24067,1.0,1.0
ENG-Premier League,2425,26714,2024-11-23 15:00:00,Arsenal,Nottingham Forest,home,1.66016,0.403136,3.0,0.0
ENG-Premier League,2425,26730,2024-11-30 17:30:00,Arsenal,West Ham,away,3.99935,1.23539,5.0,2.0
ENG-Premier League,2425,26733,2024-12-04 20:15:00,Arsenal,Manchester United,home,2.96684,0.256083,2.0,0.0
ENG-Premier League,2425,26749,2024-12-08 14:00:00,Arsenal,Fulham,away,2.4333,0.150988,1.0,1.0
ENG-Premier League,2425,26755,2024-12-14 15:00:00,Arsenal,Everton,home,1.30865,0.132166,0.0,0.0
ENG-Premier League,2425,26765,2024-12-21 17:30:00,Arsenal,Crystal Palace,away,3.05434,1.6052,5.0,1.0
ENG-Premier League,2425,26773,2024-12-27 20:15:00,Arsenal,Ipswich,home,2.16462,0.0783327,1.0,0.0
ENG-Premier League,2425,26783,2025-01-01 17:30:00,Arsenal,Brentford,away,1.99848,0.272604,3.0,1.0
ENG-Premier League,2425,26794,2025-01-04 17:30:00,Arsenal,Brighton,away,1.81142,1.76513,1.0,1.0
ENG-Premier League,2425,26802,2025-01-15 20:00:00,Arsenal,Tottenham,home,2.25501,0.777071,2.0,1.0
ENG-Premier League,2425,26812,2025-01-18 17:30:00,Arsenal,Aston Villa,home,1.64458,1.20602,2.0,2.0
ENG-Premier League,2425,26831,2025-01-25 15:00:00,Arsenal,Wolverhampton Wanderers,away,0.887358,0.514724,1.0,0.0
ENG-Premier League,2425,26833,2025-02-02 16:30:00,Arsenal,Manchester City,home,1.53202,0.743191,5.0,1.0
ENG-Premier League,2425,26846,2025-02-15 12:30:00,Arsenal,Leicester,away,1.75,0.233209,2.0,0.0
ENG-Premier League,2425,26853,2025-02-22 15:00:00,Arsenal,West Ham,home,1.37264,1.02684,0.0,1.0
ENG-Premier League,2425,26864,2025-02-26 19:30:00,Arsenal,Nottingham Forest,away,1.31766,0.508611,0.0,0.0
ENG-Premier League,2425,26877,2025-03-09 16:30:00,Arsenal,Manchester United,away,1.82996,1.31107,1.0,1.0
ENG-Premier League,2425,26883,2025-03-16 13:30:00,Arsenal,Chelsea,home,0.695725,0.286036,1.0,0.0
ENG-Premier League,2425,26892,2025-04-01 19:45:00,Arsenal,Fulham,home,2.30189,1.44206,2.0,1.0
ENG-Premier League,2425,26905,2025-04-05 11:30:00,Arsenal,Everton,away,1.4031,1.22875,1.0,1.0
ENG-Premier League,2425,26913,2025-04-12 16:30:00,Arsenal,Brentford,home,0.767369,0.588583,1.0,1.0
ENG-Premier League,2425,26927,2025-04-20 13:00:00,Arsenal,Ipswich,away,2.81362,0.192879,4.0,0.0
ENG-Premier League,2425,26933,2025-04-23 19:00:00,Arsenal,Crystal Palace,home,1.92149,2.50515,2.0,2.0
ENG-Premier League,2425,26945,2025-05-03 16:30:00,Arsenal,Bournemouth,home,2.05484,1.41783,1.0,2.0
ENG-Premier League,2425,26952,2025-05-11 15:30:00,Arsenal,Liverpool,away,2.18795,2.74682,2.0,2.0
ENG-Premier League,2425,26962,2025-05-18 15:30:00,Arsenal,Newcastle United,home,1.15958,2.24634,1.0,0.0
ENG-Premier League,2425,26977,2025-05-25 15:00:00,Arsenal,Southampton,away,2.40711,0.598144,2.0,1.0
ENG-Premier League,2526,28786,2025-08-17 15:30:00,Arsenal,Manchester United,away,1.3304,1.37653,1.0,0.0
ENG-Premier League,2526,28793,2025-08-23 16:30:00,Arsenal,Leeds,home,2.73761,0.156761,5.0,0.0
ENG-Premier League,2526,28806,2025-08-31 15:30:00,Arsenal,Liverpool,away,0.485679,0.481404,0.0,1.0
ENG-Premier League,2526,28808,2025-09-13 11:30:00,Arsenal,Nottingham Forest,home,2.8817,0.293681,3.0,0.0
ENG-Premier League,2526,28827,2025-09-21 15:30:00,Arsenal,Manchester City,home,0.718575,1.1227,1.0,1.0
ENG-Premier League,2526,28836,2025-09-28 15:30:00,Arsenal,Newcastle United,away,2.07048,0.739851,2.0,1.0
ENG-Premier League,2526,28839,2025-10-04 14:00:00,Arsenal,West Ham,home,3.0585,0.864549,2.0,0.0
ENG-Premier League,2526,28851,2025-10-18 16:30:00,Arsenal,Fulham,away,2.07823,0.502332,1.0,0.0
ENG-Premier League,2526,28859,2025-10-26 13:00:00,Arsenal,Crystal Palace,home,0.856175,0.350534,1.0,0.0
ENG-Premier League,2526,28869,2025-11-01 15:00:00,Arsenal,Burnley,away,2.51649,0.679177,2.0,0.0
ENG-Premier League,2526,28885,2025-11-08 17:30:00,Arsenal,Sunderland,away,2.32943,1.20495,2.0,2.0
ENG-Premier League,2526,28889,2025-11-23 16:30:00,Arsenal,Tottenham,home,2.27827,0.0300672,4.0,1.0
ENG-Premier League,2526,28900,2025-11-30 16:30:00,Arsenal,Chelsea,away,1.22828,0.791914,1.0,1.0
ENG-Premier League,2526,28909,2025-12-03 19:30:00,Arsenal,Brentford,home,2.63126,0.588716,2.0,0.0
ENG-Premier League,2526,28919,2025-12-06 12:30:00,Arsenal,Aston Villa,away,1.85965,2.71986,1.0,2.0
ENG-Premier League,2526,28928,2025-12-13 20:00:00,Arsenal,Wolverhampton Wanderers,home,1.61796,0.61997,2.0,1.0
ENG-Premier League,2526,28941,2025-12-20 20:00:00,Arsenal,Everton,away,1.84723,0.213273,1.0,0.0
ENG-Premier League,2526,28948,2025-12-27 15:00:00,Arsenal,Brighton,home,2.54318,0.710064,2.0,1.0
ENG-Premier League,2526,28958,2025-12-30 20:15:00,Arsenal,Aston Villa,home,4.41335,2.94195,4.0,1.0
ENG-Premier League,2526,28971,2026-01-03 17:30:00,Arsenal,Bournemouth,away,1.28,0.947846,3.0,2.0
ENG-Premier League,2526,28980,2026-01-08 20:00:00,Arsenal,Liverpool,home,0.701832,0.318642,0.0,0.0
ENG-Premier League,2526,28994,2026-01-17 17:30:00,Arsenal,Nottingham Forest,away,2.86323,0.318481,0.0,0.0
ENG-Premier League,2526,28999,2026-01-25 16:30:00,Arsenal,Manchester United,home,1.42411,0.640902,2.0,3.0
ENG-Premier League,2526,29015,2026-01-31 15:00:00,Arsenal,Leeds,away,3.54427,0.17871,4.0,0.0
ENG-Premier League,2526,29019,2026-02-07 15:00:00,Arsenal,Sunderland,home,1.19401,0.427225,3.0,0.0
ENG-Premier League,2526,29029,2026-02-12 20:00:00,Arsenal,Brentford,away,0.78418,1.81154,1.0,1.0
ENG-Premier League,2526,29087,2026-02-18 20:00:00,Arsenal,Wolverhampton Wanderers,away,2.01018,0.173119,2.0,2.0
ENG-Premier League,2526,29046,2026-02-22 16:30:00,Arsenal,Tottenham,away,3.31701,0.383264,4.0,1.0
ENG-Premier League,2526,29049,2026-03-01 16:30:00,Arsenal,Chelsea,home,1.71598,1.35268,2.0,1.0
ENG-Premier League,2526,29060,2026-03-04 19:30:00,Arsenal,Brighton,away,0.514803,0.919228,1.0,0.0
ENG-Premier League,2526,29068,2026-03-14 17:30:00,Arsenal,Everton,home,1.90855,1.17847,2.0,0.0
ENG-Premier League,2526,29092,2026-04-11 11:30:00,Arsenal,Bournemouth,home,3.16346,1.39461,1.0,2.0
ENG-Premier League,2526,29104,2026-04-19 15:30:00,Arsenal,Manchester City,away,2.28964,2.61528,1.0,2.0
ENG-Premier League,2526,29109,2026-04-25 16:30:00,Arsenal,Newcastle United,home,0.639189,0.868897,1.0,0.0
ENG-Premier League,2526,29119,2026-05-02 17:30:00,Arsenal,Fulham,home,4.09079,0.696714,3.0,0.0
ENG-Premier League,2526,29137,2026-05-10 16:30:00,Arsenal,West Ham,away,1.42953,1.32011,1.0,0.0
ENG-Premier League,2526,29139,2026-05-18 20:00:00,Arsenal,Burnley,home,1.22695,0.194884,1.0,0.0
ENG-Premier League,2526,29150,2026-05-24 15:00:00,Arsenal,Crystal Palace,away,3.90645,1.00492,2.0,1.0
ENG-Premier League,1920,11649,2019-08-10 17:30:00,Aston Villa,Tottenham,away,0.639599,2.57262,1.0,3.0
ENG-Premier League,1920,11654,2019-08-17 15:00:00,Aston Villa,Bournemouth,home,1.65069,1.62777,1.0,2.0
ENG-Premier League,1920,11663,2019-08-23 20:00:00,Aston Villa,Everton,home,0.855926,1.25668,2.0,0.0
ENG-Premier League,1920,11676,2019-08-31 15:00:00,Aston Villa,Crystal Palace,away,0.30354,1.41394,0.0,1.0
ENG-Premier League,1920,11692,2019-09-16 19:00:00,Aston Villa,West Ham,home,1.40502,0.535279,0.0,0.0
ENG-Premier League,1920,11702,2019-09-22 15:30:00,Aston Villa,Arsenal,away,1.71546,2.53209,2.0,3.0
ENG-Premier League,1920,11706,2019-09-28 14:00:00,Aston Villa,Burnley,home,0.914266,1.66919,2.0,2.0
ENG-Premier League,1920,11717,2019-10-05 15:00:00,Aston Villa,Norwich,away,3.67827,1.84838,5.0,1.0
ENG-Premier League,1920,11723,2019-10-19 15:00:00,Aston Villa,Brighton,home,2.96692,1.32184,2.0,1.0
ENG-Premier League,1920,11737,2019-10-26 12:30:00,Aston Villa,Manchester City,away,0.980145,3.19004,0.0,3.0
ENG-Premier League,1920,11744,2019-11-02 15:00:00,Aston Villa,Liverpool,home,0.741615,2.38824,1.0,2.0
ENG-Premier League,1920,11760,2019-11-10 14:00:00,Aston Villa,Wolverhampton Wanderers,away,0.473225,2.09891,1.0,2.0
ENG-Premier League,1920,11764,2019-11-25 20:00:00,Aston Villa,Newcastle United,home,2.6985,0.69784,2.0,0.0
ENG-Premier League,1920,11782,2019-12-01 16:30:00,Aston Villa,Manchester United,away,1.29701,1.84804,2.0,2.0
ENG-Premier League,1920,11789,2019-12-04 19:30:00,Aston Villa,Chelsea,away,0.86086,1.9774,1.0,2.0
ENG-Premier League,1920,11793,2019-12-08 14:00:00,Aston Villa,Leicester,home,1.24141,4.03286,1.0,4.0
ENG-Premier League,1920,11810,2019-12-14 15:00:00,Aston Villa,Sheffield United,away,0.97258,1.888,0.0,2.0
ENG-Premier League,1920,11813,2019-12-21 15:00:00,Aston Villa,Southampton,home,0.921054,2.63444,1.0,3.0
ENG-Premier League,1920,11823,2019-12-26 15:00:00,Aston Villa,Norwich,home,0.654194,1.45005,1.0,0.0
ENG-Premier League,1920,11841,2019-12-28 15:00:00,Aston Villa,Watford,away,0.610997,3.25314,0.0,3.0
ENG-Premier League,1920,11846,2020-01-01 12:30:00,Aston Villa,Burnley,away,1.74824,2.34418,2.0,1.0
ENG-Premier League,1920,11856,2020-01-12 16:30:00,Aston Villa,Manchester City,home,1.12565,3.75131,1.0,6.0
ENG-Premier League,1920,11867,2020-01-18 15:00:00,Aston Villa,Brighton,away,1.02045,1.30028,1.0,1.0
ENG-Premier League,1920,11873,2020-01-21 19:30:00,Aston Villa,Watford,home,1.06739,1.81101,2.0,1.0
ENG-Premier League,1920,11883,2020-02-01 15:00:00,Aston Villa,Bournemouth,away,1.40955,2.72236,1.0,2.0
ENG-Premier League,1920,11894,2020-02-16 14:00:00,Aston Villa,Tottenham,home,1.71313,3.86024,2.0,3.0
ENG-Premier League,1920,11908,2020-02-22 15:00:00,Aston Villa,Southampton,away,0.47235,3.02926,0.0,2.0
ENG-Premier League,1920,11927,2020-03-09 20:00:00,Aston Villa,Leicester,away,0.672448,2.41239,0.0,4.0
ENG-Premier League,1920,11913,2020-06-17 17:00:00,Aston Villa,Sheffield United,home,1.00877,0.235909,0.0,0.0
ENG-Premier League,1920,11933,2020-06-21 15:15:00,Aston Villa,Chelsea,home,1.57223,1.14011,1.0,2.0
ENG-Premier League,1920,11949,2020-06-24 17:00:00,Aston Villa,Newcastle United,away,1.22985,0.661808,1.0,1.0
ENG-Premier League,1920,11954,2020-06-27 11:30:00,Aston Villa,Wolverhampton Wanderers,home,0.403418,0.703549,0.0,1.0
ENG-Premier League,1920,11966,2020-07-05 15:30:00,Aston Villa,Liverpool,away,0.689775,1.0837,0.0,2.0
ENG-Premier League,1920,11974,2020-07-09 19:15:00,Aston Villa,Manchester United,home,0.598873,2.86531,0.0,3.0
ENG-Premier League,1920,11983,2020-07-12 13:15:00,Aston Villa,Crystal Palace,home,1.6977,0.974181,2.0,0.0
ENG-Premier League,1920,11997,2020-07-16 17:00:00,Aston Villa,Everton,away,1.52021,0.944434,1.0,1.0
ENG-Premier League,1920,12003,2020-07-21 19:15:00,Aston Villa,Arsenal,home,0.57408,0.737137,1.0,0.0
ENG-Premier League,1920,12013,2020-07-26 15:00:00,Aston Villa,West Ham,away,0.983594,0.781465,1.0,1.0
ENG-Premier League,2021,14104,2020-09-21 17:00:00,Aston Villa,Sheffield United,home,0.80527,0.849709,1.0,0.0
ENG-Premier League,2021,14114,2020-09-28 17:00:00,Aston Villa,Fulham,away,2.03222,0.534675,3.0,0.0
ENG-Premier League,2021,14466,2020-10-04 18:15:00,Aston Villa,Liverpool,home,3.07626,1.65705,7.0,2.0
ENG-Premier League,2021,14479,2020-10-18 18:15:00,Aston Villa,Leicester,away,0.873776,0.671595,1.0,0.0
ENG-Premier League,2021,14486,2020-10-23 19:00:00,Aston Villa,Leeds,home,1.50125,2.37695,0.0,3.0
ENG-Premier League,2021,14495,2020-11-01 12:00:00,Aston Villa,Southampton,home,2.44855,1.00333,3.0,4.0
ENG-Premier League,2021,14505,2020-11-08 19:15:00,Aston Villa,Arsenal,away,1.98553,1.39037,3.0,0.0
ENG-Premier League,2021,14515,2020-11-21 15:00:00,Aston Villa,Brighton,home,1.76514,1.50038,1.0,2.0
ENG-Premier League,2021,14526,2020-11-30 20:00:00,Aston Villa,West Ham,away,2.39051,0.571633,1.0,2.0
ENG-Premier League,2021,14552,2020-12-12 12:30:00,Aston Villa,Wolverhampton Wanderers,away,1.26872,1.1356,1.0,0.0
ENG-Premier League,2021,14556,2020-12-17 18:00:00,Aston Villa,Burnley,home,1.81142,0.316737,0.0,0.0
ENG-Premier League,2021,14574,2020-12-20 19:15:00,Aston Villa,West Bromwich Albion,away,2.61964,0.0388442,3.0,0.0
ENG-Premier League,2021,14576,2020-12-26 15:00:00,Aston Villa,Crystal Palace,home,4.58214,0.849086,3.0,0.0
ENG-Premier League,2021,14586,2020-12-28 17:30:00,Aston Villa,Chelsea,away,0.730859,1.53701,1.0,1.0
ENG-Premier League,2021,14596,2021-01-01 20:00:00,Aston Villa,Manchester United,away,1.56434,2.46473,1.0,2.0
ENG-Premier League,2021,14089,2021-01-20 20:00:00,Aston Villa,Manchester City,away,0.601768,3.34385,0.0,2.0
ENG-Premier League,2021,14535,2021-01-23 20:00:00,Aston Villa,Newcastle United,home,2.6026,0.400364,2.0,0.0
ENG-Premier League,2021,14626,2021-01-27 18:00:00,Aston Villa,Burnley,away,2.70718,0.717681,2.0,3.0
ENG-Premier League,2021,14641,2021-01-30 20:00:00,Aston Villa,Southampton,away,0.795508,2.22557,1.0,0.0
ENG-Premier League,2021,14645,2021-02-03 20:15:00,Aston Villa,West Ham,home,0.741154,1.79064,1.0,3.0
ENG-Premier League,2021,14655,2021-02-06 12:30:00,Aston Villa,Arsenal,home,1.19792,0.679649,1.0,0.0
ENG-Premier League,2021,14666,2021-02-13 20:00:00,Aston Villa,Brighton,away,0.144036,2.33232,0.0,0.0
ENG-Premier League,2021,14676,2021-02-21 14:00:00,Aston Villa,Leicester,home,1.7084,1.23852,1.0,2.0
ENG-Premier League,2021,14691,2021-02-27 17:30:00,Aston Villa,Leeds,away,0.876255,1.00106,1.0,0.0
ENG-Premier League,2021,14721,2021-03-03 18:00:00,Aston Villa,Sheffield United,away,1.44176,0.716254,0.0,1.0
ENG-Premier League,2021,14695,2021-03-06 17:30:00,Aston Villa,Wolverhampton Wanderers,home,0.956392,2.15087,0.0,0.0
ENG-Premier League,2021,14712,2021-03-12 20:00:00,Aston Villa,Newcastle United,away,0.748665,0.873171,1.0,1.0
ENG-Premier League,2021,14606,2021-03-21 19:30:00,Aston Villa,Tottenham,home,0.439681,1.72011,0.0,2.0
ENG-Premier League,2021,14726,2021-04-04 15:30:00,Aston Villa,Fulham,home,1.52229,1.52172,3.0,1.0
ENG-Premier League,2021,14739,2021-04-10 14:00:00,Aston Villa,Liverpool,away,0.760621,2.14592,1.0,2.0
ENG-Premier League,2021,14746,2021-04-21 19:15:00,Aston Villa,Manchester City,home,0.801733,1.5634,1.0,2.0
ENG-Premier League,2021,14756,2021-04-25 18:00:00,Aston Villa,West Bromwich Albion,home,2.65394,1.56764,2.0,2.0
ENG-Premier League,2021,14769,2021-05-01 19:00:00,Aston Villa,Everton,away,1.58811,1.223,2.0,1.0
ENG-Premier League,2021,14776,2021-05-09 13:05:00,Aston Villa,Manchester United,home,0.565472,1.88793,1.0,3.0
ENG-Premier League,2021,14616,2021-05-13 21:00:00,Aston Villa,Everton,home,0.558976,0.975408,0.0,0.0
ENG-Premier League,2021,14794,2021-05-16 11:00:00,Aston Villa,Crystal Palace,away,1.2303,1.95285,2.0,3.0
ENG-Premier League,2021,14803,2021-05-19 17:00:00,Aston Villa,Tottenham,away,1.63669,0.89279,2.0,1.0
ENG-Premier League,2021,14806,2021-05-23 15:00:00,Aston Villa,Chelsea,home,0.980413,3.43414,2.0,1.0
ENG-Premier League,2122,16382,2021-08-14 14:00:00,Aston Villa,Watford,away,1.13718,1.35036,2.0,3.0
ENG-Premier League,2122,16388,2021-08-21 14:00:00,Aston Villa,Newcastle United,home,1.18426,0.63163,2.0,0.0
ENG-Premier League,2122,16399,2021-08-28 14:00:00,Aston Villa,Brentford,home,0.431464,1.13312,1.0,1.0
ENG-Premier League,2122,16413,2021-09-11 16:30:00,Aston Villa,Chelsea,away,1.17349,1.22153,0.0,3.0
ENG-Premier League,2122,16422,2021-09-18 16:30:00,Aston Villa,Everton,home,0.777716,0.755035,3.0,0.0
ENG-Premier League,2122,16431,2021-09-25 11:30:00,Aston Villa,Manchester United,away,1.57249,1.9251,1.0,0.0
ENG-Premier League,2122,16443,2021-10-03 13:00:00,Aston Villa,Tottenham,away,1.07395,1.78187,1.0,2.0
ENG-Premier League,2122,16447,2021-10-16 14:00:00,Aston Villa,Wolverhampton Wanderers,home,1.21276,2.19633,2.0,3.0
ENG-Premier League,2122,16456,2021-10-22 19:00:00,Aston Villa,Arsenal,away,1.41088,3.4984,1.0,3.0
ENG-Premier League,2122,16466,2021-10-31 16:30:00,Aston Villa,West Ham,home,0.687551,2.66391,1.0,4.0
ENG-Premier League,2122,16484,2021-11-05 20:00:00,Aston Villa,Southampton,away,0.536077,0.89818,0.0,1.0
ENG-Premier League,2122,16486,2021-11-20 15:00:00,Aston Villa,Brighton,home,1.06946,0.582787,2.0,0.0
ENG-Premier League,2122,16501,2021-11-27 15:00:00,Aston Villa,Crystal Palace,away,0.454305,0.962129,2.0,1.0
ENG-Premier League,2122,16506,2021-12-01 20:15:00,Aston Villa,Manchester City,home,0.772083,1.01897,1.0,2.0
ENG-Premier League,2122,16516,2021-12-05 16:30:00,Aston Villa,Leicester,home,1.84818,0.982614,2.0,1.0
ENG-Premier League,2122,16533,2021-12-11 15:00:00,Aston Villa,Liverpool,away,0.140573,2.71181,0.0,1.0
ENG-Premier League,2122,16541,2021-12-14 19:45:00,Aston Villa,Norwich,away,1.96261,0.502647,2.0,0.0
ENG-Premier League,2122,16556,2021-12-26 17:30:00,Aston Villa,Chelsea,home,0.474029,2.8285,1.0,3.0
ENG-Premier League,2122,16577,2022-01-02 14:00:00,Aston Villa,Brentford,away,1.13821,0.501329,1.0,2.0
ENG-Premier League,2122,16586,2022-01-15 17:30:00,Aston Villa,Manchester United,home,1.82784,1.35378,2.0,2.0
ENG-Premier League,2122,16600,2022-01-22 12:30:00,Aston Villa,Everton,away,0.860245,1.2384,1.0,0.0
ENG-Premier League,2122,16606,2022-02-09 20:00:00,Aston Villa,Leeds,home,1.5013,2.52914,3.0,3.0
ENG-Premier League,2122,16622,2022-02-13 14:00:00,Aston Villa,Newcastle United,away,0.455206,0.527571,0.0,1.0
ENG-Premier League,2122,16627,2022-02-19 15:00:00,Aston Villa,Watford,home,1.0267,1.82051,0.0,1.0
ENG-Premier League,2122,16638,2022-02-26 15:30:00,Aston Villa,Brighton,away,1.3027,0.627107,2.0,0.0
ENG-Premier League,2122,16646,2022-03-05 15:00:00,Aston Villa,Southampton,home,2.85379,1.32947,4.0,0.0
ENG-Premier League,2122,16572,2022-03-10 19:45:00,Aston Villa,Leeds,away,1.2729,0.194028,3.0,0.0
ENG-Premier League,2122,16665,2022-03-13 14:00:00,Aston Villa,West Ham,away,1.05391,1.58468,1.0,2.0
ENG-Premier League,2122,16666,2022-03-19 12:30:00,Aston Villa,Arsenal,home,0.309375,1.14522,0.0,1.0
ENG-Premier League,2122,16676,2022-04-02 14:00:00,Aston Villa,Wolverhampton Wanderers,away,1.91256,1.62151,1.0,2.0
ENG-Premier League,2122,16694,2022-04-09 16:30:00,Aston Villa,Tottenham,home,1.48712,0.983601,0.0,4.0
ENG-Premier League,2122,16709,2022-04-23 14:00:00,Aston Villa,Leicester,away,0.593202,0.235635,0.0,0.0
ENG-Premier League,2122,16725,2022-04-30 14:00:00,Aston Villa,Norwich,home,2.31192,0.352212,2.0,0.0
ENG-Premier League,2122,16732,2022-05-07 14:00:00,Aston Villa,Burnley,away,1.81256,1.31028,3.0,1.0
ENG-Premier League,2122,16705,2022-05-10 19:00:00,Aston Villa,Liverpool,home,1.44726,1.75417,1.0,2.0
ENG-Premier League,2122,16745,2022-05-15 13:00:00,Aston Villa,Crystal Palace,home,0.799443,1.39009,1.0,1.0
ENG-Premier League,2122,16546,2022-05-19 19:00:00,Aston Villa,Burnley,home,0.996403,1.63117,1.0,1.0
ENG-Premier League,2122,16754,2022-05-22 15:00:00,Aston Villa,Manchester City,away,0.247841,3.3209,2.0,3.0
ENG-Premier League,2223,18204,2022-08-06 14:00:00,Aston Villa,Bournemouth,away,0.488895,0.588341,0.0,2.0
ENG-Premier League,2223,18212,2022-08-13 11:30:00,Aston Villa,Everton,home,2.66696,1.37507,2.0,1.0
ENG-Premier League,2223,18223,2022-08-20 14:00:00,Aston Villa,Crystal Palace,away,0.803828,2.91137,1.0,3.0
ENG-Premier League,2223,18239,2022-08-28 13:00:00,Aston Villa,West Ham,home,0.304555,0.334589,0.0,1.0
ENG-Premier League,2223,18247,2022-08-31 18:30:00,Aston Villa,Arsenal,away,0.297168,2.79971,1.0,2.0
ENG-Premier League,2223,18258,2022-09-03 16:30:00,Aston Villa,Manchester City,home,0.279392,1.92143,1.0,1.0
ENG-Premier League,2223,18272,2022-09-16 19:00:00,Aston Villa,Southampton,home,1.34365,0.218302,1.0,0.0
ENG-Premier League,2223,18286,2022-10-02 15:30:00,Aston Villa,Leeds,away,1.89645,0.298626,0.0,0.0
ENG-Premier League,2223,18300,2022-10-10 19:00:00,Aston Villa,Nottingham Forest,away,0.657187,0.221346,1.0,1.0
ENG-Premier League,2223,18302,2022-10-16 13:00:00,Aston Villa,Chelsea,home,2.44542,1.23643,0.0,2.0
ENG-Premier League,2223,18316,2022-10-20 18:30:00,Aston Villa,Fulham,away,0.711487,2.892,0.0,3.0
ENG-Premier League,2223,18322,2022-10-23 13:00:00,Aston Villa,Brentford,home,3.45617,1.00462,4.0,0.0
ENG-Premier League,2223,18341,2022-10-29 14:00:00,Aston Villa,Newcastle United,away,0.270814,4.18808,0.0,4.0
ENG-Premier League,2223,18342,2022-11-06 14:00:00,Aston Villa,Manchester United,home,0.578563,0.517189,3.0,1.0
ENG-Premier League,2223,18353,2022-11-13 14:00:00,Aston Villa,Brighton,away,1.15437,0.829107,2.0,1.0
ENG-Premier League,2223,18363,2022-12-26 17:30:00,Aston Villa,Liverpool,home,1.69155,3.50694,1.0,3.0
ENG-Premier League,2223,18379,2023-01-01 14:00:00,Aston Villa,Tottenham,away,1.21733,0.569383,2.0,0.0
ENG-Premier League,2223,18383,2023-01-04 20:00:00,Aston Villa,Wolverhampton Wanderers,home,1.03226,0.832522,1.0,1.0
ENG-Premier League,2223,18392,2023-01-13 20:00:00,Aston Villa,Leeds,home,1.64599,2.46295,2.0,1.0
ENG-Premier League,2223,18410,2023-01-21 15:00:00,Aston Villa,Southampton,away,1.16432,0.672444,1.0,0.0
ENG-Premier League,2223,18412,2023-02-04 15:00:00,Aston Villa,Leicester,home,1.4989,2.49784,2.0,4.0
ENG-Premier League,2223,18429,2023-02-12 16:30:00,Aston Villa,Manchester City,away,0.275348,3.60987,1.0,3.0
ENG-Premier League,2223,18432,2023-02-18 12:30:00,Aston Villa,Arsenal,home,0.335752,2.85981,2.0,4.0
ENG-Premier League,2223,18444,2023-02-25 15:00:00,Aston Villa,Everton,away,2.06037,1.54109,2.0,0.0
ENG-Premier League,2223,18453,2023-03-04 15:00:00,Aston Villa,Crystal Palace,home,0.890605,0.152761,1.0,0.0
ENG-Premier League,2223,18471,2023-03-12 14:00:00,Aston Villa,West Ham,away,1.99139,2.14634,1.0,1.0
ENG-Premier League,2223,18473,2023-03-18 15:00:00,Aston Villa,Bournemouth,home,3.45474,0.50014,3.0,0.0
ENG-Premier League,2223,18485,2023-04-01 16:30:00,Aston Villa,Chelsea,away,0.765794,2.38024,2.0,0.0
ENG-Premier League,2223,18263,2023-04-04 18:45:00,Aston Villa,Leicester,away,1.00159,0.671597,2.0,1.0
ENG-Premier League,2223,18492,2023-04-08 14:00:00,Aston Villa,Nottingham Forest,home,1.42718,0.232452,2.0,0.0
ENG-Premier League,2223,18502,2023-04-15 11:30:00,Aston Villa,Newcastle United,home,1.91802,0.425086,3.0,0.0
ENG-Premier League,2223,18514,2023-04-22 14:00:00,Aston Villa,Brentford,away,1.66602,2.03162,1.0,1.0
ENG-Premier League,2223,18528,2023-04-25 18:45:00,Aston Villa,Fulham,home,0.839159,0.079864,1.0,0.0
ENG-Premier League,2223,18540,2023-04-30 13:00:00,Aston Villa,Manchester United,away,0.434738,1.3056,0.0,1.0
ENG-Premier League,2223,18551,2023-05-06 14:00:00,Aston Villa,Wolverhampton Wanderers,away,1.50158,0.80605,0.0,1.0
ENG-Premier League,2223,18553,2023-05-13 14:00:00,Aston Villa,Tottenham,home,1.79987,1.18505,2.0,1.0
ENG-Premier League,2223,18565,2023-05-20 14:00:00,Aston Villa,Liverpool,away,1.46948,0.918508,1.0,1.0
ENG-Premier League,2223,18573,2023-05-28 15:30:00,Aston Villa,Brighton,home,2.55845,1.23117,2.0,1.0
ENG-Premier League,2324,22281,2023-08-12 16:30:00,Aston Villa,Newcastle United,away,1.486,4.32208,1.0,5.0
ENG-Premier League,2324,22292,2023-08-20 13:00:00,Aston Villa,Everton,home,3.24336,0.721465,4.0,0.0
ENG-Premier League,2324,22302,2023-08-27 13:00:00,Aston Villa,Burnley,away,2.83691,0.630605,3.0,1.0
ENG-Premier League,2324,21933,2023-09-03 13:00:00,Aston Villa,Liverpool,away,0.615503,2.73138,0.0,3.0
ENG-Premier League,2324,21938,2023-09-16 14:00:00,Aston Villa,Crystal Palace,home,2.31518,1.11696,3.0,1.0
ENG-Premier League,2324,21947,2023-09-24 13:00:00,Aston Villa,Chelsea,away,1.13479,1.19716,1.0,0.0
ENG-Premier League,2324,21955,2023-09-30 11:30:00,Aston Villa,Brighton,home,1.90746,1.72819,6.0,1.0
ENG-Premier League,2324,21974,2023-10-08 13:00:00,Aston Villa,Wolverhampton Wanderers,away,1.81618,1.76232,1.0,1.0
ENG-Premier League,2324,21976,2023-10-22 15:30:00,Aston Villa,West Ham,home,2.34143,0.659622,4.0,1.0
ENG-Premier League,2324,21987,2023-10-29 14:00:00,Aston Villa,Luton,home,3.07654,0.453117,3.0,1.0
ENG-Premier League,2324,22002,2023-11-05 14:00:00,Aston Villa,Nottingham Forest,away,1.33116,0.592447,0.0,2.0
ENG-Premier League,2324,22007,2023-11-12 14:00:00,Aston Villa,Fulham,home,2.86039,0.648745,3.0,1.0
ENG-Premier League,2324,22024,2023-11-26 14:00:00,Aston Villa,Tottenham,away,2.39755,2.22542,2.0,1.0
ENG-Premier League,2324,22025,2023-12-03 14:00:00,Aston Villa,Bournemouth,away,0.89511,2.54937,2.0,2.0
ENG-Premier League,2324,22035,2023-12-06 20:15:00,Aston Villa,Manchester City,home,2.1922,1.00198,1.0,0.0
ENG-Premier League,2324,22045,2023-12-09 17:30:00,Aston Villa,Arsenal,home,0.628499,1.71667,1.0,0.0
ENG-Premier League,2324,22057,2023-12-17 14:00:00,Aston Villa,Brentford,away,1.4664,0.796812,2.0,1.0
ENG-Premier League,2324,22065,2023-12-22 20:00:00,Aston Villa,Sheffield United,home,1.21861,0.646159,1.0,1.0
ENG-Premier League,2324,22082,2023-12-26 20:00:00,Aston Villa,Manchester United,away,1.83637,1.20104,2.0,3.0
ENG-Premier League,2324,22085,2023-12-30 15:00:00,Aston Villa,Burnley,home,2.92587,1.11923,3.0,2.0
ENG-Premier League,2324,22098,2024-01-14 14:00:00,Aston Villa,Everton,away,1.3435,1.03664,0.0,0.0
ENG-Premier League,2324,22105,2024-01-30 20:15:00,Aston Villa,Newcastle United,home,1.44485,3.3224,1.0,3.0
ENG-Premier League,2324,22124,2024-02-03 17:30:00,Aston Villa,Sheffield United,away,2.99015,1.52784,5.0,0.0
ENG-Premier League,2324,22125,2024-02-11 16:30:00,Aston Villa,Manchester United,home,2.64675,2.44591,1.0,2.0
ENG-Premier League,2324,22138,2024-02-17 15:00:00,Aston Villa,Fulham,away,1.57297,1.41796,2.0,1.0
ENG-Premier League,2324,22147,2024-02-24 15:00:00,Aston Villa,Nottingham Forest,home,3.48861,2.25569,4.0,2.0
ENG-Premier League,2324,22159,2024-03-02 17:30:00,Aston Villa,Luton,away,2.08586,2.43312,3.0,2.0
ENG-Premier League,2324,22167,2024-03-10 13:00:00,Aston Villa,Tottenham,home,1.23267,2.25381,0.0,4.0
ENG-Premier League,2324,22183,2024-03-17 14:00:00,Aston Villa,West Ham,away,0.911274,1.32829,1.0,1.0
ENG-Premier League,2324,22186,2024-03-30 17:30:00,Aston Villa,Wolverhampton Wanderers,home,1.28271,1.66232,2.0,0.0
ENG-Premier League,2324,22204,2024-04-03 19:15:00,Aston Villa,Manchester City,away,1.18643,3.87704,1.0,4.0
ENG-Premier League,2324,22205,2024-04-06 14:00:00,Aston Villa,Brentford,home,1.16333,1.42064,3.0,3.0
ENG-Premier League,2324,22216,2024-04-14 15:30:00,Aston Villa,Arsenal,away,0.929049,1.89003,2.0,0.0
ENG-Premier League,2324,22225,2024-04-21 14:00:00,Aston Villa,Bournemouth,home,2.62687,2.05211,3.0,1.0
ENG-Premier League,2324,22236,2024-04-27 19:00:00,Aston Villa,Chelsea,home,0.612257,1.56401,2.0,2.0
ENG-Premier League,2324,22247,2024-05-05 13:00:00,Aston Villa,Brighton,away,0.0644055,2.63566,0.0,1.0
ENG-Premier League,2324,22256,2024-05-13 19:00:00,Aston Villa,Liverpool,home,2.71655,1.89968,3.0,3.0
ENG-Premier League,2324,22270,2024-05-19 15:00:00,Aston Villa,Crystal Palace,away,0.598846,2.23189,0.0,5.0
ENG-Premier League,2425,26608,2024-08-17 16:30:00,Aston Villa,West Ham,away,2.6703,2.8047,2.0,1.0
ENG-Premier League,2425,26618,2024-08-24 16:30:00,Aston Villa,Arsenal,home,1.31664,1.41399,0.0,2.0
ENG-Premier League,2425,26626,2024-08-31 14:00:00,Aston Villa,Leicester,away,2.16385,0.774741,2.0,1.0
ENG-Premier League,2425,26638,2024-09-14 16:30:00,Aston Villa,Everton,home,3.15876,0.852158,3.0,2.0
ENG-Premier League,2425,26647,2024-09-21 14:00:00,Aston Villa,Wolverhampton Wanderers,home,2.37351,0.520117,3.0,1.0
ENG-Premier League,2425,26659,2024-09-29 13:00:00,Aston Villa,Ipswich,away,1.14494,1.84608,2.0,2.0
ENG-Premier League,2425,26670,2024-10-06 13:00:00,Aston Villa,Manchester United,home,0.532809,0.448537,0.0,0.0
ENG-Premier League,2425,26673,2024-10-19 14:00:00,Aston Villa,Fulham,away,1.43595,2.63074,3.0,1.0
ENG-Premier League,2425,26684,2024-10-26 14:00:00,Aston Villa,Bournemouth,home,1.974,0.328651,1.0,1.0
ENG-Premier League,2425,26700,2024-11-03 14:00:00,Aston Villa,Tottenham,away,2.48749,2.09751,1.0,4.0
ENG-Premier League,2425,26707,2024-11-09 20:00:00,Aston Villa,Liverpool,away,1.66337,2.68196,0.0,2.0
ENG-Premier League,2425,26716,2024-11-23 15:00:00,Aston Villa,Crystal Palace,home,3.04455,1.61437,2.0,2.0
ENG-Premier League,2425,26724,2024-12-01 13:30:00,Aston Villa,Chelsea,away,0.875443,1.94939,0.0,3.0
ENG-Premier League,2425,26734,2024-12-04 20:15:00,Aston Villa,Brentford,home,3.21673,1.13266,3.0,1.0
ENG-Premier League,2425,26742,2024-12-07 15:00:00,Aston Villa,Southampton,home,2.51338,0.385832,1.0,0.0
ENG-Premier League,2425,26761,2024-12-14 17:30:00,Aston Villa,Nottingham Forest,away,0.389423,2.2861,1.0,2.0
ENG-Premier League,2425,26762,2024-12-21 12:30:00,Aston Villa,Manchester City,home,2.05988,1.09627,2.0,1.0
ENG-Premier League,2425,26778,2024-12-26 15:00:00,Aston Villa,Newcastle United,away,0.225522,2.82867,0.0,3.0
ENG-Premier League,2425,26782,2024-12-30 19:45:00,Aston Villa,Brighton,home,1.87997,0.938042,2.0,2.0
ENG-Premier League,2425,26793,2025-01-04 15:00:00,Aston Villa,Leicester,home,2.3456,0.81548,2.0,1.0
ENG-Premier League,2425,26804,2025-01-15 19:30:00,Aston Villa,Everton,away,1.28522,1.23126,1.0,0.0
ENG-Premier League,2425,26812,2025-01-18 17:30:00,Aston Villa,Arsenal,away,1.20602,1.64458,2.0,2.0
ENG-Premier League,2425,26823,2025-01-26 16:30:00,Aston Villa,West Ham,home,0.907851,1.67886,1.0,1.0
ENG-Premier League,2425,26841,2025-02-01 17:30:00,Aston Villa,Wolverhampton Wanderers,away,0.742809,2.00146,0.0,2.0
ENG-Premier League,2425,26842,2025-02-15 15:00:00,Aston Villa,Ipswich,home,2.89841,0.332864,1.0,1.0
ENG-Premier League,2425,26884,2025-02-19 15:00:00,Aston Villa,Liverpool,home,1.02269,2.04279,2.0,2.0
ENG-Premier League,2425,26854,2025-02-22 17:30:00,Aston Villa,Chelsea,home,2.69413,2.17418,2.0,1.0
ENG-Premier League,2425,26868,2025-02-25 19:30:00,Aston Villa,Crystal Palace,away,0.667217,4.02522,1.0,4.0
ENG-Premier League,2425,26872,2025-03-08 17:30:00,Aston Villa,Brentford,away,1.29638,0.637743,1.0,0.0
ENG-Premier League,2425,26893,2025-04-02 19:45:00,Aston Villa,Brighton,away,1.20715,0.558009,3.0,0.0
ENG-Premier League,2425,26902,2025-04-05 16:30:00,Aston Villa,Nottingham Forest,home,2.63349,0.96769,2.0,1.0
ENG-Premier League,2425,26921,2025-04-12 14:00:00,Aston Villa,Southampton,away,2.99927,0.412256,3.0,0.0
ENG-Premier League,2425,26922,2025-04-19 16:30:00,Aston Villa,Newcastle United,home,3.05371,1.27176,4.0,1.0
ENG-Premier League,2425,26937,2025-04-22 19:00:00,Aston Villa,Manchester City,away,1.85906,1.36232,1.0,2.0
ENG-Premier League,2425,26946,2025-05-03 11:30:00,Aston Villa,Fulham,home,1.29013,0.702787,1.0,0.0
ENG-Premier League,2425,26955,2025-05-10 16:30:00,Aston Villa,Bournemouth,away,1.12376,1.02272,1.0,0.0
ENG-Premier League,2425,26963,2025-05-16 18:30:00,Aston Villa,Tottenham,home,1.69061,0.523016,2.0,0.0
ENG-Premier League,2425,26974,2025-05-25 15:00:00,Aston Villa,Manchester United,away,0.335222,2.96259,0.0,2.0
ENG-Premier League,2526,28779,2025-08-16 11:30:00,Aston Villa,Newcastle United,home,0.318601,1.40098,0.0,0.0
ENG-Premier League,2526,28790,2025-08-23 14:00:00,Aston Villa,Brentford,away,0.976852,1.12964,0.0,1.0
ENG-Premier League,2526,28807,2025-08-31 18:00:00,Aston Villa,Crystal Palace,home,1.20586,2.59713,0.0,3.0
ENG-Premier League,2526,28812,2025-09-13 14:00:00,Aston Villa,Everton,away,0.354327,1.8927,0.0,0.0
ENG-Premier League,2526,28826,2025-09-21 13:00:00,Aston Villa,Sunderland,away,0.939354,0.938312,1.0,1.0
ENG-Premier League,2526,28831,2025-09-28 13:00:00,Aston Villa,Fulham,home,1.36575,0.952612,3.0,1.0
ENG-Premier League,2526,28840,2025-10-05 13:00:00,Aston Villa,Burnley,home,1.73572,0.502292,2.0,1.0
ENG-Premier League,2526,28856,2025-10-19 13:00:00,Aston Villa,Tottenham,away,0.352231,1.51461,2.0,1.0
ENG-Premier League,2526,28860,2025-10-26 13:00:00,Aston Villa,Manchester City,home,0.843906,1.36914,1.0,0.0
ENG-Premier League,2526,28872,2025-11-01 20:00:00,Aston Villa,Liverpool,away,0.43502,1.47021,0.0,2.0
ENG-Premier League,2526,28878,2025-11-09 14:00:00,Aston Villa,Bournemouth,home,1.88282,2.00992,4.0,0.0
ENG-Premier League,2526,28893,2025-11-23 14:00:00,Aston Villa,Leeds,away,1.35978,1.84668,2.0,1.0
ENG-Premier League,2526,28898,2025-11-30 14:05:00,Aston Villa,Wolverhampton Wanderers,home,1.15486,0.692588,1.0,0.0
ENG-Premier League,2526,28910,2025-12-03 19:30:00,Aston Villa,Brighton,away,3.15745,1.96298,4.0,3.0
ENG-Premier League,2526,28919,2025-12-06 12:30:00,Aston Villa,Arsenal,home,2.71986,1.85965,2.0,1.0
ENG-Premier League,2526,28937,2025-12-14 14:00:00,Aston Villa,West Ham,away,0.595093,1.27701,3.0,2.0
ENG-Premier League,2526,28939,2025-12-21 16:30:00,Aston Villa,Manchester United,home,1.86917,1.30455,2.0,1.0
ENG-Premier League,2526,28951,2025-12-27 17:30:00,Aston Villa,Chelsea,away,2.05918,1.97155,2.0,1.0
ENG-Premier League,2526,28958,2025-12-30 20:15:00,Aston Villa,Arsenal,away,2.94195,4.41335,1.0,4.0
ENG-Premier League,2526,28972,2026-01-03 12:30:00,Aston Villa,Nottingham Forest,home,1.42988,0.8982,3.0,1.0
ENG-Premier League,2526,28983,2026-01-07 19:30:00,Aston Villa,Crystal Palace,away,2.07015,1.32505,0.0,0.0
ENG-Premier League,2526,28988,2026-01-18 16:30:00,Aston Villa,Everton,home,0.905393,0.745859,0.0,1.0
ENG-Premier League,2526,29006,2026-01-25 14:00:00,Aston Villa,Newcastle United,away,1.32143,1.95484,2.0,0.0
ENG-Premier League,2526,29008,2026-02-01 14:00:00,Aston Villa,Brentford,home,2.15316,0.314916,0.0,1.0
ENG-Premier League,2526,29018,2026-02-07 15:00:00,Aston Villa,Bournemouth,away,0.646496,1.82646,1.0,1.0
ENG-Premier League,2526,29028,2026-02-11 19:30:00,Aston Villa,Brighton,home,0.576138,0.481306,1.0,0.0
ENG-Premier League,2526,29038,2026-02-21 15:00:00,Aston Villa,Leeds,home,1.25439,1.27855,1.0,1.0
ENG-Premier League,2526,29057,2026-02-27 20:00:00,Aston Villa,Wolverhampton Wanderers,away,1.31328,1.50771,0.0,2.0
ENG-Premier League,2526,29059,2026-03-04 19:30:00,Aston Villa,Chelsea,home,1.06854,3.38883,1.0,4.0
ENG-Premier League,2526,29074,2026-03-15 14:00:00,Aston Villa,Manchester United,away,1.21071,1.67823,1.0,3.0
ENG-Premier League,2526,29079,2026-03-22 14:15:00,Aston Villa,West Ham,home,2.48528,0.760054,2.0,0.0
ENG-Premier League,2526,29089,2026-04-12 13:00:00,Aston Villa,Nottingham Forest,away,1.36297,0.85045,1.0,1.0
ENG-Premier League,2526,29098,2026-04-19 13:00:00,Aston Villa,Sunderland,home,3.90223,1.56008,4.0,3.0
ENG-Premier League,2526,29112,2026-04-25 11:30:00,Aston Villa,Fulham,away,0.906156,1.24069,0.0,1.0
ENG-Premier League,2526,29120,2026-05-03 19:00:00,Aston Villa,Tottenham,home,0.609494,1.12225,1.0,2.0
ENG-Premier League,2526,29129,2026-05-10 14:00:00,Aston Villa,Burnley,away,1.75493,1.71234,2.0,2.0
ENG-Premier League,2526,29140,2026-05-15 20:00:00,Aston Villa,Liverpool,home,2.5252,1.55027,4.0,2.0
ENG-Premier League,2526,29153,2026-05-24 15:00:00,Aston Villa,Manchester City,away,2.4397,1.38085,2.0,1.0
ENG-Premier League,1920,11645,2019-08-10 15:00:00,Bournemouth,Sheffield United,home,1.34099,1.59864,1.0,1.0
ENG-Premier League,1920,11654,2019-08-17 15:00:00,Bournemouth,Aston Villa,away,1.62777,1.65069,2.0,1.0
ENG-Premier League,1920,11671,2019-08-25 14:00:00,Bournemouth,Manchester City,home,1.89345,3.12856,1.0,3.0
ENG-Premier League,1920,11677,2019-08-31 15:00:00,Bournemouth,Leicester,away,0.554726,2.23766,1.0,3.0
ENG-Premier League,1920,11690,2019-09-15 13:00:00,Bournemouth,Everton,home,1.41542,1.50641,3.0,1.0
ENG-Premier League,1920,11693,2019-09-20 19:00:00,Bournemouth,Southampton,away,1.29773,2.18021,3.0,1.0
ENG-Premier League,1920,11707,2019-09-28 14:00:00,Bournemouth,West Ham,home,2.31957,1.29546,2.0,2.0
ENG-Premier League,1920,11722,2019-10-06 14:00:00,Bournemouth,Arsenal,away,0.683967,1.24109,0.0,1.0
ENG-Premier League,1920,11724,2019-10-19 15:00:00,Bournemouth,Norwich,home,0.675554,0.402873,0.0,0.0
ENG-Premier League,1920,11741,2019-10-26 15:00:00,Bournemouth,Watford,away,0.899526,0.674903,0.0,0.0
ENG-Premier League,1920,11745,2019-11-02 12:30:00,Bournemouth,Manchester United,home,1.86862,0.641129,1.0,0.0
ENG-Premier League,1920,11756,2019-11-09 15:00:00,Bournemouth,Newcastle United,away,1.9213,2.3306,1.0,2.0
ENG-Premier League,1920,11765,2019-11-23 15:00:00,Bournemouth,Wolverhampton Wanderers,home,0.849789,1.2765,1.0,2.0
ENG-Premier League,1920,11779,2019-11-30 15:00:00,Bournemouth,Tottenham,away,1.02949,2.93189,2.0,3.0
ENG-Premier League,1920,11791,2019-12-03 19:30:00,Bournemouth,Crystal Palace,away,0.342799,0.383763,0.0,1.0
ENG-Premier League,1920,11794,2019-12-07 15:00:00,Bournemouth,Liverpool,home,0.154608,3.04446,0.0,3.0
ENG-Premier League,1920,11805,2019-12-14 15:00:00,Bournemouth,Chelsea,away,1.20777,2.02119,1.0,0.0
ENG-Premier League,1920,11814,2019-12-21 15:00:00,Bournemouth,Burnley,home,0.138532,0.144318,0.0,1.0
ENG-Premier League,1920,11824,2019-12-26 15:00:00,Bournemouth,Arsenal,home,1.55463,1.42464,1.0,1.0
ENG-Premier League,1920,11834,2019-12-28 12:30:00,Bournemouth,Brighton,away,0.500726,1.05876,0.0,2.0
ENG-Premier League,1920,11843,2020-01-01 17:30:00,Bournemouth,West Ham,away,0.720709,2.32825,0.0,4.0
ENG-Premier League,1920,11857,2020-01-12 14:00:00,Bournemouth,Watford,home,0.320447,2.29827,0.0,3.0
ENG-Premier League,1920,11869,2020-01-18 15:00:00,Bournemouth,Norwich,away,0.558298,1.76046,0.0,1.0
ENG-Premier League,1920,11878,2020-01-21 19:30:00,Bournemouth,Brighton,home,1.92315,1.97227,3.0,1.0
ENG-Premier League,1920,11883,2020-02-01 15:00:00,Bournemouth,Aston Villa,home,2.72236,1.40955,2.0,1.0
ENG-Premier League,1920,11900,2020-02-09 14:00:00,Bournemouth,Sheffield United,away,1.07183,2.04467,1.0,2.0
ENG-Premier League,1920,11907,2020-02-22 15:00:00,Bournemouth,Burnley,away,1.75718,3.09935,0.0,3.0
ENG-Premier League,1920,11914,2020-02-29 15:00:00,Bournemouth,Chelsea,home,1.58495,1.98271,2.0,2.0
ENG-Premier League,1920,11928,2020-03-07 12:30:00,Bournemouth,Liverpool,away,1.29544,1.89453,1.0,2.0
ENG-Premier League,1920,11942,2020-06-20 18:45:00,Bournemouth,Crystal Palace,home,0.363637,0.788453,0.0,2.0
ENG-Premier League,1920,11947,2020-06-24 17:00:00,Bournemouth,Wolverhampton Wanderers,away,0.0619009,0.715002,0.0,1.0
ENG-Premier League,1920,11955,2020-07-01 17:00:00,Bournemouth,Newcastle United,home,1.27503,2.23457,1.0,4.0
ENG-Premier League,1920,11967,2020-07-04 14:00:00,Bournemouth,Manchester United,away,1.52161,2.63259,2.0,5.0
ENG-Premier League,1920,11975,2020-07-09 17:00:00,Bournemouth,Tottenham,home,0.960349,0.479274,0.0,0.0
ENG-Premier League,1920,11984,2020-07-12 18:00:00,Bournemouth,Leicester,home,2.54311,1.66084,4.0,1.0
ENG-Premier League,1920,11999,2020-07-15 17:00:00,Bournemouth,Manchester City,away,1.66635,0.82755,1.0,2.0
ENG-Premier League,1920,12004,2020-07-19 13:00:00,Bournemouth,Southampton,home,0.583117,2.24527,0.0,2.0
ENG-Premier League,1920,12019,2020-07-26 15:00:00,Bournemouth,Everton,away,1.46461,1.74699,3.0,1.0
ENG-Premier League,2223,18204,2022-08-06 14:00:00,Bournemouth,Aston Villa,home,0.588341,0.488895,2.0,0.0
ENG-Premier League,2223,18214,2022-08-13 14:00:00,Bournemouth,Manchester City,away,0.123946,1.69064,0.0,4.0
ENG-Premier League,2223,18227,2022-08-20 16:30:00,Bournemouth,Arsenal,home,0.211335,1.71081,0.0,3.0
ENG-Premier League,2223,18236,2022-08-27 14:00:00,Bournemouth,Liverpool,away,0.180991,4.86035,0.0,9.0
ENG-Premier League,2223,18248,2022-08-31 18:30:00,Bournemouth,Wolverhampton Wanderers,home,0.362035,1.53246,0.0,0.0
ENG-Premier League,2223,18254,2022-09-03 14:00:00,Bournemouth,Nottingham Forest,away,0.905041,1.32895,3.0,2.0
ENG-Premier League,2223,18275,2022-09-17 14:00:00,Bournemouth,Newcastle United,away,0.976948,1.54758,1.0,1.0
ENG-Premier League,2223,18283,2022-10-01 14:00:00,Bournemouth,Brentford,home,0.758128,1.046,0.0,0.0
ENG-Premier League,2223,18293,2022-10-08 14:00:00,Bournemouth,Leicester,home,1.14891,1.18125,2.0,1.0
ENG-Premier League,2223,18304,2022-10-15 14:00:00,Bournemouth,Fulham,away,1.62829,1.61738,2.0,2.0
ENG-Premier League,2223,18313,2022-10-19 18:30:00,Bournemouth,Southampton,home,0.810452,1.23878,0.0,1.0
ENG-Premier League,2223,18330,2022-10-24 19:00:00,Bournemouth,West Ham,away,0.730443,1.97715,0.0,2.0
ENG-Premier League,2223,18333,2022-10-29 14:00:00,Bournemouth,Tottenham,home,0.887533,2.1946,2.0,3.0
ENG-Premier League,2223,18345,2022-11-05 15:00:00,Bournemouth,Leeds,away,1.55594,2.22532,3.0,4.0
ENG-Premier League,2223,18352,2022-11-12 15:00:00,Bournemouth,Everton,home,2.45642,0.768756,3.0,0.0
ENG-Premier League,2223,18365,2022-12-27 17:30:00,Bournemouth,Chelsea,away,0.44307,1.91378,0.0,2.0
ENG-Premier League,2223,18372,2022-12-31 15:00:00,Bournemouth,Crystal Palace,home,0.895819,1.75264,0.0,2.0
ENG-Premier League,2223,18390,2023-01-03 20:00:00,Bournemouth,Manchester United,away,0.679022,2.97383,0.0,3.0
ENG-Premier League,2223,18393,2023-01-14 17:30:00,Bournemouth,Brentford,away,0.269283,1.29815,0.0,2.0
ENG-Premier League,2223,18403,2023-01-21 15:00:00,Bournemouth,Nottingham Forest,home,1.80549,1.57544,1.0,1.0
ENG-Premier League,2223,18414,2023-02-04 15:00:00,Bournemouth,Brighton,away,0.908298,2.55696,0.0,1.0
ENG-Premier League,2223,18423,2023-02-11 17:30:00,Bournemouth,Newcastle United,home,1.54458,1.54853,1.0,1.0
ENG-Premier League,2223,18441,2023-02-18 15:00:00,Bournemouth,Wolverhampton Wanderers,away,1.15274,0.911415,1.0,0.0
ENG-Premier League,2223,18442,2023-02-25 17:30:00,Bournemouth,Manchester City,home,1.08527,2.98206,1.0,4.0
ENG-Premier League,2223,18452,2023-03-04 15:00:00,Bournemouth,Arsenal,away,1.74267,2.46279,2.0,3.0
ENG-Premier League,2223,18462,2023-03-11 12:30:00,Bournemouth,Liverpool,home,1.10128,2.13465,1.0,0.0
ENG-Premier League,2223,18473,2023-03-18 15:00:00,Bournemouth,Aston Villa,away,0.50014,3.45474,0.0,3.0
ENG-Premier League,2223,18483,2023-04-01 14:00:00,Bournemouth,Fulham,home,3.14054,0.601049,2.0,1.0
ENG-Premier League,2223,18266,2023-04-04 18:45:00,Bournemouth,Brighton,home,1.15322,2.63392,0.0,2.0
ENG-Premier League,2223,18496,2023-04-08 14:00:00,Bournemouth,Leicester,away,1.92396,0.731965,1.0,0.0
ENG-Premier League,2223,18509,2023-04-15 14:00:00,Bournemouth,Tottenham,away,1.20598,2.30604,3.0,2.0
ENG-Premier League,2223,18513,2023-04-23 13:00:00,Bournemouth,West Ham,home,0.974687,2.52322,0.0,4.0
ENG-Premier League,2223,18530,2023-04-27 18:45:00,Bournemouth,Southampton,away,0.988554,0.477034,1.0,0.0
ENG-Premier League,2223,18533,2023-04-30 13:00:00,Bournemouth,Leeds,home,2.51723,1.33691,4.0,1.0
ENG-Premier League,2223,18542,2023-05-06 14:00:00,Bournemouth,Chelsea,home,1.21755,1.76852,1.0,3.0
ENG-Premier League,2223,18556,2023-05-13 14:00:00,Bournemouth,Crystal Palace,away,0.262022,1.40237,0.0,2.0
ENG-Premier League,2223,18562,2023-05-20 14:00:00,Bournemouth,Manchester United,home,0.815723,1.71783,0.0,1.0
ENG-Premier League,2223,18577,2023-05-28 15:30:00,Bournemouth,Everton,away,0.432084,1.12933,0.0,1.0
ENG-Premier League,2324,22277,2023-08-12 14:00:00,Bournemouth,West Ham,home,1.51025,1.4834,1.0,1.0
ENG-Premier League,2324,22288,2023-08-19 14:00:00,Bournemouth,Liverpool,away,1.3867,3.25448,1.0,3.0
ENG-Premier League,2324,22296,2023-08-26 11:30:00,Bournemouth,Tottenham,home,0.483582,2.26115,0.0,2.0
ENG-Premier League,2324,21928,2023-09-02 14:00:00,Bournemouth,Brentford,away,2.11013,3.07185,2.0,2.0
ENG-Premier League,2324,21942,2023-09-17 13:00:00,Bournemouth,Chelsea,home,1.32515,1.39677,0.0,0.0
ENG-Premier League,2324,21951,2023-09-24 13:00:00,Bournemouth,Brighton,away,1.58984,2.14533,1.0,3.0
ENG-Premier League,2324,21959,2023-09-30 14:00:00,Bournemouth,Arsenal,home,0.644443,4.0742,0.0,4.0
ENG-Premier League,2324,21969,2023-10-07 14:00:00,Bournemouth,Everton,away,0.981732,3.16482,0.0,3.0
ENG-Premier League,2324,21975,2023-10-21 14:00:00,Bournemouth,Wolverhampton Wanderers,home,1.01839,2.30454,1.0,2.0
ENG-Premier League,2324,21985,2023-10-28 14:00:00,Bournemouth,Burnley,home,1.10052,0.90255,2.0,1.0
ENG-Premier League,2324,22000,2023-11-04 15:00:00,Bournemouth,Manchester City,away,0.643127,2.39949,1.0,6.0
ENG-Premier League,2324,22005,2023-11-11 17:30:00,Bournemouth,Newcastle United,home,2.78424,0.306141,2.0,0.0
ENG-Premier League,2324,22023,2023-11-25 15:00:00,Bournemouth,Sheffield United,away,3.13975,0.816227,3.0,1.0
ENG-Premier League,2324,22025,2023-12-03 14:00:00,Bournemouth,Aston Villa,home,2.54937,0.89511,2.0,2.0
ENG-Premier League,2324,22043,2023-12-06 19:30:00,Bournemouth,Crystal Palace,away,1.79997,1.26441,2.0,0.0
ENG-Premier League,2324,22051,2023-12-09 15:00:00,Bournemouth,Manchester United,away,1.9742,1.11296,3.0,0.0
ENG-Premier League,2324,22070,2023-12-23 15:00:00,Bournemouth,Nottingham Forest,away,1.89067,0.791806,3.0,2.0
ENG-Premier League,2324,22075,2023-12-26 15:00:00,Bournemouth,Fulham,home,2.07911,0.324365,3.0,0.0
ENG-Premier League,2324,22092,2023-12-31 14:00:00,Bournemouth,Tottenham,away,1.58229,2.15027,1.0,3.0
ENG-Premier League,2324,22102,2024-01-21 16:30:00,Bournemouth,Liverpool,home,0.834585,1.53344,0.0,4.0
ENG-Premier League,2324,22110,2024-02-01 19:30:00,Bournemouth,West Ham,away,1.13487,1.3128,1.0,1.0
ENG-Premier League,2324,22115,2024-02-04 14:00:00,Bournemouth,Nottingham Forest,home,1.1895,0.456548,1.0,1.0
ENG-Premier League,2324,22127,2024-02-10 15:00:00,Bournemouth,Fulham,away,2.60612,1.7456,1.0,3.0
ENG-Premier League,2324,22141,2024-02-17 15:00:00,Bournemouth,Newcastle United,away,2.08098,2.38425,2.0,2.0
ENG-Premier League,2324,22145,2024-02-24 17:30:00,Bournemouth,Manchester City,home,0.925889,1.79636,0.0,1.0
ENG-Premier League,2324,22156,2024-03-03 13:00:00,Bournemouth,Burnley,away,1.43616,1.60461,2.0,0.0
ENG-Premier League,2324,22165,2024-03-09 15:00:00,Bournemouth,Sheffield United,home,3.92657,1.91752,2.0,2.0
ENG-Premier League,2324,25861,2024-03-13 19:30:00,Bournemouth,Luton,home,2.84403,2.79419,4.0,3.0
ENG-Premier League,2324,22185,2024-03-30 15:00:00,Bournemouth,Everton,home,1.39268,0.93378,2.0,1.0
ENG-Premier League,2324,22195,2024-04-02 18:45:00,Bournemouth,Crystal Palace,home,1.30969,0.174389,1.0,0.0
ENG-Premier League,2324,22210,2024-04-06 14:00:00,Bournemouth,Luton,away,0.616108,1.30478,1.0,2.0
ENG-Premier League,2324,22215,2024-04-13 16:30:00,Bournemouth,Manchester United,home,2.38519,1.52274,2.0,2.0
ENG-Premier League,2324,22225,2024-04-21 14:00:00,Bournemouth,Aston Villa,away,2.05211,2.62687,1.0,3.0
ENG-Premier League,2324,22184,2024-04-24 18:45:00,Bournemouth,Wolverhampton Wanderers,away,2.40311,0.484454,1.0,0.0
ENG-Premier League,2324,22235,2024-04-28 13:00:00,Bournemouth,Brighton,home,2.48132,1.35682,3.0,0.0
ENG-Premier League,2324,22245,2024-05-04 11:30:00,Bournemouth,Arsenal,away,0.4687,3.91372,0.0,3.0
ENG-Premier League,2324,22255,2024-05-11 14:00:00,Bournemouth,Brentford,home,1.07237,1.92722,1.0,2.0
ENG-Premier League,2324,22269,2024-05-19 15:00:00,Bournemouth,Chelsea,away,2.002,1.59771,1.0,2.0
ENG-Premier League,2425,26607,2024-08-17 14:00:00,Bournemouth,Nottingham Forest,away,1.90915,1.24405,1.0,1.0
ENG-Premier League,2425,26620,2024-08-25 13:00:00,Bournemouth,Newcastle United,home,2.53513,1.89287,1.0,1.0
ENG-Premier League,2425,26624,2024-08-31 14:00:00,Bournemouth,Everton,away,2.95688,2.55629,3.0,2.0
ENG-Premier League,2425,26639,2024-09-14 19:00:00,Bournemouth,Chelsea,home,1.53731,0.932726,0.0,1.0
ENG-Premier League,2425,26645,2024-09-21 14:00:00,Bournemouth,Liverpool,away,1.46979,2.43731,0.0,3.0
ENG-Premier League,2425,26661,2024-09-30 19:00:00,Bournemouth,Southampton,home,1.44215,0.696068,3.0,1.0
ENG-Premier League,2425,26663,2024-10-05 14:00:00,Bournemouth,Leicester,away,1.94963,0.912063,0.0,1.0
ENG-Premier League,2425,26680,2024-10-19 16:30:00,Bournemouth,Arsenal,home,2.18419,0.740758,2.0,0.0
ENG-Premier League,2425,26684,2024-10-26 14:00:00,Bournemouth,Aston Villa,away,0.328651,1.974,1.0,1.0
ENG-Premier League,2425,26692,2024-11-02 15:00:00,Bournemouth,Manchester City,home,2.4493,2.3527,2.0,1.0
ENG-Premier League,2425,26702,2024-11-09 15:00:00,Bournemouth,Brentford,away,2.49234,1.56474,2.0,3.0
ENG-Premier League,2425,26712,2024-11-23 15:00:00,Bournemouth,Brighton,home,1.91157,1.23059,1.0,2.0
ENG-Premier League,2425,26731,2024-11-30 15:00:00,Bournemouth,Wolverhampton Wanderers,away,3.07901,0.866034,4.0,2.0
ENG-Premier League,2425,26732,2024-12-05 20:15:00,Bournemouth,Tottenham,home,3.27716,0.623934,1.0,0.0
ENG-Premier League,2425,26750,2024-12-08 14:00:00,Bournemouth,Ipswich,away,3.49127,1.5668,2.0,1.0
ENG-Premier League,2425,26754,2024-12-16 20:00:00,Bournemouth,West Ham,home,2.04842,1.81827,1.0,1.0
ENG-Premier League,2425,26769,2024-12-22 14:00:00,Bournemouth,Manchester United,away,1.82831,2.28533,3.0,0.0
ENG-Premier League,2425,26772,2024-12-26 15:00:00,Bournemouth,Crystal Palace,home,1.20189,0.500066,0.0,0.0
ENG-Premier League,2425,26786,2024-12-29 15:00:00,Bournemouth,Fulham,away,1.70692,0.961566,2.0,2.0
ENG-Premier League,2425,26792,2025-01-04 15:00:00,Bournemouth,Everton,home,2.61852,0.561015,1.0,0.0
ENG-Premier League,2425,26809,2025-01-14 19:30:00,Bournemouth,Chelsea,away,1.14845,2.53808,2.0,2.0
ENG-Premier League,2425,26819,2025-01-18 12:30:00,Bournemouth,Newcastle United,away,2.70174,0.837801,4.0,1.0
ENG-Premier League,2425,26822,2025-01-25 15:00:00,Bournemouth,Nottingham Forest,home,2.8254,0.996166,5.0,0.0
ENG-Premier League,2425,26832,2025-02-01 15:00:00,Bournemouth,Liverpool,home,1.65273,2.7219,0.0,2.0
ENG-Premier League,2425,26849,2025-02-15 15:00:00,Bournemouth,Southampton,away,2.08722,0.974418,3.0,1.0
ENG-Premier League,2425,26852,2025-02-22 15:00:00,Bournemouth,Wolverhampton Wanderers,home,0.629691,2.10124,0.0,1.0
ENG-Premier League,2425,26863,2025-02-25 19:30:00,Bournemouth,Brighton,away,1.70169,2.57927,1.0,2.0
ENG-Premier League,2425,26879,2025-03-09 14:00:00,Bournemouth,Tottenham,away,2.22536,1.35053,2.0,2.0
ENG-Premier League,2425,26882,2025-03-15 17:30:00,Bournemouth,Brentford,home,2.02714,1.60321,1.0,2.0
ENG-Premier League,2425,26896,2025-04-02 19:45:00,Bournemouth,Ipswich,home,1.99637,1.41263,1.0,2.0
ENG-Premier League,2425,26911,2025-04-05 14:00:00,Bournemouth,West Ham,away,1.94869,0.907832,2.0,2.0
ENG-Premier League,2425,26912,2025-04-14 19:00:00,Bournemouth,Fulham,home,1.8577,1.07203,1.0,0.0
ENG-Premier League,2425,26924,2025-04-19 14:00:00,Bournemouth,Crystal Palace,away,0.664093,0.337818,0.0,0.0
ENG-Premier League,2425,26932,2025-04-27 13:00:00,Bournemouth,Manchester United,home,0.60995,1.91039,1.0,1.0
ENG-Premier League,2425,26945,2025-05-03 16:30:00,Bournemouth,Arsenal,away,1.41783,2.05484,2.0,1.0
ENG-Premier League,2425,26955,2025-05-10 16:30:00,Bournemouth,Aston Villa,home,1.02272,1.12376,0.0,1.0
ENG-Premier League,2425,26970,2025-05-20 19:00:00,Bournemouth,Manchester City,away,0.962014,1.59779,1.0,3.0
ENG-Premier League,2425,26979,2025-05-25 15:00:00,Bournemouth,Leicester,home,2.72449,0.156702,2.0,0.0
ENG-Premier League,2526,28778,2025-08-15 19:00:00,Bournemouth,Liverpool,away,1.57303,2.33007,2.0,4.0
ENG-Premier League,2526,28792,2025-08-23 14:00:00,Bournemouth,Wolverhampton Wanderers,home,1.78462,0.373367,1.0,0.0
ENG-Premier League,2526,28799,2025-08-30 14:00:00,Bournemouth,Tottenham,away,2.1201,0.17067,1.0,0.0
ENG-Premier League,2526,28810,2025-09-13 14:00:00,Bournemouth,Brighton,home,1.44187,0.624923,2.0,1.0
ENG-Premier League,2526,28823,2025-09-21 13:00:00,Bournemouth,Newcastle United,home,0.55066,0.153629,0.0,0.0
ENG-Premier League,2526,28832,2025-09-27 14:00:00,Bournemouth,Leeds,away,1.06033,2.04728,2.0,2.0
ENG-Premier League,2526,28838,2025-10-03 19:00:00,Bournemouth,Fulham,home,1.33458,0.84335,3.0,1.0
ENG-Premier League,2526,28850,2025-10-18 14:00:00,Bournemouth,Crystal Palace,away,2.0471,4.56284,3.0,3.0
ENG-Premier League,2526,28858,2025-10-26 13:00:00,Bournemouth,Nottingham Forest,home,0.656601,0.305493,2.0,0.0
ENG-Premier League,2526,28873,2025-11-02 16:30:00,Bournemouth,Manchester City,away,0.899846,2.48999,1.0,3.0
ENG-Premier League,2526,28878,2025-11-09 14:00:00,Bournemouth,Aston Villa,away,2.00992,1.88282,0.0,4.0
ENG-Premier League,2526,28888,2025-11-22 15:00:00,Bournemouth,West Ham,home,3.48299,0.390782,2.0,2.0
ENG-Premier League,2526,28905,2025-11-29 15:00:00,Bournemouth,Sunderland,away,1.79274,1.16955,2.0,3.0
ENG-Premier League,2526,28908,2025-12-02 19:30:00,Bournemouth,Everton,home,0.635415,1.19573,0.0,1.0
ENG-Premier League,2526,28918,2025-12-06 15:00:00,Bournemouth,Chelsea,home,1.41931,0.672602,0.0,0.0
ENG-Premier League,2526,28934,2025-12-15 20:00:00,Bournemouth,Manchester United,away,2.35196,3.21204,4.0,4.0
ENG-Premier League,2526,28938,2025-12-20 15:00:00,Bournemouth,Burnley,home,1.81847,0.480528,1.0,1.0
ENG-Premier League,2526,28949,2025-12-27 15:00:00,Bournemouth,Brentford,away,2.56183,2.8513,1.0,4.0
ENG-Premier League,2526,28961,2025-12-30 19:30:00,Bournemouth,Chelsea,away,3.49142,2.33294,2.0,2.0
ENG-Premier League,2526,28971,2026-01-03 17:30:00,Bournemouth,Arsenal,home,0.947846,1.28,2.0,3.0
ENG-Premier League,2526,28979,2026-01-07 19:30:00,Bournemouth,Tottenham,home,1.19014,1.6261,3.0,2.0
ENG-Premier League,2526,28989,2026-01-19 20:00:00,Bournemouth,Brighton,away,1.69737,0.995777,1.0,1.0
ENG-Premier League,2526,28998,2026-01-24 17:30:00,Bournemouth,Liverpool,home,3.31474,0.937335,3.0,2.0
ENG-Premier League,2526,29017,2026-01-31 15:00:00,Bournemouth,Wolverhampton Wanderers,away,1.59116,2.10353,2.0,0.0
ENG-Premier League,2526,29018,2026-02-07 15:00:00,Bournemouth,Aston Villa,home,1.82646,0.646496,1.0,1.0
ENG-Premier League,2526,29032,2026-02-10 19:30:00,Bournemouth,Everton,away,1.4121,2.33114,2.0,1.0
ENG-Premier League,2526,29047,2026-02-21 17:30:00,Bournemouth,West Ham,away,0.522731,2.34412,0.0,0.0
ENG-Premier League,2526,29048,2026-02-28 12:30:00,Bournemouth,Sunderland,home,1.82434,1.07887,1.0,1.0
ENG-Premier League,2526,29058,2026-03-03 19:30:00,Bournemouth,Brentford,home,2.3177,0.673328,0.0,0.0
ENG-Premier League,2526,29070,2026-03-14 15:00:00,Bournemouth,Burnley,away,2.36979,1.67695,0.0,0.0
ENG-Premier League,2526,29078,2026-03-20 20:00:00,Bournemouth,Manchester United,home,1.76664,1.74574,2.0,2.0
ENG-Premier League,2526,29092,2026-04-11 11:30:00,Bournemouth,Arsenal,away,1.39461,3.16346,2.0,1.0
ENG-Premier League,2526,29105,2026-04-18 14:00:00,Bournemouth,Newcastle United,away,3.36662,1.61167,2.0,1.0
ENG-Premier League,2526,29108,2026-04-22 19:00:00,Bournemouth,Leeds,home,1.91355,1.21601,2.0,2.0
ENG-Premier League,2526,29118,2026-05-03 14:00:00,Bournemouth,Crystal Palace,home,2.29626,0.678329,3.0,0.0
ENG-Premier League,2526,29131,2026-05-09 15:00:00,Bournemouth,Fulham,away,0.998003,1.24334,1.0,0.0
ENG-Premier League,2526,29138,2026-05-19 19:30:00,Bournemouth,Manchester City,home,1.71486,1.26917,1.0,1.0
ENG-Premier League,2526,29154,2026-05-24 15:00:00,Bournemouth,Nottingham Forest,away,1.33684,2.05852,1.0,1.0
ENG-Premier League,2122,16376,2021-08-13 19:00:00,Brentford,Arsenal,home,1.88818,1.02385,2.0,0.0
ENG-Premier League,2122,16389,2021-08-21 14:00:00,Brentford,Crystal Palace,away,0.712439,0.606313,0.0,0.0
ENG-Premier League,2122,16399,2021-08-28 14:00:00,Brentford,Aston Villa,away,1.13312,0.431464,1.0,1.0
ENG-Premier League,2122,16408,2021-09-11 14:00:00,Brentford,Brighton,home,0.729786,0.287902,0.0,1.0
ENG-Premier League,2122,16417,2021-09-18 11:30:00,Brentford,Wolverhampton Wanderers,away,2.32741,1.02316,2.0,0.0
ENG-Premier League,2122,16432,2021-09-25 16:30:00,Brentford,Liverpool,home,2.94058,2.25736,3.0,3.0
ENG-Premier League,2122,16444,2021-10-03 13:00:00,Brentford,West Ham,away,1.30098,1.37258,2.0,1.0
ENG-Premier League,2122,16448,2021-10-16 16:30:00,Brentford,Chelsea,home,1.62169,0.248256,0.0,1.0
ENG-Premier League,2122,16457,2021-10-24 13:00:00,Brentford,Leicester,home,1.16789,1.00254,1.0,2.0
ENG-Premier League,2122,16467,2021-10-30 14:00:00,Brentford,Burnley,away,0.834312,2.72901,1.0,3.0
ENG-Premier League,2122,16477,2021-11-06 15:00:00,Brentford,Norwich,home,2.79229,1.15797,1.0,2.0
ENG-Premier League,2122,16491,2021-11-20 15:00:00,Brentford,Newcastle United,away,1.23275,2.18388,3.0,3.0
ENG-Premier League,2122,16497,2021-11-28 14:00:00,Brentford,Everton,home,1.19813,0.968075,1.0,0.0
ENG-Premier League,2122,16515,2021-12-02 19:30:00,Brentford,Tottenham,away,0.225492,2.07248,0.0,2.0
ENG-Premier League,2122,16518,2021-12-05 14:00:00,Brentford,Leeds,away,1.19959,1.41896,2.0,2.0
ENG-Premier League,2122,16527,2021-12-10 20:00:00,Brentford,Watford,home,1.82799,0.561554,2.0,1.0
ENG-Premier League,2122,16557,2021-12-26 20:00:00,Brentford,Brighton,away,1.10342,0.943363,0.0,2.0
ENG-Premier League,2122,16567,2021-12-29 20:15:00,Brentford,Manchester City,home,0.238829,1.01763,0.0,1.0
ENG-Premier League,2122,16577,2022-01-02 14:00:00,Brentford,Aston Villa,home,0.501329,1.13821,2.0,1.0
ENG-Premier League,2122,16551,2022-01-11 21:45:00,Brentford,Southampton,away,0.621466,1.59306,1.0,4.0
ENG-Premier League,2122,16589,2022-01-16 14:00:00,Brentford,Liverpool,away,0.376656,3.49099,0.0,3.0
ENG-Premier League,2122,16537,2022-01-19 20:00:00,Brentford,Manchester United,home,2.081,2.05969,1.0,3.0
ENG-Premier League,2122,16597,2022-01-22 15:00:00,Brentford,Wolverhampton Wanderers,home,0.742573,0.218211,1.0,2.0
ENG-Premier League,2122,16615,2022-02-09 19:45:00,Brentford,Manchester City,away,0.461305,1.98246,0.0,2.0
ENG-Premier League,2122,16616,2022-02-12 15:00:00,Brentford,Crystal Palace,home,1.97576,0.49802,0.0,0.0
ENG-Premier League,2122,16626,2022-02-19 15:00:00,Brentford,Arsenal,away,0.640726,1.52247,1.0,2.0
ENG-Premier League,2122,16637,2022-02-26 15:00:00,Brentford,Newcastle United,home,0.494232,2.25373,0.0,2.0
ENG-Premier League,2122,16652,2022-03-05 15:00:00,Brentford,Norwich,away,2.22064,0.77334,3.0,1.0
ENG-Premier League,2122,16657,2022-03-12 15:00:00,Brentford,Burnley,home,1.82002,0.825311,2.0,0.0
ENG-Premier League,2122,16668,2022-03-20 14:00:00,Brentford,Leicester,away,1.72466,1.27865,1.0,2.0
ENG-Premier League,2122,16683,2022-04-02 14:00:00,Brentford,Chelsea,away,2.43422,1.29014,4.0,1.0
ENG-Premier League,2122,16693,2022-04-10 13:00:00,Brentford,West Ham,home,1.85534,0.244824,2.0,0.0
ENG-Premier League,2122,16698,2022-04-16 14:00:00,Brentford,Watford,away,2.12457,1.50381,2.0,1.0
ENG-Premier League,2122,16714,2022-04-23 16:30:00,Brentford,Tottenham,home,1.3153,0.517755,0.0,0.0
ENG-Premier League,2122,16722,2022-05-02 19:00:00,Brentford,Manchester United,away,0.681425,1.84111,0.0,3.0
ENG-Premier League,2122,16734,2022-05-07 14:00:00,Brentford,Southampton,home,3.68223,0.988574,3.0,0.0
ENG-Premier League,2122,16744,2022-05-15 15:30:00,Brentford,Everton,away,1.81626,2.69589,3.0,2.0
ENG-Premier League,2122,16747,2022-05-22 15:00:00,Brentford,Leeds,home,0.844985,1.47786,1.0,2.0
ENG-Premier League,2223,18210,2022-08-07 13:00:00,Brentford,Leicester,away,0.931067,0.455695,2.0,2.0
ENG-Premier League,2223,18218,2022-08-13 16:30:00,Brentford,Manchester United,home,1.38785,0.896038,4.0,0.0
ENG-Premier League,2223,18225,2022-08-20 14:00:00,Brentford,Fulham,away,1.59352,2.89934,2.0,3.0
ENG-Premier League,2223,18233,2022-08-27 14:00:00,Brentford,Everton,home,2.28391,1.65465,1.0,1.0
ENG-Premier League,2223,18243,2022-08-30 18:30:00,Brentford,Crystal Palace,away,1.61808,0.777363,1.0,1.0
ENG-Premier League,2223,18257,2022-09-03 14:00:00,Brentford,Leeds,home,2.7485,1.796,5.0,2.0
ENG-Premier League,2223,18280,2022-09-18 11:00:00,Brentford,Arsenal,home,0.54011,1.32021,0.0,3.0
ENG-Premier League,2223,18283,2022-10-01 14:00:00,Brentford,Bournemouth,away,1.046,0.758128,0.0,0.0
ENG-Premier League,2223,18299,2022-10-08 14:00:00,Brentford,Newcastle United,away,1.13466,2.44631,1.0,5.0
ENG-Premier League,2223,18303,2022-10-14 19:00:00,Brentford,Brighton,home,1.90636,2.15668,2.0,0.0
ENG-Premier League,2223,18314,2022-10-19 18:30:00,Brentford,Chelsea,home,1.45228,0.557405,0.0,0.0
ENG-Premier League,2223,18322,2022-10-23 13:00:00,Brentford,Aston Villa,away,1.00462,3.45617,0.0,4.0
ENG-Premier League,2223,18334,2022-10-29 14:00:00,Brentford,Wolverhampton Wanderers,home,1.29257,0.557605,1.0,1.0
ENG-Premier League,2223,18347,2022-11-05 15:00:00,Brentford,Nottingham Forest,away,1.2204,1.29696,2.0,2.0
ENG-Premier League,2223,18356,2022-11-12 12:30:00,Brentford,Manchester City,away,3.29012,1.605,2.0,1.0
ENG-Premier League,2223,18364,2022-12-26 12:30:00,Brentford,Tottenham,home,2.25263,0.883787,2.0,2.0
ENG-Premier League,2223,18380,2022-12-30 19:45:00,Brentford,West Ham,away,1.51436,1.13979,2.0,0.0
ENG-Premier League,2223,18384,2023-01-02 17:30:00,Brentford,Liverpool,home,2.0991,2.10461,3.0,1.0
ENG-Premier League,2223,18393,2023-01-14 17:30:00,Brentford,Bournemouth,home,1.29815,0.269283,2.0,0.0
ENG-Premier League,2223,18406,2023-01-22 14:00:00,Brentford,Leeds,away,0.17114,0.374736,0.0,0.0
ENG-Premier League,2223,18413,2023-02-04 15:00:00,Brentford,Southampton,home,2.36747,0.644385,3.0,0.0
ENG-Premier League,2223,18422,2023-02-11 15:00:00,Brentford,Arsenal,away,2.17538,1.36738,1.0,1.0
ENG-Premier League,2223,18433,2023-02-18 15:00:00,Brentford,Crystal Palace,home,0.610105,1.12202,1.0,1.0
ENG-Premier League,2223,18454,2023-03-06 20:00:00,Brentford,Fulham,home,2.44358,1.67531,3.0,2.0
ENG-Premier League,2223,18464,2023-03-11 15:00:00,Brentford,Everton,away,1.95088,1.71599,0.0,1.0
ENG-Premier League,2223,18265,2023-03-15 19:30:00,Brentford,Southampton,away,1.66591,0.358977,2.0,0.0
ENG-Premier League,2223,18474,2023-03-18 15:00:00,Brentford,Leicester,home,0.476467,1.42133,1.0,1.0
ENG-Premier League,2223,18484,2023-04-01 14:00:00,Brentford,Brighton,away,1.2788,3.8195,3.0,3.0
ENG-Premier League,2223,18448,2023-04-05 19:00:00,Brentford,Manchester United,away,0.64499,1.1445,0.0,1.0
ENG-Premier League,2223,18493,2023-04-08 14:00:00,Brentford,Newcastle United,home,2.06521,1.02337,1.0,2.0
ENG-Premier League,2223,18511,2023-04-15 14:00:00,Brentford,Wolverhampton Wanderers,away,1.5133,0.93912,0.0,2.0
ENG-Premier League,2223,18514,2023-04-22 14:00:00,Brentford,Aston Villa,home,2.03162,1.66602,1.0,1.0
ENG-Premier League,2223,18529,2023-04-26 18:45:00,Brentford,Chelsea,away,0.695344,1.21124,2.0,0.0
ENG-Premier League,2223,18534,2023-04-29 14:00:00,Brentford,Nottingham Forest,home,1.32059,0.939693,2.0,1.0
ENG-Premier League,2223,18545,2023-05-06 16:30:00,Brentford,Liverpool,away,0.183892,1.992,0.0,1.0
ENG-Premier League,2223,18554,2023-05-14 13:00:00,Brentford,West Ham,home,4.42571,0.203312,2.0,0.0
ENG-Premier League,2223,18569,2023-05-20 11:30:00,Brentford,Tottenham,away,1.15344,1.61667,3.0,1.0
ENG-Premier League,2223,18574,2023-05-28 15:30:00,Brentford,Manchester City,home,1.43893,1.18649,1.0,0.0
ENG-Premier League,2324,22282,2023-08-13 13:00:00,Brentford,Tottenham,home,1.90756,1.45316,2.0,2.0
ENG-Premier League,2324,22287,2023-08-19 14:00:00,Brentford,Fulham,away,3.46888,0.399899,3.0,0.0
ENG-Premier League,2324,22298,2023-08-26 14:00:00,Brentford,Crystal Palace,home,0.948011,1.06061,1.0,1.0
ENG-Premier League,2324,21928,2023-09-02 14:00:00,Brentford,Bournemouth,home,3.07185,2.11013,2.0,2.0
ENG-Premier League,2324,21943,2023-09-16 16:30:00,Brentford,Newcastle United,away,0.633678,1.50126,0.0,1.0
ENG-Premier League,2324,21949,2023-09-23 16:30:00,Brentford,Everton,home,1.57402,2.51497,1.0,3.0
ENG-Premier League,2324,21963,2023-10-01 13:00:00,Brentford,Nottingham Forest,away,1.75862,0.800317,1.0,1.0
ENG-Premier League,2324,21972,2023-10-07 14:00:00,Brentford,Manchester United,away,1.02509,1.29356,1.0,2.0
ENG-Premier League,2324,21977,2023-10-21 14:00:00,Brentford,Burnley,home,3.15685,0.693129,3.0,0.0
ENG-Premier League,2324,21989,2023-10-28 11:30:00,Brentford,Chelsea,away,2.48137,1.71801,2.0,0.0
ENG-Premier League,2324,21995,2023-11-04 15:00:00,Brentford,West Ham,home,1.82944,1.75505,3.0,2.0
ENG-Premier League,2324,22011,2023-11-12 14:00:00,Brentford,Liverpool,away,1.44954,1.56004,0.0,3.0
ENG-Premier League,2324,22015,2023-11-25 17:30:00,Brentford,Arsenal,home,1.66315,1.82699,0.0,1.0
ENG-Premier League,2324,22027,2023-12-02 15:00:00,Brentford,Luton,home,3.25952,0.227176,3.0,1.0
ENG-Premier League,2324,22036,2023-12-06 19:30:00,Brentford,Brighton,away,1.22007,1.54099,1.0,2.0
ENG-Premier League,2324,22052,2023-12-09 15:00:00,Brentford,Sheffield United,away,0.644638,0.841976,0.0,1.0
ENG-Premier League,2324,22057,2023-12-17 14:00:00,Brentford,Aston Villa,home,0.796812,1.4664,1.0,2.0
ENG-Premier League,2324,22077,2023-12-27 19:30:00,Brentford,Wolverhampton Wanderers,home,2.59347,1.89483,1.0,4.0
ENG-Premier League,2324,22086,2023-12-30 15:00:00,Brentford,Crystal Palace,away,1.28731,1.61057,1.0,3.0
ENG-Premier League,2324,22104,2024-01-20 17:30:00,Brentford,Nottingham Forest,home,1.94219,1.22251,3.0,2.0
ENG-Premier League,2324,22109,2024-01-31 19:30:00,Brentford,Tottenham,away,1.59637,3.36194,2.0,3.0
ENG-Premier League,2324,22117,2024-02-05 20:00:00,Brentford,Manchester City,home,0.865741,2.10785,1.0,3.0
ENG-Premier League,2324,22134,2024-02-10 15:00:00,Brentford,Wolverhampton Wanderers,away,1.84908,1.05781,2.0,0.0
ENG-Premier League,2324,22135,2024-02-17 12:30:00,Brentford,Liverpool,home,1.69518,3.08952,1.0,4.0
ENG-Premier League,2324,22074,2024-02-20 18:30:00,Brentford,Manchester City,away,0.503799,2.53766,0.0,1.0
ENG-Premier League,2324,22153,2024-02-26 20:00:00,Brentford,West Ham,away,1.33683,2.06873,2.0,4.0
ENG-Premier League,2324,22155,2024-03-02 15:00:00,Brentford,Chelsea,home,2.4732,2.1523,2.0,2.0
ENG-Premier League,2324,22166,2024-03-09 17:30:00,Brentford,Arsenal,away,0.733239,1.59369,1.0,2.0
ENG-Premier League,2324,22177,2024-03-16 15:00:00,Brentford,Burnley,away,1.25123,2.69776,1.0,2.0
ENG-Premier League,2324,22187,2024-03-30 20:00:00,Brentford,Manchester United,home,3.16487,0.989565,1.0,1.0
ENG-Premier League,2324,22200,2024-04-03 18:30:00,Brentford,Brighton,home,0.423299,1.22404,0.0,0.0
ENG-Premier League,2324,22205,2024-04-06 14:00:00,Brentford,Aston Villa,away,1.42064,1.16333,3.0,3.0
ENG-Premier League,2324,22217,2024-04-13 14:00:00,Brentford,Sheffield United,home,1.09071,0.834498,2.0,0.0
ENG-Premier League,2324,22230,2024-04-20 14:00:00,Brentford,Luton,away,3.7809,0.497799,5.0,1.0
ENG-Premier League,2324,22237,2024-04-27 16:30:00,Brentford,Everton,away,0.956356,1.21399,0.0,1.0
ENG-Premier League,2324,22246,2024-05-04 14:00:00,Brentford,Fulham,home,0.809379,1.45579,0.0,0.0
ENG-Premier League,2324,22255,2024-05-11 14:00:00,Brentford,Bournemouth,away,1.92722,1.07237,2.0,1.0
ENG-Premier League,2324,22266,2024-05-19 15:00:00,Brentford,Newcastle United,home,1.70157,3.65044,2.0,4.0
ENG-Premier League,2425,26609,2024-08-18 13:00:00,Brentford,Crystal Palace,home,1.38064,1.14757,2.0,1.0
ENG-Premier League,2425,26621,2024-08-25 15:30:00,Brentford,Liverpool,away,0.457239,2.71877,0.0,2.0
ENG-Premier League,2425,26623,2024-08-31 14:00:00,Brentford,Southampton,home,3.86281,1.64713,3.0,1.0
ENG-Premier League,2425,26637,2024-09-14 14:00:00,Brentford,Manchester City,away,1.05094,1.55279,1.0,2.0
ENG-Premier League,2425,26648,2024-09-21 14:00:00,Brentford,Tottenham,away,0.893565,3.89481,1.0,3.0
ENG-Premier League,2425,26656,2024-09-28 14:00:00,Brentford,West Ham,home,0.370222,0.878617,1.0,1.0
ENG-Premier League,2425,26667,2024-10-05 14:00:00,Brentford,Wolverhampton Wanderers,home,4.13513,0.696254,5.0,3.0
ENG-Premier League,2425,26675,2024-10-19 14:00:00,Brentford,Manchester United,away,0.892843,1.76555,1.0,2.0
ENG-Premier League,2425,26685,2024-10-26 14:00:00,Brentford,Ipswich,home,4.09663,1.65698,4.0,3.0
ENG-Premier League,2425,26693,2024-11-04 20:00:00,Brentford,Fulham,away,0.739231,1.43017,1.0,2.0
ENG-Premier League,2425,26702,2024-11-09 15:00:00,Brentford,Bournemouth,home,1.56474,2.49234,3.0,2.0
ENG-Premier League,2425,26715,2024-11-23 15:00:00,Brentford,Everton,away,1.34314,1.5951,0.0,0.0
ENG-Premier League,2425,26722,2024-11-30 15:00:00,Brentford,Leicester,home,2.21885,0.907555,4.0,1.0
ENG-Premier League,2425,26734,2024-12-04 20:15:00,Brentford,Aston Villa,away,1.13266,3.21673,1.0,3.0
ENG-Premier League,2425,26743,2024-12-07 15:00:00,Brentford,Newcastle United,home,1.746,1.95645,4.0,2.0
ENG-Premier League,2425,26757,2024-12-15 19:00:00,Brentford,Chelsea,away,1.65861,2.59146,1.0,2.0
ENG-Premier League,2425,26766,2024-12-21 15:00:00,Brentford,Nottingham Forest,home,0.769004,0.964897,0.0,2.0
ENG-Premier League,2425,26774,2024-12-27 19:30:00,Brentford,Brighton,away,0.961233,1.33538,0.0,0.0
ENG-Premier League,2425,26783,2025-01-01 17:30:00,Brentford,Arsenal,home,0.272604,1.99848,1.0,3.0
ENG-Premier League,2425,26799,2025-01-04 15:00:00,Brentford,Southampton,away,5.54874,0.249614,5.0,0.0
ENG-Premier League,2425,26803,2025-01-14 19:30:00,Brentford,Manchester City,home,2.39088,2.65315,2.0,2.0
ENG-Premier League,2425,26813,2025-01-18 15:00:00,Brentford,Liverpool,home,1.20021,4.16249,0.0,2.0
ENG-Premier League,2425,26825,2025-01-26 14:00:00,Brentford,Crystal Palace,away,1.92037,1.23177,2.0,1.0
ENG-Premier League,2425,26834,2025-02-02 14:00:00,Brentford,Tottenham,home,1.66475,0.945355,0.0,2.0
ENG-Premier League,2425,26851,2025-02-15 15:00:00,Brentford,West Ham,away,1.96499,0.673466,1.0,0.0
ENG-Premier League,2425,26858,2025-02-21 20:00:00,Brentford,Leicester,away,2.03465,0.727901,4.0,0.0
ENG-Premier League,2425,26862,2025-02-26 19:30:00,Brentford,Everton,home,1.34009,1.44955,1.0,1.0
ENG-Premier League,2425,26872,2025-03-08 17:30:00,Brentford,Aston Villa,home,0.637743,1.29638,0.0,1.0
ENG-Premier League,2425,26882,2025-03-15 17:30:00,Brentford,Bournemouth,away,1.60321,2.02714,2.0,1.0
ENG-Premier League,2425,26899,2025-04-02 19:45:00,Brentford,Newcastle United,away,1.53201,2.26584,1.0,2.0
ENG-Premier League,2425,26903,2025-04-06 13:00:00,Brentford,Chelsea,home,1.36123,1.47829,0.0,0.0
ENG-Premier League,2425,26913,2025-04-12 16:30:00,Brentford,Arsenal,away,0.588583,0.767369,1.0,1.0
ENG-Premier League,2425,26923,2025-04-19 14:00:00,Brentford,Brighton,home,2.95516,1.24107,4.0,2.0
ENG-Premier League,2425,26939,2025-05-01 18:30:00,Brentford,Nottingham Forest,away,1.52054,0.670607,2.0,0.0
ENG-Premier League,2425,26947,2025-05-04 13:00:00,Brentford,Manchester United,home,3.58737,1.13404,4.0,3.0
ENG-Premier League,2425,26954,2025-05-10 14:00:00,Brentford,Ipswich,away,1.32077,0.717433,1.0,0.0
ENG-Premier League,2425,26964,2025-05-18 14:00:00,Brentford,Fulham,home,2.43045,1.61741,2.0,3.0
ENG-Premier League,2425,26978,2025-05-25 15:00:00,Brentford,Wolverhampton Wanderers,away,1.97196,1.10889,1.0,1.0
ENG-Premier League,2526,28785,2025-08-17 13:00:00,Brentford,Nottingham Forest,away,1.32516,1.7555,1.0,3.0
ENG-Premier League,2526,28790,2025-08-23 14:00:00,Brentford,Aston Villa,home,1.12964,0.976852,1.0,0.0
ENG-Premier League,2526,28801,2025-08-30 14:00:00,Brentford,Sunderland,away,1.44604,1.57127,1.0,2.0
ENG-Premier League,2526,28815,2025-09-13 19:00:00,Brentford,Chelsea,home,1.17533,0.755999,2.0,2.0
ENG-Premier League,2526,28825,2025-09-20 19:00:00,Brentford,Fulham,away,0.826556,1.52431,1.0,3.0
ENG-Premier League,2526,28828,2025-09-27 11:30:00,Brentford,Manchester United,home,2.78726,2.23609,3.0,1.0
ENG-Premier League,2526,28841,2025-10-05 15:30:00,Brentford,Manchester City,home,0.693758,1.09647,0.0,1.0
ENG-Premier League,2526,28857,2025-10-20 19:00:00,Brentford,West Ham,away,3.46635,0.260251,2.0,0.0
ENG-Premier League,2526,28861,2025-10-25 19:00:00,Brentford,Liverpool,home,3.27126,2.11838,3.0,2.0
ENG-Premier League,2526,28870,2025-11-01 15:00:00,Brentford,Crystal Palace,away,0.820498,0.734558,0.0,2.0
ENG-Premier League,2526,28879,2025-11-09 14:00:00,Brentford,Newcastle United,home,2.73729,0.432277,3.0,1.0
ENG-Premier League,2526,28890,2025-11-22 15:00:00,Brentford,Brighton,away,2.19979,0.977488,1.0,2.0
ENG-Premier League,2526,28899,2025-11-29 15:00:00,Brentford,Burnley,home,3.72106,0.874025,3.0,1.0
ENG-Premier League,2526,28909,2025-12-03 19:30:00,Brentford,Arsenal,away,0.588716,2.63126,0.0,2.0
ENG-Premier League,2526,28926,2025-12-06 15:00:00,Brentford,Tottenham,away,0.470563,2.42388,0.0,2.0
ENG-Premier League,2526,28929,2025-12-14 16:30:00,Brentford,Leeds,home,0.697006,1.63409,1.0,1.0
ENG-Premier League,2526,28947,2025-12-20 15:00:00,Brentford,Wolverhampton Wanderers,away,1.56309,1.26823,2.0,0.0
ENG-Premier League,2526,28949,2025-12-27 15:00:00,Brentford,Bournemouth,home,2.8513,2.56183,4.0,1.0
ENG-Premier League,2526,28959,2026-01-01 20:00:00,Brentford,Tottenham,home,0.556304,0.608309,0.0,0.0
ENG-Premier League,2526,28974,2026-01-04 15:00:00,Brentford,Everton,away,3.05179,1.00566,4.0,2.0
ENG-Premier League,2526,28981,2026-01-07 19:30:00,Brentford,Sunderland,home,3.86096,1.50644,3.0,0.0
ENG-Premier League,2526,28990,2026-01-17 15:00:00,Brentford,Chelsea,away,1.47521,1.62263,0.0,2.0
ENG-Premier League,2526,29000,2026-01-25 14:00:00,Brentford,Nottingham Forest,home,2.00413,1.38958,0.0,2.0
ENG-Premier League,2526,29008,2026-02-01 14:00:00,Brentford,Aston Villa,away,0.314916,2.15316,1.0,0.0
ENG-Premier League,2526,29026,2026-02-07 17:30:00,Brentford,Newcastle United,away,1.65022,3.3215,3.0,2.0
ENG-Premier League,2526,29029,2026-02-12 20:00:00,Brentford,Arsenal,home,1.81154,0.78418,1.0,1.0
ENG-Premier League,2526,29039,2026-02-21 15:00:00,Brentford,Brighton,home,1.69023,1.37203,0.0,2.0
ENG-Premier League,2526,29051,2026-02-28 15:00:00,Brentford,Burnley,away,2.44595,0.823824,4.0,3.0
ENG-Premier League,2526,29058,2026-03-03 19:30:00,Brentford,Bournemouth,away,0.673328,2.3177,0.0,0.0
ENG-Premier League,2526,29069,2026-03-16 20:00:00,Brentford,Wolverhampton Wanderers,home,2.7966,1.80044,2.0,2.0
ENG-Premier League,2526,29083,2026-03-21 20:00:00,Brentford,Leeds,away,0.302221,0.417296,0.0,0.0
ENG-Premier League,2526,29093,2026-04-11 14:00:00,Brentford,Everton,home,2.26302,1.57033,2.0,2.0
ENG-Premier League,2526,29099,2026-04-18 11:30:00,Brentford,Fulham,home,2.33552,0.790707,0.0,0.0
ENG-Premier League,2526,29114,2026-04-27 19:00:00,Brentford,Manchester United,away,1.30383,1.84852,1.0,2.0
ENG-Premier League,2526,29121,2026-05-02 15:00:00,Brentford,West Ham,home,2.27374,0.753895,3.0,0.0
ENG-Premier League,2526,29133,2026-05-09 17:30:00,Brentford,Manchester City,away,0.670038,4.37429,0.0,3.0
ENG-Premier League,2526,29141,2026-05-17 15:00:00,Brentford,Crystal Palace,home,1.54564,1.82274,2.0,2.0
ENG-Premier League,2526,29152,2026-05-24 15:00:00,Brentford,Liverpool,away,1.46082,2.99412,1.0,1.0
ENG-Premier League,1920,11648,2019-08-10 15:00:00,Brighton,Watford,away,0.855516,0.670022,3.0,0.0
ENG-Premier League,1920,11655,2019-08-17 15:00:00,Brighton,West Ham,home,2.40461,1.00856,1.0,1.0
ENG-Premier League,1920,11666,2019-08-24 15:00:00,Brighton,Southampton,home,0.997711,2.07795,0.0,2.0
ENG-Premier League,1920,11678,2019-08-31 15:00:00,Brighton,Manchester City,away,0.861035,2.30818,0.0,4.0
ENG-Premier League,1920,11685,2019-09-14 14:00:00,Brighton,Burnley,home,1.68545,0.341654,1.0,1.0
ENG-Premier League,1920,11699,2019-09-21 16:30:00,Brighton,Newcastle United,away,1.21592,1.09807,0.0,0.0
ENG-Premier League,1920,11708,2019-09-28 14:00:00,Brighton,Chelsea,away,0.616263,4.26443,0.0,2.0
ENG-Premier League,1920,11713,2019-10-05 12:30:00,Brighton,Tottenham,home,2.60017,0.478504,3.0,0.0
ENG-Premier League,1920,11723,2019-10-19 15:00:00,Brighton,Aston Villa,away,1.32184,2.96692,1.0,2.0
ENG-Premier League,1920,11734,2019-10-26 15:00:00,Brighton,Everton,home,1.15279,1.04723,3.0,2.0
ENG-Premier League,1920,11746,2019-11-02 15:00:00,Brighton,Norwich,home,2.65496,0.455082,2.0,0.0
ENG-Premier League,1920,11761,2019-11-10 14:00:00,Brighton,Manchester United,away,1.1342,3.65299,1.0,3.0
ENG-Premier League,1920,11766,2019-11-23 15:00:00,Brighton,Leicester,home,0.784706,3.50917,0.0,2.0
ENG-Premier League,1920,11776,2019-11-30 15:00:00,Brighton,Liverpool,away,0.867601,1.36832,1.0,2.0
ENG-Premier League,1920,11783,2019-12-05 20:15:00,Brighton,Arsenal,away,1.53446,0.965377,2.0,1.0
ENG-Premier League,1920,11795,2019-12-08 16:30:00,Brighton,Wolverhampton Wanderers,home,0.951621,1.87208,2.0,2.0
ENG-Premier League,1920,11806,2019-12-16 19:45:00,Brighton,Crystal Palace,away,2.48355,0.484859,1.0,1.0
ENG-Premier League,1920,11815,2019-12-21 15:00:00,Brighton,Sheffield United,home,0.428371,1.65933,0.0,1.0
ENG-Premier League,1920,11831,2019-12-26 12:30:00,Brighton,Tottenham,away,1.09007,1.02645,1.0,2.0
ENG-Premier League,1920,11834,2019-12-28 12:30:00,Brighton,Bournemouth,home,1.05876,0.500726,2.0,0.0
ENG-Premier League,1920,11845,2020-01-01 12:30:00,Brighton,Chelsea,home,1.56978,1.57497,1.0,1.0
ENG-Premier League,1920,11860,2020-01-11 15:00:00,Brighton,Everton,away,1.53324,2.02533,0.0,1.0
ENG-Premier League,1920,11867,2020-01-18 15:00:00,Brighton,Aston Villa,home,1.30028,1.02045,1.0,1.0
ENG-Premier League,1920,11878,2020-01-21 19:30:00,Brighton,Bournemouth,away,1.97227,1.92315,1.0,3.0
ENG-Premier League,1920,11892,2020-02-01 15:00:00,Brighton,West Ham,away,2.03179,1.30774,3.0,3.0
ENG-Premier League,1920,11895,2020-02-08 17:30:00,Brighton,Watford,home,0.76201,0.280048,1.0,1.0
ENG-Premier League,1920,11909,2020-02-22 15:00:00,Brighton,Sheffield United,away,1.06035,1.6597,1.0,1.0
ENG-Premier League,1920,11915,2020-02-29 12:30:00,Brighton,Crystal Palace,home,1.78712,2.17159,0.0,1.0
ENG-Premier League,1920,11931,2020-03-07 15:00:00,Brighton,Wolverhampton Wanderers,away,0.308874,0.898221,0.0,0.0
ENG-Premier League,1920,11941,2020-06-20 14:00:00,Brighton,Arsenal,home,0.670973,0.69627,2.0,1.0
ENG-Premier League,1920,11945,2020-06-23 17:00:00,Brighton,Leicester,away,1.10227,0.505486,0.0,0.0
ENG-Premier League,1920,11956,2020-06-30 19:15:00,Brighton,Manchester United,home,0.31013,1.20903,0.0,3.0
ENG-Premier League,1920,11969,2020-07-04 11:30:00,Brighton,Norwich,away,0.903046,0.545069,1.0,0.0
ENG-Premier League,1920,11976,2020-07-08 19:15:00,Brighton,Liverpool,home,2.3646,2.61624,1.0,3.0
ENG-Premier League,1920,11985,2020-07-11 19:00:00,Brighton,Manchester City,home,0.149588,5.51767,0.0,5.0
ENG-Premier League,1920,12002,2020-07-16 19:15:00,Brighton,Southampton,away,0.67264,2.33745,1.0,1.0
ENG-Premier League,1920,12005,2020-07-20 17:00:00,Brighton,Newcastle United,home,0.855896,0.929091,0.0,0.0
ENG-Premier League,1920,12022,2020-07-26 15:00:00,Brighton,Burnley,away,1.3696,1.44244,2.0,1.0
ENG-Premier League,2021,14095,2020-09-14 19:15:00,Brighton,Chelsea,home,1.44281,1.27062,1.0,3.0
ENG-Premier League,2021,14101,2020-09-20 13:00:00,Brighton,Newcastle United,away,1.8766,0.520678,3.0,0.0
ENG-Premier League,2021,14106,2020-09-26 11:30:00,Brighton,Manchester United,home,2.97659,1.57583,2.0,3.0
ENG-Premier League,2021,14468,2020-10-03 14:00:00,Brighton,Everton,away,1.16568,2.34034,2.0,4.0
ENG-Premier League,2021,14476,2020-10-18 13:00:00,Brighton,Crystal Palace,away,1.0935,0.761169,1.0,1.0
ENG-Premier League,2021,14487,2020-10-26 17:30:00,Brighton,West Bromwich Albion,home,0.546807,0.295654,1.0,1.0
ENG-Premier League,2021,14503,2020-11-01 19:15:00,Brighton,Tottenham,away,0.324457,1.97236,1.0,2.0
ENG-Premier League,2021,14506,2020-11-06 17:30:00,Brighton,Burnley,home,1.59022,0.326933,0.0,0.0
ENG-Premier League,2021,14515,2020-11-21 15:00:00,Brighton,Aston Villa,away,1.50038,1.76514,2.0,1.0
ENG-Premier League,2021,14528,2020-11-28 12:30:00,Brighton,Liverpool,home,2.30722,0.28109,1.0,1.0
ENG-Premier League,2021,14536,2020-12-07 20:00:00,Brighton,Southampton,home,2.03376,1.34801,1.0,2.0
ENG-Premier League,2021,14553,2020-12-13 19:15:00,Brighton,Leicester,away,0.791673,1.64351,0.0,3.0
ENG-Premier League,2021,14557,2020-12-16 20:00:00,Brighton,Fulham,away,0.462456,1.00448,0.0,0.0
ENG-Premier League,2021,14565,2020-12-20 12:00:00,Brighton,Sheffield United,home,2.90097,1.03713,1.0,1.0
ENG-Premier League,2021,14583,2020-12-27 14:15:00,Brighton,West Ham,away,1.50551,1.38877,2.0,2.0
ENG-Premier League,2021,14585,2020-12-29 18:00:00,Brighton,Arsenal,home,0.799368,1.31394,0.0,1.0
ENG-Premier League,2021,14601,2021-01-02 17:30:00,Brighton,Wolverhampton Wanderers,home,2.4228,1.81856,3.0,3.0
ENG-Premier League,2021,14614,2021-01-13 18:00:00,Brighton,Manchester City,away,0.177084,2.90855,0.0,1.0
ENG-Premier League,2021,14618,2021-01-16 15:00:00,Brighton,Leeds,away,1.14424,0.245193,1.0,0.0
ENG-Premier League,2021,14625,2021-01-27 19:30:00,Brighton,Fulham,home,2.29129,0.513226,0.0,0.0
ENG-Premier League,2021,14636,2021-01-31 19:15:00,Brighton,Tottenham,home,1.77386,0.372524,1.0,0.0
ENG-Premier League,2021,14654,2021-02-03 20:15:00,Brighton,Liverpool,away,1.18977,1.09518,1.0,0.0
ENG-Premier League,2021,14656,2021-02-06 15:00:00,Brighton,Burnley,away,0.612682,1.88934,1.0,1.0
ENG-Premier League,2021,14666,2021-02-13 20:00:00,Brighton,Aston Villa,home,2.33232,0.144036,0.0,0.0
ENG-Premier League,2021,14677,2021-02-22 20:00:00,Brighton,Crystal Palace,home,2.59204,0.179886,1.0,2.0
ENG-Premier League,2021,14692,2021-02-27 15:00:00,Brighton,West Bromwich Albion,away,3.12111,0.687091,0.0,1.0
ENG-Premier League,2021,14696,2021-03-06 20:00:00,Brighton,Leicester,home,0.75471,1.03801,1.0,2.0
ENG-Premier League,2021,14713,2021-03-14 12:00:00,Brighton,Southampton,away,0.895967,1.03495,2.0,1.0
ENG-Premier League,2021,14715,2021-03-20 20:00:00,Brighton,Newcastle United,home,0.951921,0.100945,3.0,0.0
ENG-Premier League,2021,14731,2021-04-04 18:30:00,Brighton,Manchester United,away,1.41071,1.73474,1.0,2.0
ENG-Premier League,2021,14735,2021-04-12 19:15:00,Brighton,Everton,home,1.16465,0.306287,0.0,0.0
ENG-Premier League,2021,14747,2021-04-20 19:00:00,Brighton,Chelsea,away,0.459568,0.807348,0.0,0.0
ENG-Premier League,2021,14762,2021-04-24 19:00:00,Brighton,Sheffield United,away,2.06038,0.786324,0.0,1.0
ENG-Premier League,2021,14765,2021-05-01 14:00:00,Brighton,Leeds,home,2.52542,0.510874,2.0,0.0
ENG-Premier League,2021,14784,2021-05-09 11:00:00,Brighton,Wolverhampton Wanderers,away,0.27571,1.1199,1.0,2.0
ENG-Premier League,2021,14785,2021-05-15 19:00:00,Brighton,West Ham,home,0.922587,1.92378,1.0,1.0
ENG-Premier League,2021,14795,2021-05-18 18:00:00,Brighton,Manchester City,home,1.22824,1.07139,3.0,2.0
ENG-Premier League,2021,14805,2021-05-23 15:00:00,Brighton,Arsenal,away,0.193968,0.772904,0.0,2.0
ENG-Premier League,2122,16378,2021-08-14 14:00:00,Brighton,Burnley,away,1.6853,1.79548,2.0,1.0
ENG-Premier League,2122,16391,2021-08-21 16:30:00,Brighton,Watford,home,1.77896,0.407224,2.0,0.0
ENG-Premier League,2122,16400,2021-08-28 14:00:00,Brighton,Everton,home,0.701622,1.54868,0.0,2.0
ENG-Premier League,2122,16408,2021-09-11 14:00:00,Brighton,Brentford,away,0.287902,0.729786,1.0,0.0
ENG-Premier League,2122,16423,2021-09-19 13:00:00,Brighton,Leicester,home,1.47438,1.25373,2.0,1.0
ENG-Premier League,2122,16435,2021-09-27 19:00:00,Brighton,Crystal Palace,away,0.649566,1.36836,1.0,1.0
ENG-Premier League,2122,16436,2021-10-02 16:30:00,Brighton,Arsenal,home,1.11551,0.36431,0.0,0.0
ENG-Premier League,2122,16453,2021-10-16 14:00:00,Brighton,Norwich,away,1.17572,1.16088,0.0,0.0
ENG-Premier League,2122,16458,2021-10-23 16:30:00,Brighton,Manchester City,home,1.1695,3.57376,1.0,4.0
ENG-Premier League,2122,16469,2021-10-30 14:00:00,Brighton,Liverpool,away,1.51032,1.39778,2.0,2.0
ENG-Premier League,2122,16478,2021-11-06 17:30:00,Brighton,Newcastle United,home,1.43123,0.227321,1.0,1.0
ENG-Premier League,2122,16486,2021-11-20 15:00:00,Brighton,Aston Villa,away,0.582787,1.06946,0.0,2.0
ENG-Premier League,2122,16498,2021-11-27 17:30:00,Brighton,Leeds,home,1.90498,0.864829,0.0,0.0
ENG-Premier League,2122,16510,2021-12-01 19:30:00,Brighton,West Ham,away,1.2607,1.14679,1.0,1.0
ENG-Premier League,2122,16521,2021-12-04 15:00:00,Brighton,Southampton,away,1.4872,1.34236,1.0,1.0
ENG-Premier League,2122,16538,2021-12-15 19:30:00,Brighton,Wolverhampton Wanderers,home,1.20118,1.11736,0.0,1.0
ENG-Premier League,2122,16557,2021-12-26 20:00:00,Brighton,Brentford,home,0.943363,1.10342,2.0,0.0
ENG-Premier League,2122,16568,2021-12-29 19:30:00,Brighton,Chelsea,away,0.78663,0.763458,1.0,1.0
ENG-Premier League,2122,16580,2022-01-02 14:00:00,Brighton,Everton,away,1.48397,1.82698,3.0,2.0
ENG-Premier League,2122,16587,2022-01-14 20:00:00,Brighton,Crystal Palace,home,2.18053,0.509681,1.0,1.0
ENG-Premier League,2122,16607,2022-01-18 09:45:00,Brighton,Chelsea,home,0.747557,0.572994,1.0,1.0
ENG-Premier League,2122,16602,2022-01-23 14:00:00,Brighton,Leicester,away,1.19738,1.70979,1.0,1.0
ENG-Premier League,2122,16625,2022-02-12 15:00:00,Brighton,Watford,away,1.80456,0.532979,2.0,0.0
ENG-Premier League,2122,16549,2022-02-15 20:15:00,Brighton,Manchester United,away,1.26179,2.74936,0.0,2.0
ENG-Premier League,2122,16628,2022-02-19 15:00:00,Brighton,Burnley,home,0.44587,0.821228,0.0,3.0
ENG-Premier League,2122,16638,2022-02-26 15:30:00,Brighton,Aston Villa,home,0.627107,1.3027,0.0,2.0
ENG-Premier League,2122,16651,2022-03-05 15:00:00,Brighton,Newcastle United,away,1.64995,1.58028,1.0,2.0
ENG-Premier League,2122,16658,2022-03-12 12:30:00,Brighton,Liverpool,home,0.629316,2.48312,0.0,2.0
ENG-Premier League,2122,16528,2022-03-16 19:30:00,Brighton,Tottenham,home,1.04171,2.05196,0.0,2.0
ENG-Premier League,2122,16685,2022-04-02 14:00:00,Brighton,Norwich,home,2.38297,0.494112,0.0,0.0
ENG-Premier League,2122,16695,2022-04-09 14:00:00,Brighton,Arsenal,away,0.596106,2.35153,2.0,1.0
ENG-Premier League,2122,16699,2022-04-16 11:30:00,Brighton,Tottenham,away,0.711155,0.58624,1.0,0.0
ENG-Premier League,2122,16670,2022-04-20 19:00:00,Brighton,Manchester City,away,0.117354,1.52844,0.0,3.0
ENG-Premier League,2122,16713,2022-04-24 13:00:00,Brighton,Southampton,home,1.87343,0.926764,2.0,2.0
ENG-Premier League,2122,16716,2022-04-30 14:00:00,Brighton,Wolverhampton Wanderers,away,2.90679,0.525912,3.0,0.0
ENG-Premier League,2122,16733,2022-05-07 16:30:00,Brighton,Manchester United,home,2.82636,0.930715,4.0,0.0
ENG-Premier League,2122,16743,2022-05-15 13:00:00,Brighton,Leeds,away,2.25898,2.22282,1.0,1.0
ENG-Premier League,2122,16748,2022-05-22 15:00:00,Brighton,West Ham,home,1.67774,0.268845,3.0,1.0
ENG-Premier League,2223,18209,2022-08-07 13:00:00,Brighton,Manchester United,away,1.7289,1.42103,2.0,1.0
ENG-Premier League,2223,18213,2022-08-13 14:00:00,Brighton,Newcastle United,home,1.60835,0.183952,0.0,0.0
ENG-Premier League,2223,18229,2022-08-21 13:00:00,Brighton,West Ham,away,1.82645,0.768634,2.0,0.0
ENG-Premier League,2223,18234,2022-08-27 14:00:00,Brighton,Leeds,home,1.60986,1.14874,1.0,0.0
ENG-Premier League,2223,18242,2022-08-30 18:30:00,Brighton,Fulham,away,1.75359,1.07093,1.0,2.0
ENG-Premier League,2223,18259,2022-09-04 13:00:00,Brighton,Leicester,home,2.73166,1.06549,5.0,2.0
ENG-Premier League,2223,18288,2022-10-01 14:00:00,Brighton,Liverpool,away,2.36567,2.1515,3.0,3.0
ENG-Premier League,2223,18294,2022-10-08 16:30:00,Brighton,Tottenham,home,0.899735,0.771641,0.0,1.0
ENG-Premier League,2223,18303,2022-10-14 19:00:00,Brighton,Brentford,away,2.15668,1.90636,0.0,2.0
ENG-Premier League,2223,18315,2022-10-18 18:30:00,Brighton,Nottingham Forest,home,2.10188,0.195003,0.0,0.0
ENG-Premier League,2223,18326,2022-10-22 14:00:00,Brighton,Manchester City,away,0.52863,1.86239,1.0,3.0
ENG-Premier League,2223,18335,2022-10-29 14:00:00,Brighton,Chelsea,home,2.881,1.07554,4.0,1.0
ENG-Premier League,2223,18351,2022-11-05 15:00:00,Brighton,Wolverhampton Wanderers,away,1.87375,1.29252,3.0,2.0
ENG-Premier League,2223,18353,2022-11-13 14:00:00,Brighton,Aston Villa,home,0.829107,1.15437,1.0,2.0
ENG-Premier League,2223,18371,2022-12-26 15:00:00,Brighton,Southampton,away,1.00714,1.70709,3.0,1.0
ENG-Premier League,2223,18373,2022-12-31 17:30:00,Brighton,Arsenal,home,1.15663,3.22106,2.0,4.0
ENG-Premier League,2223,18387,2023-01-03 19:45:00,Brighton,Everton,away,2.50731,1.16896,4.0,1.0
ENG-Premier League,2223,18394,2023-01-14 15:00:00,Brighton,Liverpool,home,2.40062,1.28853,3.0,0.0
ENG-Premier League,2223,18407,2023-01-21 15:00:00,Brighton,Leicester,away,1.94491,1.35941,2.0,2.0
ENG-Premier League,2223,18414,2023-02-04 15:00:00,Brighton,Bournemouth,home,2.55696,0.908298,1.0,0.0
ENG-Premier League,2223,18424,2023-02-11 15:00:00,Brighton,Crystal Palace,away,2.64981,0.928279,1.0,1.0
ENG-Premier League,2223,18434,2023-02-18 15:00:00,Brighton,Fulham,home,2.71375,0.224214,0.0,1.0
ENG-Premier League,2223,18455,2023-03-04 15:00:00,Brighton,West Ham,home,3.49993,0.250045,4.0,0.0
ENG-Premier League,2223,18466,2023-03-11 15:00:00,Brighton,Leeds,away,1.51388,0.596738,2.0,2.0
ENG-Premier League,2223,18276,2023-03-15 19:30:00,Brighton,Crystal Palace,home,0.588727,1.21452,1.0,0.0
ENG-Premier League,2223,18484,2023-04-01 14:00:00,Brighton,Brentford,home,3.8195,1.2788,3.0,3.0
ENG-Premier League,2223,18266,2023-04-04 18:45:00,Brighton,Bournemouth,away,2.63392,1.15322,2.0,0.0
ENG-Premier League,2223,18500,2023-04-08 14:00:00,Brighton,Tottenham,away,1.47549,0.594139,1.0,2.0
ENG-Premier League,2223,18503,2023-04-15 14:00:00,Brighton,Chelsea,away,2.52107,0.46331,2.0,1.0
ENG-Premier League,2223,18524,2023-04-26 18:30:00,Brighton,Nottingham Forest,away,2.33064,2.43846,1.0,3.0
ENG-Premier League,2223,18535,2023-04-29 14:00:00,Brighton,Wolverhampton Wanderers,home,3.60471,0.603985,6.0,0.0
ENG-Premier League,2223,18475,2023-05-04 19:00:00,Brighton,Manchester United,home,2.09953,1.32105,1.0,0.0
ENG-Premier League,2223,18543,2023-05-08 16:30:00,Brighton,Everton,home,3.23717,2.94223,1.0,5.0
ENG-Premier League,2223,18552,2023-05-14 15:30:00,Brighton,Arsenal,away,2.21276,0.958651,3.0,0.0
ENG-Premier League,2223,18449,2023-05-18 18:30:00,Brighton,Newcastle United,away,0.593493,4.11359,1.0,4.0
ENG-Premier League,2223,18563,2023-05-21 13:00:00,Brighton,Southampton,home,2.41418,0.863659,3.0,1.0
ENG-Premier League,2223,18515,2023-05-24 19:00:00,Brighton,Manchester City,home,2.11486,1.92973,1.0,1.0
ENG-Premier League,2223,18573,2023-05-28 15:30:00,Brighton,Aston Villa,away,1.23117,2.55845,1.0,2.0
ENG-Premier League,2324,22278,2023-08-12 14:00:00,Brighton,Luton,home,4.36748,1.88594,4.0,1.0
ENG-Premier League,2324,22286,2023-08-19 14:00:00,Brighton,Wolverhampton Wanderers,away,3.15562,2.68821,4.0,1.0
ENG-Premier League,2324,22301,2023-08-26 16:30:00,Brighton,West Ham,home,1.3743,2.9527,1.0,3.0
ENG-Premier League,2324,21931,2023-09-02 16:30:00,Brighton,Newcastle United,home,1.32258,0.90476,3.0,1.0
ENG-Premier League,2324,21940,2023-09-16 14:00:00,Brighton,Manchester United,away,1.93908,0.719951,3.0,1.0
ENG-Premier League,2324,21951,2023-09-24 13:00:00,Brighton,Bournemouth,home,2.14533,1.58984,3.0,1.0
ENG-Premier League,2324,21955,2023-09-30 11:30:00,Brighton,Aston Villa,away,1.72819,1.90746,1.0,6.0
ENG-Premier League,2324,21966,2023-10-08 13:00:00,Brighton,Liverpool,home,2.23187,2.51029,2.0,2.0
ENG-Premier League,2324,21980,2023-10-21 14:00:00,Brighton,Manchester City,away,0.963733,0.962509,1.0,2.0
ENG-Premier League,2324,21988,2023-10-29 14:00:00,Brighton,Fulham,home,1.31996,0.552523,1.0,1.0
ENG-Premier League,2324,21997,2023-11-04 15:00:00,Brighton,Everton,away,0.442489,0.617607,1.0,1.0
ENG-Premier League,2324,22008,2023-11-12 14:00:00,Brighton,Sheffield United,home,1.08601,0.84434,1.0,1.0
ENG-Premier League,2324,22022,2023-11-25 15:00:00,Brighton,Nottingham Forest,away,1.21792,2.22655,3.0,2.0
ENG-Premier League,2324,22029,2023-12-03 14:00:00,Brighton,Chelsea,away,0.855058,1.66304,2.0,3.0
ENG-Premier League,2324,22036,2023-12-06 19:30:00,Brighton,Brentford,home,1.54099,1.22007,2.0,1.0
ENG-Premier League,2324,22046,2023-12-09 15:00:00,Brighton,Burnley,home,2.96247,1.05162,1.0,1.0
ENG-Premier League,2324,22056,2023-12-17 14:00:00,Brighton,Arsenal,away,0.663054,2.76976,0.0,2.0
ENG-Premier League,2324,22066,2023-12-21 20:00:00,Brighton,Crystal Palace,away,1.33653,1.65409,1.0,1.0
ENG-Premier League,2324,22078,2023-12-28 19:30:00,Brighton,Tottenham,home,3.84702,2.06955,4.0,2.0
ENG-Premier League,2324,22093,2024-01-02 18:30:00,Brighton,West Ham,away,2.1552,0.9831,0.0,0.0
ENG-Premier League,2324,22095,2024-01-22 19:45:00,Brighton,Wolverhampton Wanderers,home,1.3701,1.14116,0.0,0.0
ENG-Premier League,2324,22107,2024-01-30 19:45:00,Brighton,Luton,away,1.01366,3.63312,0.0,4.0
ENG-Premier League,2324,22118,2024-02-03 15:00:00,Brighton,Crystal Palace,home,1.92591,0.241137,4.0,1.0
ENG-Premier League,2324,22132,2024-02-10 15:00:00,Brighton,Tottenham,away,1.49285,2.10928,1.0,2.0
ENG-Premier League,2324,22143,2024-02-18 14:00:00,Brighton,Sheffield United,away,3.35549,0.586214,5.0,0.0
ENG-Premier League,2324,22148,2024-02-24 15:00:00,Brighton,Everton,home,1.6538,0.286655,1.0,1.0
ENG-Premier League,2324,22158,2024-03-02 15:00:00,Brighton,Fulham,away,1.15198,1.37604,0.0,3.0
ENG-Premier League,2324,22168,2024-03-10 14:00:00,Brighton,Nottingham Forest,home,0.534518,0.687034,1.0,0.0
ENG-Premier League,2324,22189,2024-03-31 14:00:00,Brighton,Liverpool,away,0.43922,3.21149,1.0,2.0
ENG-Premier League,2324,22200,2024-04-03 18:30:00,Brighton,Brentford,away,1.22404,0.423299,0.0,0.0
ENG-Premier League,2324,22206,2024-04-06 16:30:00,Brighton,Arsenal,home,0.428514,4.16518,0.0,3.0
ENG-Premier League,2324,22218,2024-04-13 14:00:00,Brighton,Burnley,away,0.889445,1.8522,1.0,1.0
ENG-Premier League,2324,22176,2024-04-25 19:00:00,Brighton,Manchester City,home,0.572021,1.90507,0.0,4.0
ENG-Premier League,2324,22235,2024-04-28 13:00:00,Brighton,Bournemouth,away,1.35682,2.48132,0.0,3.0
ENG-Premier League,2324,22247,2024-05-05 13:00:00,Brighton,Aston Villa,home,2.63566,0.0644055,1.0,0.0
ENG-Premier League,2324,22260,2024-05-11 14:00:00,Brighton,Newcastle United,away,1.91556,2.45163,1.0,1.0
ENG-Premier League,2324,22226,2024-05-15 18:45:00,Brighton,Chelsea,home,1.32423,1.544,1.0,2.0
ENG-Premier League,2324,22267,2024-05-19 15:00:00,Brighton,Manchester United,home,1.9717,1.00404,0.0,2.0
ENG-Premier League,2425,26605,2024-08-17 14:00:00,Brighton,Everton,away,1.79083,0.405325,3.0,0.0
ENG-Premier League,2425,26612,2024-08-24 11:30:00,Brighton,Manchester United,home,2.14153,1.28556,2.0,1.0
ENG-Premier League,2425,26622,2024-08-31 11:30:00,Brighton,Arsenal,away,1.81748,2.41798,1.0,1.0
ENG-Premier League,2425,26633,2024-09-14 14:00:00,Brighton,Ipswich,home,1.75696,0.721323,0.0,0.0
ENG-Premier League,2425,26650,2024-09-22 13:00:00,Brighton,Nottingham Forest,home,1.56836,1.36923,2.0,2.0
ENG-Premier League,2425,26657,2024-09-28 14:00:00,Brighton,Chelsea,away,1.20712,3.65839,2.0,4.0
ENG-Premier League,2425,26671,2024-10-06 15:30:00,Brighton,Tottenham,home,1.97217,1.09279,3.0,2.0
ENG-Premier League,2425,26676,2024-10-19 14:00:00,Brighton,Newcastle United,away,1.6779,1.93657,1.0,0.0
ENG-Premier League,2425,26686,2024-10-26 14:00:00,Brighton,Wolverhampton Wanderers,home,1.51347,1.11074,2.0,2.0
ENG-Premier League,2425,26696,2024-11-02 15:00:00,Brighton,Liverpool,away,1.01568,1.81037,1.0,2.0
ENG-Premier League,2425,26703,2024-11-09 17:30:00,Brighton,Manchester City,home,2.87116,2.60334,2.0,1.0
ENG-Premier League,2425,26712,2024-11-23 15:00:00,Brighton,Bournemouth,away,1.23059,1.91157,2.0,1.0
ENG-Premier League,2425,26723,2024-11-29 20:00:00,Brighton,Southampton,home,1.86986,0.934969,1.0,1.0
ENG-Premier League,2425,26736,2024-12-05 19:30:00,Brighton,Fulham,away,1.09939,0.666644,1.0,3.0
ENG-Premier League,2425,26751,2024-12-08 14:00:00,Brighton,Leicester,away,1.12184,1.42438,2.0,2.0
ENG-Premier League,2425,26756,2024-12-15 14:00:00,Brighton,Crystal Palace,home,1.32323,3.00618,1.0,3.0
ENG-Premier League,2425,26767,2024-12-21 15:00:00,Brighton,West Ham,away,1.34379,1.22937,1.0,1.0
ENG-Premier League,2425,26774,2024-12-27 19:30:00,Brighton,Brentford,home,1.33538,0.961233,0.0,0.0
ENG-Premier League,2425,26782,2024-12-30 19:45:00,Brighton,Aston Villa,away,0.938042,1.87997,2.0,2.0
ENG-Premier League,2425,26794,2025-01-04 17:30:00,Brighton,Arsenal,home,1.76513,1.81142,1.0,1.0
ENG-Premier League,2425,26805,2025-01-16 19:30:00,Brighton,Ipswich,away,1.06343,0.268127,2.0,0.0
ENG-Premier League,2425,26818,2025-01-19 14:00:00,Brighton,Manchester United,away,2.17172,1.31823,3.0,1.0
ENG-Premier League,2425,26824,2025-01-25 15:00:00,Brighton,Everton,home,0.64378,0.870883,0.0,1.0
ENG-Premier League,2425,26840,2025-02-01 12:30:00,Brighton,Nottingham Forest,away,0.756296,4.0677,0.0,7.0
ENG-Premier League,2425,26843,2025-02-14 20:00:00,Brighton,Chelsea,home,2.06892,0.649788,3.0,0.0
ENG-Premier League,2425,26861,2025-02-22 15:00:00,Brighton,Southampton,away,5.12018,0.154147,4.0,0.0
ENG-Premier League,2425,26863,2025-02-25 19:30:00,Brighton,Bournemouth,home,2.57927,1.70169,2.0,1.0
ENG-Premier League,2425,26873,2025-03-08 15:00:00,Brighton,Fulham,home,1.94417,0.708227,2.0,1.0
ENG-Premier League,2425,26889,2025-03-15 15:00:00,Brighton,Manchester City,away,2.11119,2.02642,2.0,2.0
ENG-Premier League,2425,26893,2025-04-02 19:45:00,Brighton,Aston Villa,home,0.558009,1.20715,0.0,3.0
ENG-Premier League,2425,26904,2025-04-05 14:00:00,Brighton,Crystal Palace,away,1.27226,0.443965,1.0,2.0
ENG-Premier League,2425,26914,2025-04-12 14:00:00,Brighton,Leicester,home,3.6978,1.98444,2.0,2.0
ENG-Premier League,2425,26923,2025-04-19 14:00:00,Brighton,Brentford,away,1.24107,2.95516,2.0,4.0
ENG-Premier League,2425,26934,2025-04-26 14:00:00,Brighton,West Ham,home,1.29433,1.24134,3.0,2.0
ENG-Premier League,2425,26944,2025-05-04 13:00:00,Brighton,Newcastle United,home,0.687863,1.63777,1.0,1.0
ENG-Premier League,2425,26961,2025-05-10 14:00:00,Brighton,Wolverhampton Wanderers,away,1.41254,0.73395,2.0,0.0
ENG-Premier League,2425,26965,2025-05-19 19:00:00,Brighton,Liverpool,home,2.17789,3.065,3.0,2.0
ENG-Premier League,2425,26976,2025-05-25 15:00:00,Brighton,Tottenham,away,3.11624,1.85265,4.0,1.0
ENG-Premier League,2526,28780,2025-08-16 14:00:00,Brighton,Fulham,home,1.44008,0.902883,1.0,1.0
ENG-Premier League,2526,28795,2025-08-24 13:00:00,Brighton,Everton,away,2.08487,1.80116,0.0,2.0
ENG-Premier League,2526,28805,2025-08-31 13:00:00,Brighton,Manchester City,home,2.20864,2.13418,2.0,1.0
ENG-Premier League,2526,28810,2025-09-13 14:00:00,Brighton,Bournemouth,away,0.624923,1.44187,1.0,2.0
ENG-Premier League,2526,28821,2025-09-20 14:00:00,Brighton,Tottenham,home,1.40466,1.19181,2.0,2.0
ENG-Premier League,2526,28829,2025-09-27 14:00:00,Brighton,Chelsea,away,2.4751,2.02653,3.0,1.0
ENG-Premier League,2526,28847,2025-10-05 13:00:00,Brighton,Wolverhampton Wanderers,away,1.39158,0.369404,1.0,1.0
ENG-Premier League,2526,28848,2025-10-18 14:00:00,Brighton,Newcastle United,home,0.857104,1.28313,2.0,1.0
ENG-Premier League,2526,28865,2025-10-25 16:30:00,Brighton,Manchester United,away,0.947154,1.96231,2.0,4.0
ENG-Premier League,2526,28868,2025-11-01 15:00:00,Brighton,Leeds,home,2.64127,0.35919,3.0,0.0
ENG-Premier League,2526,28881,2025-11-09 14:00:00,Brighton,Crystal Palace,away,0.637037,0.839547,0.0,0.0
ENG-Premier League,2526,28890,2025-11-22 15:00:00,Brighton,Brentford,home,0.977488,2.19979,2.0,1.0
ENG-Premier League,2526,28904,2025-11-30 14:05:00,Brighton,Nottingham Forest,away,2.0572,0.960325,2.0,0.0
ENG-Premier League,2526,28910,2025-12-03 19:30:00,Brighton,Aston Villa,home,1.96298,3.15745,3.0,4.0
ENG-Premier League,2526,28920,2025-12-07 14:00:00,Brighton,West Ham,home,2.10077,1.7064,1.0,1.0
ENG-Premier League,2526,28933,2025-12-13 15:00:00,Brighton,Liverpool,away,1.69004,2.4127,0.0,2.0
ENG-Premier League,2526,28940,2025-12-20 15:00:00,Brighton,Sunderland,home,0.919272,1.31044,0.0,0.0
ENG-Premier League,2526,28948,2025-12-27 15:00:00,Brighton,Arsenal,away,0.710064,2.54318,1.0,2.0
ENG-Premier League,2526,28967,2025-12-30 19:30:00,Brighton,West Ham,away,3.08914,2.27644,2.0,2.0
ENG-Premier League,2526,28973,2026-01-03 15:00:00,Brighton,Burnley,home,1.4717,0.254551,2.0,0.0
ENG-Premier League,2526,28985,2026-01-07 19:30:00,Brighton,Manchester City,away,1.33162,2.95904,1.0,1.0
ENG-Premier League,2526,28989,2026-01-19 20:00:00,Brighton,Bournemouth,home,0.995777,1.69737,1.0,1.0
ENG-Premier League,2526,29004,2026-01-24 15:00:00,Brighton,Fulham,away,1.94652,1.13243,1.0,2.0
ENG-Premier League,2526,29010,2026-01-31 15:00:00,Brighton,Everton,home,1.42825,1.28126,1.0,1.0
ENG-Premier League,2526,29020,2026-02-08 14:00:00,Brighton,Crystal Palace,home,0.737798,0.928404,0.0,1.0
ENG-Premier League,2526,29028,2026-02-11 19:30:00,Brighton,Aston Villa,away,0.481306,0.576138,0.0,1.0
ENG-Premier League,2526,29039,2026-02-21 15:00:00,Brighton,Brentford,away,1.37203,1.69023,2.0,0.0
ENG-Premier League,2526,29050,2026-03-01 14:00:00,Brighton,Nottingham Forest,home,1.20107,0.83055,2.0,1.0
ENG-Premier League,2526,29060,2026-03-04 19:30:00,Brighton,Arsenal,home,0.919228,0.514803,0.0,1.0
ENG-Premier League,2526,29076,2026-03-14 15:00:00,Brighton,Sunderland,away,1.12832,0.659083,1.0,0.0
ENG-Premier League,2526,29080,2026-03-21 12:30:00,Brighton,Liverpool,home,3.42956,0.956801,2.0,1.0
ENG-Premier League,2526,29094,2026-04-11 14:00:00,Brighton,Burnley,away,1.07182,0.812029,2.0,0.0
ENG-Premier League,2526,29107,2026-04-18 16:30:00,Brighton,Tottenham,away,1.1373,1.56052,2.0,2.0
ENG-Premier League,2526,29110,2026-04-21 19:00:00,Brighton,Chelsea,home,2.51784,0.297865,3.0,0.0
ENG-Premier League,2526,29126,2026-05-02 15:00:00,Brighton,Newcastle United,away,1.87112,3.12933,1.0,3.0
ENG-Premier League,2526,29128,2026-05-09 15:00:00,Brighton,Wolverhampton Wanderers,home,2.22427,0.515647,3.0,0.0
ENG-Premier League,2526,29144,2026-05-17 15:00:00,Brighton,Leeds,away,2.23238,0.747756,0.0,1.0
ENG-Premier League,2526,29148,2026-05-24 15:00:00,Brighton,Manchester United,home,0.702398,2.32868,0.0,3.0
ENG-Premier League,1920,11646,2019-08-10 15:00:00,Burnley,Southampton,home,0.909241,1.08752,3.0,0.0
ENG-Premier League,1920,11653,2019-08-17 12:30:00,Burnley,Arsenal,away,1.39172,1.1644,1.0,2.0
ENG-Premier League,1920,11668,2019-08-25 16:30:00,Burnley,Wolverhampton Wanderers,away,1.22762,1.32793,1.0,1.0
ENG-Premier League,1920,11680,2019-08-31 17:30:00,Burnley,Liverpool,home,0.61739,1.20057,0.0,3.0
ENG-Premier League,1920,11685,2019-09-14 14:00:00,Burnley,Brighton,away,0.341654,1.68545,1.0,1.0
ENG-Premier League,1920,11696,2019-09-21 14:00:00,Burnley,Norwich,home,2.39312,0.801428,2.0,0.0
ENG-Premier League,1920,11706,2019-09-28 14:00:00,Burnley,Aston Villa,away,1.66919,0.914266,2.0,2.0
ENG-Premier League,1920,11714,2019-10-05 15:00:00,Burnley,Everton,home,0.558912,1.30723,1.0,0.0
ENG-Premier League,1920,11728,2019-10-19 15:00:00,Burnley,Leicester,away,1.79569,0.8291,1.0,2.0
ENG-Premier League,1920,11735,2019-10-26 17:30:00,Burnley,Chelsea,home,2.23494,0.988321,2.0,4.0
ENG-Premier League,1920,11750,2019-11-02 15:00:00,Burnley,Sheffield United,away,0.716613,2.58392,0.0,3.0
ENG-Premier League,1920,11753,2019-11-09 15:00:00,Burnley,West Ham,home,2.4158,0.474281,3.0,0.0
ENG-Premier League,1920,11771,2019-11-23 15:00:00,Burnley,Watford,away,2.66281,0.902384,3.0,0.0
ENG-Premier League,1920,11773,2019-11-30 15:00:00,Burnley,Crystal Palace,home,1.8509,0.936732,0.0,2.0
ENG-Premier League,1920,11784,2019-12-03 20:15:00,Burnley,Manchester City,home,0.486548,2.56057,1.0,4.0
ENG-Premier League,1920,11800,2019-12-07 15:00:00,Burnley,Tottenham,away,1.08645,2.39684,0.0,5.0
ENG-Premier League,1920,11804,2019-12-14 15:00:00,Burnley,Newcastle United,home,1.43602,1.08726,1.0,0.0
ENG-Premier League,1920,11814,2019-12-21 15:00:00,Burnley,Bournemouth,away,0.144318,0.138532,1.0,0.0
ENG-Premier League,1920,11827,2019-12-26 15:00:00,Burnley,Everton,away,0.565252,1.47521,0.0,1.0
ENG-Premier League,1920,11835,2019-12-28 19:45:00,Burnley,Manchester United,home,0.386662,2.10542,0.0,2.0
ENG-Premier League,1920,11846,2020-01-01 12:30:00,Burnley,Aston Villa,home,2.34418,1.74824,1.0,2.0
ENG-Premier League,1920,11858,2020-01-11 15:00:00,Burnley,Chelsea,away,0.717407,2.87633,0.0,3.0
ENG-Premier League,1920,11866,2020-01-19 14:00:00,Burnley,Leicester,home,1.50886,2.33415,2.0,1.0
ENG-Premier League,1920,11879,2020-01-22 20:15:00,Burnley,Manchester United,away,0.717284,1.416,2.0,0.0
ENG-Premier League,1920,11884,2020-02-02 14:00:00,Burnley,Arsenal,home,2.24562,1.48025,0.0,0.0
ENG-Premier League,1920,11901,2020-02-15 12:30:00,Burnley,Southampton,away,0.892699,0.694025,2.0,1.0
ENG-Premier League,1920,11907,2020-02-22 15:00:00,Burnley,Bournemouth,home,3.09935,1.75718,3.0,0.0
ENG-Premier League,1920,11918,2020-02-29 15:00:00,Burnley,Newcastle United,away,0.617612,1.11713,0.0,0.0
ENG-Premier League,1920,11924,2020-03-07 17:30:00,Burnley,Tottenham,home,3.33302,1.13669,1.0,1.0
ENG-Premier League,1920,11939,2020-06-22 19:00:00,Burnley,Manchester City,away,0.0303408,2.71096,0.0,5.0
ENG-Premier League,1920,11943,2020-06-25 17:00:00,Burnley,Watford,home,0.964774,0.495542,1.0,0.0
ENG-Premier League,1920,11957,2020-06-29 19:00:00,Burnley,Crystal Palace,away,0.359906,1.06533,1.0,0.0
ENG-Premier League,1920,11963,2020-07-05 11:00:00,Burnley,Sheffield United,home,1.31966,1.63343,1.0,1.0
ENG-Premier League,1920,11982,2020-07-08 17:00:00,Burnley,West Ham,away,1.05291,1.99821,1.0,0.0
ENG-Premier League,1920,11986,2020-07-11 14:00:00,Burnley,Liverpool,away,0.452331,2.17649,1.0,1.0
ENG-Premier League,1920,11994,2020-07-15 17:00:00,Burnley,Wolverhampton Wanderers,home,1.53435,1.2857,1.0,1.0
ENG-Premier League,1920,12008,2020-07-18 16:30:00,Burnley,Norwich,away,1.8233,0.576602,2.0,0.0
ENG-Premier League,1920,12022,2020-07-26 15:00:00,Burnley,Brighton,home,1.44244,1.3696,1.0,2.0
ENG-Premier League,2021,14103,2020-09-20 18:00:00,Burnley,Leicester,away,1.52404,0.987365,2.0,4.0
ENG-Premier League,2021,14109,2020-09-26 19:00:00,Burnley,Southampton,home,0.347136,0.706632,0.0,1.0
ENG-Premier League,2021,14472,2020-10-03 19:00:00,Burnley,Newcastle United,away,0.438849,1.95629,1.0,3.0
ENG-Premier League,2021,14484,2020-10-19 16:30:00,Burnley,West Bromwich Albion,away,1.08532,0.731692,0.0,0.0
ENG-Premier League,2021,14488,2020-10-26 20:00:00,Burnley,Tottenham,home,0.95045,0.797344,0.0,1.0
ENG-Premier League,2021,14496,2020-10-31 15:00:00,Burnley,Chelsea,home,0.407341,1.23077,0.0,3.0
ENG-Premier League,2021,14506,2020-11-06 17:30:00,Burnley,Brighton,away,0.326933,1.59022,0.0,0.0
ENG-Premier League,2021,14516,2020-11-23 17:30:00,Burnley,Crystal Palace,home,1.75343,1.28331,1.0,0.0
ENG-Premier League,2021,14533,2020-11-28 15:00:00,Burnley,Manchester City,away,0.419877,2.26129,0.0,5.0
ENG-Premier League,2021,14537,2020-12-05 12:30:00,Burnley,Everton,home,0.730434,2.28139,1.0,1.0
ENG-Premier League,2021,14554,2020-12-13 19:15:00,Burnley,Arsenal,away,0.815375,1.85362,1.0,0.0
ENG-Premier League,2021,14556,2020-12-17 18:00:00,Burnley,Aston Villa,away,0.316737,1.81142,0.0,0.0
ENG-Premier League,2021,14566,2020-12-21 17:30:00,Burnley,Wolverhampton Wanderers,home,1.20465,1.45722,2.0,1.0
ENG-Premier League,2021,14578,2020-12-27 12:00:00,Burnley,Leeds,away,1.54591,2.13271,0.0,1.0
ENG-Premier League,2021,14587,2020-12-29 18:00:00,Burnley,Sheffield United,home,0.973831,0.492578,1.0,0.0
ENG-Premier League,2021,14088,2021-01-12 22:15:00,Burnley,Manchester United,home,0.648582,1.23996,0.0,1.0
ENG-Premier League,2021,14623,2021-01-16 15:00:00,Burnley,West Ham,away,0.395668,1.73397,0.0,1.0
ENG-Premier League,2021,14613,2021-01-21 20:00:00,Burnley,Liverpool,away,1.08059,1.64907,1.0,0.0
ENG-Premier League,2021,14626,2021-01-27 18:00:00,Burnley,Aston Villa,home,0.717681,2.70718,3.0,2.0
ENG-Premier League,2021,14637,2021-01-31 12:00:00,Burnley,Chelsea,away,0.390714,1.4405,0.0,2.0
ENG-Premier League,2021,14646,2021-02-03 18:00:00,Burnley,Manchester City,home,0.0489155,2.12153,0.0,2.0
ENG-Premier League,2021,14656,2021-02-06 15:00:00,Burnley,Brighton,home,1.88934,0.612682,1.0,1.0
ENG-Premier League,2021,14668,2021-02-13 15:00:00,Burnley,Crystal Palace,away,1.95502,0.645616,3.0,0.0
ENG-Premier League,2021,14602,2021-02-17 18:00:00,Burnley,Fulham,home,1.20642,0.594471,1.0,1.0
ENG-Premier League,2021,14678,2021-02-20 15:00:00,Burnley,West Bromwich Albion,home,0.535153,1.71922,0.0,0.0
ENG-Premier League,2021,14693,2021-02-28 14:00:00,Burnley,Tottenham,away,0.603212,2.35788,0.0,4.0
ENG-Premier League,2021,14716,2021-03-03 18:00:00,Burnley,Leicester,home,1.26793,1.24109,1.0,1.0
ENG-Premier League,2021,14697,2021-03-06 12:30:00,Burnley,Arsenal,home,1.10374,2.53692,1.0,1.0
ENG-Premier League,2021,14707,2021-03-13 17:30:00,Burnley,Everton,away,0.74852,1.69849,2.0,1.0
ENG-Premier League,2021,14733,2021-04-04 11:00:00,Burnley,Southampton,away,1.50285,2.40272,2.0,3.0
ENG-Premier League,2021,14736,2021-04-11 11:00:00,Burnley,Newcastle United,home,1.84262,1.34279,1.0,2.0
ENG-Premier League,2021,14751,2021-04-18 15:00:00,Burnley,Manchester United,away,0.959804,2.87455,1.0,3.0
ENG-Premier League,2021,14764,2021-04-25 11:00:00,Burnley,Wolverhampton Wanderers,away,2.24049,0.351673,4.0,0.0
ENG-Premier League,2021,14766,2021-05-03 19:15:00,Burnley,West Ham,home,1.68312,2.42477,1.0,2.0
ENG-Premier League,2021,14777,2021-05-10 19:00:00,Burnley,Fulham,away,1.65831,0.778074,2.0,0.0
ENG-Premier League,2021,14786,2021-05-15 11:30:00,Burnley,Leeds,home,1.41338,1.85654,0.0,4.0
ENG-Premier League,2021,14796,2021-05-19 19:15:00,Burnley,Liverpool,home,0.837048,2.73316,0.0,3.0
ENG-Premier League,2021,14812,2021-05-23 15:00:00,Burnley,Sheffield United,away,0.558508,0.420006,0.0,1.0
ENG-Premier League,2122,16378,2021-08-14 14:00:00,Burnley,Brighton,home,1.79548,1.6853,1.0,2.0
ENG-Premier League,2122,16386,2021-08-21 11:30:00,Burnley,Liverpool,away,0.690464,2.63945,0.0,2.0
ENG-Premier League,2122,16403,2021-08-29 13:00:00,Burnley,Leeds,home,1.71102,1.52078,1.0,1.0
ENG-Premier League,2122,16415,2021-09-13 19:00:00,Burnley,Everton,away,1.82061,1.80386,1.0,3.0
ENG-Premier League,2122,16419,2021-09-18 14:00:00,Burnley,Arsenal,home,0.775574,1.09928,0.0,1.0
ENG-Premier League,2122,16430,2021-09-25 14:00:00,Burnley,Leicester,away,0.428866,2.16233,2.0,2.0
ENG-Premier League,2122,16437,2021-10-02 14:00:00,Burnley,Norwich,home,0.584725,0.673617,0.0,0.0
ENG-Premier League,2122,16451,2021-10-16 14:00:00,Burnley,Manchester City,away,1.07719,2.15712,0.0,2.0
ENG-Premier League,2122,16464,2021-10-23 14:00:00,Burnley,Southampton,away,0.673195,1.42567,2.0,2.0
ENG-Premier League,2122,16467,2021-10-30 14:00:00,Burnley,Brentford,home,2.72901,0.834312,3.0,1.0
ENG-Premier League,2122,16479,2021-11-06 15:00:00,Burnley,Chelsea,away,0.674072,3.00585,1.0,1.0
ENG-Premier League,2122,16487,2021-11-20 15:00:00,Burnley,Crystal Palace,home,1.04224,1.74839,3.0,3.0
ENG-Premier League,2122,16511,2021-12-01 19:30:00,Burnley,Wolverhampton Wanderers,away,0.195537,0.711691,0.0,0.0
ENG-Premier League,2122,16520,2021-12-04 15:00:00,Burnley,Newcastle United,away,0.604599,1.70609,0.0,1.0
ENG-Premier League,2122,16529,2021-12-12 14:00:00,Burnley,West Ham,home,0.54801,0.998813,0.0,0.0
ENG-Premier League,2122,16574,2021-12-30 20:15:00,Burnley,Manchester United,away,0.871738,1.80776,1.0,3.0
ENG-Premier League,2122,16581,2022-01-02 14:00:00,Burnley,Leeds,away,0.960493,2.04186,1.0,3.0
ENG-Premier League,2122,16596,2022-01-23 14:00:00,Burnley,Arsenal,away,0.388963,1.35507,0.0,0.0
ENG-Premier League,2122,16539,2022-02-05 18:00:00,Burnley,Watford,home,0.765905,0.933965,0.0,0.0
ENG-Premier League,2122,16608,2022-02-08 20:00:00,Burnley,Manchester United,home,0.772721,1.83387,1.0,1.0
ENG-Premier League,2122,16617,2022-02-13 14:00:00,Burnley,Liverpool,home,1.16081,1.95722,0.0,1.0
ENG-Premier League,2122,16628,2022-02-19 15:00:00,Burnley,Brighton,away,0.821228,0.44587,3.0,0.0
ENG-Premier League,2122,16499,2022-02-23 19:30:00,Burnley,Tottenham,home,1.55576,0.691655,1.0,0.0
ENG-Premier League,2122,16640,2022-02-26 15:00:00,Burnley,Crystal Palace,away,0.255988,1.03765,1.0,1.0
ENG-Premier League,2122,16588,2022-03-01 19:45:00,Burnley,Leicester,home,1.04214,1.79558,0.0,2.0
ENG-Premier League,2122,16647,2022-03-05 15:00:00,Burnley,Chelsea,home,0.849232,2.2868,0.0,4.0
ENG-Premier League,2122,16657,2022-03-12 15:00:00,Burnley,Brentford,away,0.825311,1.82002,0.0,2.0
ENG-Premier League,2122,16684,2022-04-02 14:00:00,Burnley,Manchester City,home,0.0591223,1.62008,0.0,2.0
ENG-Premier League,2122,16558,2022-04-06 18:30:00,Burnley,Everton,home,2.24439,2.31574,3.0,2.0
ENG-Premier League,2122,16688,2022-04-10 13:00:00,Burnley,Norwich,away,1.44652,1.6723,0.0,2.0
ENG-Premier League,2122,16697,2022-04-17 13:15:00,Burnley,West Ham,away,1.88137,2.79175,1.0,1.0
ENG-Premier League,2122,16667,2022-04-21 18:45:00,Burnley,Southampton,home,2.14743,1.31837,2.0,0.0
ENG-Premier League,2122,16712,2022-04-24 13:00:00,Burnley,Wolverhampton Wanderers,home,1.27298,0.592902,1.0,0.0
ENG-Premier League,2122,16718,2022-04-30 14:00:00,Burnley,Watford,away,1.37022,0.785742,2.0,1.0
ENG-Premier League,2122,16732,2022-05-07 14:00:00,Burnley,Aston Villa,home,1.31028,1.81256,1.0,3.0
ENG-Premier League,2122,16739,2022-05-15 11:00:00,Burnley,Tottenham,away,0.629888,2.39449,0.0,1.0
ENG-Premier League,2122,16546,2022-05-19 19:00:00,Burnley,Aston Villa,away,1.63117,0.996403,1.0,1.0
ENG-Premier League,2122,16749,2022-05-22 15:00:00,Burnley,Newcastle United,home,1.49164,1.74291,1.0,2.0
ENG-Premier League,2324,22275,2023-08-11 19:00:00,Burnley,Manchester City,home,0.311032,2.40074,0.0,3.0
ENG-Premier League,2324,22302,2023-08-27 13:00:00,Burnley,Aston Villa,home,0.630605,2.83691,1.0,3.0
ENG-Premier League,2324,21929,2023-09-02 14:00:00,Burnley,Tottenham,home,1.66604,2.39785,2.0,5.0
ENG-Premier League,2324,21944,2023-09-18 18:45:00,Burnley,Nottingham Forest,away,0.807651,0.705795,1.0,1.0
ENG-Premier League,2324,21950,2023-09-23 19:00:00,Burnley,Manchester United,home,0.935444,0.840273,0.0,1.0
ENG-Premier League,2324,21958,2023-09-30 14:00:00,Burnley,Newcastle United,away,0.801849,3.08516,0.0,2.0
ENG-Premier League,2324,22289,2023-10-03 18:30:00,Burnley,Luton,away,0.920206,1.53058,2.0,1.0
ENG-Premier League,2324,21967,2023-10-07 14:00:00,Burnley,Chelsea,home,0.956642,1.97566,1.0,4.0
ENG-Premier League,2324,21977,2023-10-21 14:00:00,Burnley,Brentford,away,0.693129,3.15685,0.0,3.0
ENG-Premier League,2324,21985,2023-10-28 14:00:00,Burnley,Bournemouth,away,0.90255,1.10052,1.0,2.0
ENG-Premier League,2324,21996,2023-11-04 15:00:00,Burnley,Crystal Palace,home,1.4998,1.43653,0.0,2.0
ENG-Premier League,2324,22006,2023-11-11 15:00:00,Burnley,Arsenal,away,0.327706,2.63194,1.0,3.0
ENG-Premier League,2324,22016,2023-11-25 15:00:00,Burnley,West Ham,home,1.44228,1.36963,1.0,2.0
ENG-Premier League,2324,22028,2023-12-02 15:00:00,Burnley,Sheffield United,home,2.60469,0.618131,5.0,0.0
ENG-Premier League,2324,22042,2023-12-05 19:30:00,Burnley,Wolverhampton Wanderers,away,0.781542,1.11886,0.0,1.0
ENG-Premier League,2324,22046,2023-12-09 15:00:00,Burnley,Brighton,away,1.05162,2.96247,1.0,1.0
ENG-Premier League,2324,22058,2023-12-16 17:30:00,Burnley,Everton,home,0.811435,2.22305,0.0,2.0
ENG-Premier League,2324,22067,2023-12-23 15:00:00,Burnley,Fulham,away,0.41714,1.38096,2.0,0.0
ENG-Premier League,2324,22079,2023-12-26 17:30:00,Burnley,Liverpool,home,0.972389,1.68451,0.0,2.0
ENG-Premier League,2324,22085,2023-12-30 15:00:00,Burnley,Aston Villa,away,1.11923,2.92587,2.0,3.0
ENG-Premier League,2324,22096,2024-01-12 19:45:00,Burnley,Luton,home,1.52023,0.965167,1.0,1.0
ENG-Premier League,2324,22114,2024-01-31 19:30:00,Burnley,Manchester City,away,1.49114,1.84756,1.0,3.0
ENG-Premier League,2324,22119,2024-02-03 15:00:00,Burnley,Fulham,home,1.00428,1.28806,2.0,2.0
ENG-Premier League,2324,22128,2024-02-10 15:00:00,Burnley,Liverpool,away,1.11123,3.14734,1.0,3.0
ENG-Premier League,2324,22136,2024-02-17 15:00:00,Burnley,Arsenal,home,0.335143,2.20575,0.0,5.0
ENG-Premier League,2324,22150,2024-02-24 15:00:00,Burnley,Crystal Palace,away,0.0760216,2.41612,0.0,3.0
ENG-Premier League,2324,22156,2024-03-03 13:00:00,Burnley,Bournemouth,home,1.60461,1.43616,0.0,2.0
ENG-Premier League,2324,22173,2024-03-10 14:00:00,Burnley,West Ham,away,0.88131,1.87414,2.0,2.0
ENG-Premier League,2324,22177,2024-03-16 15:00:00,Burnley,Brentford,home,2.69776,1.25123,2.0,1.0
ENG-Premier League,2324,22188,2024-03-30 15:00:00,Burnley,Chelsea,away,2.10422,4.46643,2.0,2.0
ENG-Premier League,2324,22197,2024-04-02 18:45:00,Burnley,Wolverhampton Wanderers,home,1.12581,1.01021,1.0,1.0
ENG-Premier League,2324,22208,2024-04-06 14:00:00,Burnley,Everton,away,0.34699,0.659844,0.0,1.0
ENG-Premier League,2324,22218,2024-04-13 14:00:00,Burnley,Brighton,home,1.8522,0.889445,1.0,1.0
ENG-Premier League,2324,22232,2024-04-20 14:00:00,Burnley,Sheffield United,away,2.42338,1.97816,4.0,1.0
ENG-Premier League,2324,22239,2024-04-27 14:00:00,Burnley,Manchester United,away,1.89591,3.06197,1.0,1.0
ENG-Premier League,2324,22248,2024-05-04 14:00:00,Burnley,Newcastle United,home,1.28632,4.25643,1.0,4.0
ENG-Premier League,2324,22262,2024-05-11 14:00:00,Burnley,Tottenham,away,0.950331,3.00238,1.0,2.0
ENG-Premier League,2324,22268,2024-05-19 15:00:00,Burnley,Nottingham Forest,home,1.08222,1.57962,1.0,2.0
ENG-Premier League,2526,28782,2025-08-16 14:00:00,Burnley,Tottenham,away,0.734138,1.97858,0.0,3.0
ENG-Premier League,2526,28791,2025-08-23 14:00:00,Burnley,Sunderland,home,1.00381,1.12127,2.0,0.0
ENG-Premier League,2526,28802,2025-08-30 14:00:00,Burnley,Manchester United,away,1.32618,4.02237,2.0,3.0
ENG-Premier League,2526,28816,2025-09-14 13:00:00,Burnley,Liverpool,home,0.168041,2.79492,0.0,1.0
ENG-Premier League,2526,28822,2025-09-20 14:00:00,Burnley,Nottingham Forest,home,1.14159,0.830779,1.0,1.0
ENG-Premier League,2526,28833,2025-09-27 14:00:00,Burnley,Manchester City,away,0.509491,3.22133,1.0,5.0
ENG-Premier League,2526,28840,2025-10-05 13:00:00,Burnley,Aston Villa,away,0.502292,1.73572,1.0,2.0
ENG-Premier League,2526,28849,2025-10-18 14:00:00,Burnley,Leeds,home,0.509647,2.33152,2.0,0.0
ENG-Premier League,2526,28867,2025-10-26 13:00:00,Burnley,Wolverhampton Wanderers,away,1.54544,2.58132,3.0,2.0
ENG-Premier League,2526,28869,2025-11-01 15:00:00,Burnley,Arsenal,home,0.679177,2.51649,0.0,2.0
ENG-Premier League,2526,28887,2025-11-08 15:00:00,Burnley,West Ham,away,1.87478,2.96728,2.0,3.0
ENG-Premier League,2526,28891,2025-11-22 12:30:00,Burnley,Chelsea,home,0.660943,1.72093,0.0,2.0
ENG-Premier League,2526,28899,2025-11-29 15:00:00,Burnley,Brentford,away,0.874025,3.72106,1.0,3.0
ENG-Premier League,2526,28911,2025-12-03 19:30:00,Burnley,Crystal Palace,home,1.16852,0.987797,0.0,1.0
ENG-Premier League,2526,28925,2025-12-06 15:00:00,Burnley,Newcastle United,away,1.58375,1.80708,1.0,2.0
ENG-Premier League,2526,28930,2025-12-13 17:30:00,Burnley,Fulham,home,2.05486,1.65053,2.0,3.0
ENG-Premier League,2526,28938,2025-12-20 15:00:00,Burnley,Bournemouth,away,0.480528,1.81847,1.0,1.0
ENG-Premier League,2526,28950,2025-12-27 15:00:00,Burnley,Everton,home,1.24948,1.25204,0.0,0.0
ENG-Premier League,2526,28960,2025-12-30 19:30:00,Burnley,Newcastle United,home,1.32551,2.49248,1.0,3.0
ENG-Premier League,2526,28973,2026-01-03 15:00:00,Burnley,Brighton,away,0.254551,1.4717,0.0,2.0
ENG-Premier League,2526,28982,2026-01-07 20:15:00,Burnley,Manchester United,home,0.31971,2.52488,2.0,2.0
ENG-Premier League,2526,28992,2026-01-17 15:00:00,Burnley,Liverpool,away,0.546971,3.49045,1.0,1.0
ENG-Premier League,2526,29001,2026-01-24 15:00:00,Burnley,Tottenham,home,1.54884,2.59093,2.0,2.0
ENG-Premier League,2526,29011,2026-02-02 20:00:00,Burnley,Sunderland,away,0.126371,1.8865,0.0,3.0
ENG-Premier League,2526,29021,2026-02-07 15:00:00,Burnley,West Ham,home,1.84644,1.1223,0.0,2.0
ENG-Premier League,2526,29031,2026-02-11 19:30:00,Burnley,Crystal Palace,away,0.691273,2.1276,3.0,2.0
ENG-Premier League,2526,29040,2026-02-21 15:00:00,Burnley,Chelsea,away,1.01255,2.51534,1.0,1.0
ENG-Premier League,2526,29051,2026-02-28 15:00:00,Burnley,Brentford,home,0.823824,2.44595,3.0,4.0
ENG-Premier League,2526,29061,2026-03-03 19:30:00,Burnley,Everton,away,0.762229,1.15845,0.0,2.0
ENG-Premier League,2526,29070,2026-03-14 15:00:00,Burnley,Bournemouth,home,1.67695,2.36979,0.0,0.0
ENG-Premier League,2526,29082,2026-03-21 15:00:00,Burnley,Fulham,away,1.92556,3.48438,1.0,3.0
ENG-Premier League,2526,29094,2026-04-11 14:00:00,Burnley,Brighton,home,0.812029,1.07182,0.0,2.0
ENG-Premier League,2526,29106,2026-04-19 13:00:00,Burnley,Nottingham Forest,away,0.601418,1.4425,1.0,4.0
ENG-Premier League,2526,29111,2026-04-22 19:00:00,Burnley,Manchester City,home,0.973776,3.40888,0.0,1.0
ENG-Premier League,2526,29124,2026-05-01 20:00:00,Burnley,Leeds,away,0.434597,2.09546,1.0,3.0
ENG-Premier League,2526,29129,2026-05-10 14:00:00,Burnley,Aston Villa,home,1.71234,1.75493,2.0,2.0
ENG-Premier League,2526,29139,2026-05-18 20:00:00,Burnley,Arsenal,away,0.194884,1.22695,0.0,1.0
ENG-Premier League,2526,29149,2026-05-24 15:00:00,Burnley,Wolverhampton Wanderers,home,1.28476,2.8433,1.0,1.0
ENG-Premier League,1920,11652,2019-08-11 16:30:00,Chelsea,Manchester United,away,1.09534,2.37442,0.0,4.0
ENG-Premier League,1920,11661,2019-08-18 16:30:00,Chelsea,Leicester,home,1.22629,0.947941,1.0,1.0
ENG-Premier League,1920,11664,2019-08-24 12:30:00,Chelsea,Norwich,away,1.89428,1.07904,3.0,2.0
ENG-Premier League,1920,11675,2019-08-31 15:00:00,Chelsea,Sheffield United,home,2.30579,1.04649,2.0,2.0
ENG-Premier League,1920,11688,2019-09-14 14:00:00,Chelsea,Wolverhampton Wanderers,away,3.06799,1.49359,5.0,2.0
ENG-Premier League,1920,11701,2019-09-22 15:30:00,Chelsea,Liverpool,home,1.23321,1.03003,1.0,2.0
ENG-Premier League,1920,11708,2019-09-28 14:00:00,Chelsea,Brighton,home,4.26443,0.616263,2.0,0.0
ENG-Premier League,1920,11718,2019-10-06 14:00:00,Chelsea,Southampton,away,2.15201,1.27044,4.0,1.0
ENG-Premier League,1920,11725,2019-10-19 15:00:00,Chelsea,Newcastle United,home,2.30068,0.197082,1.0,0.0
ENG-Premier League,1920,11735,2019-10-26 17:30:00,Chelsea,Burnley,away,0.988321,2.23494,4.0,2.0
ENG-Premier League,1920,11751,2019-11-02 17:30:00,Chelsea,Watford,away,2.18313,1.4744,2.0,1.0
ENG-Premier League,1920,11754,2019-11-09 12:30:00,Chelsea,Crystal Palace,home,3.28903,0.479488,2.0,0.0
ENG-Premier League,1920,11769,2019-11-23 17:30:00,Chelsea,Manchester City,away,0.820474,1.23596,1.0,2.0
ENG-Premier League,1920,11774,2019-11-30 15:00:00,Chelsea,West Ham,home,2.73185,1.12034,0.0,1.0
ENG-Premier League,1920,11789,2019-12-04 19:30:00,Chelsea,Aston Villa,home,1.9774,0.86086,2.0,1.0
ENG-Premier League,1920,11796,2019-12-07 12:30:00,Chelsea,Everton,away,1.25734,2.03892,1.0,3.0
ENG-Premier League,1920,11805,2019-12-14 15:00:00,Chelsea,Bournemouth,home,2.02119,1.20777,0.0,1.0
ENG-Premier League,1920,11820,2019-12-22 16:30:00,Chelsea,Tottenham,away,1.49374,0.276667,2.0,0.0
ENG-Premier League,1920,11825,2019-12-26 15:00:00,Chelsea,Southampton,home,0.859973,0.981321,0.0,2.0
ENG-Premier League,1920,11833,2019-12-29 14:00:00,Chelsea,Arsenal,away,1.49666,0.785214,2.0,1.0
ENG-Premier League,1920,11845,2020-01-01 12:30:00,Chelsea,Brighton,away,1.57497,1.56978,1.0,1.0
ENG-Premier League,1920,11858,2020-01-11 15:00:00,Chelsea,Burnley,home,2.87633,0.717407,3.0,0.0
ENG-Premier League,1920,11868,2020-01-18 17:30:00,Chelsea,Newcastle United,away,2.05436,0.892988,0.0,1.0
ENG-Premier League,1920,11881,2020-01-21 20:15:00,Chelsea,Arsenal,home,3.38612,0.568077,2.0,2.0
ENG-Premier League,1920,11886,2020-02-01 12:30:00,Chelsea,Leicester,away,0.806995,1.65956,2.0,2.0
ENG-Premier League,1920,11896,2020-02-17 20:00:00,Chelsea,Manchester United,home,0.940204,0.681814,0.0,2.0
ENG-Premier League,1920,11906,2020-02-22 12:30:00,Chelsea,Tottenham,home,1.78193,0.265879,2.0,1.0
ENG-Premier League,1920,11914,2020-02-29 15:00:00,Chelsea,Bournemouth,away,1.98271,1.58495,2.0,2.0
ENG-Premier League,1920,11925,2020-03-08 14:00:00,Chelsea,Everton,home,2.02883,0.445922,4.0,0.0
ENG-Premier League,1920,11933,2020-06-21 15:15:00,Chelsea,Aston Villa,away,1.14011,1.57223,2.0,1.0
ENG-Premier League,1920,11946,2020-06-25 19:15:00,Chelsea,Manchester City,home,4.206,0.690594,2.0,1.0
ENG-Premier League,1920,11962,2020-07-01 19:15:00,Chelsea,West Ham,away,1.57609,2.10497,2.0,3.0
ENG-Premier League,1920,11964,2020-07-04 19:00:00,Chelsea,Watford,home,2.78877,0.608971,3.0,0.0
ENG-Premier League,1920,11977,2020-07-07 17:00:00,Chelsea,Crystal Palace,away,2.65753,1.2882,3.0,2.0
ENG-Premier League,1920,11989,2020-07-11 16:30:00,Chelsea,Sheffield United,away,1.17509,2.00632,0.0,3.0
ENG-Premier League,1920,11995,2020-07-14 19:15:00,Chelsea,Norwich,home,3.05119,0.0631109,1.0,0.0
ENG-Premier League,1920,12006,2020-07-22 19:15:00,Chelsea,Liverpool,away,2.38205,1.45179,3.0,5.0
ENG-Premier League,1920,12021,2020-07-26 15:00:00,Chelsea,Wolverhampton Wanderers,home,1.15938,0.164561,2.0,0.0
ENG-Premier League,2021,14095,2020-09-14 19:15:00,Chelsea,Brighton,away,1.27062,1.44281,3.0,1.0
ENG-Premier League,2021,14102,2020-09-20 15:30:00,Chelsea,Liverpool,home,0.904183,2.25211,0.0,2.0
ENG-Premier League,2021,14108,2020-09-26 16:30:00,Chelsea,West Bromwich Albion,away,2.36046,0.911185,3.0,3.0
ENG-Premier League,2021,14467,2020-10-03 11:30:00,Chelsea,Crystal Palace,home,2.51433,0.103249,4.0,0.0
ENG-Premier League,2021,14475,2020-10-17 14:00:00,Chelsea,Southampton,home,1.98708,1.42348,3.0,3.0
ENG-Premier League,2021,14491,2020-10-24 16:30:00,Chelsea,Manchester United,away,0.219906,0.648427,0.0,0.0
ENG-Premier League,2021,14496,2020-10-31 15:00:00,Chelsea,Burnley,away,1.23077,0.407341,3.0,0.0
ENG-Premier League,2021,14507,2020-11-07 17:30:00,Chelsea,Sheffield United,home,2.87622,0.743967,4.0,1.0
ENG-Premier League,2021,14521,2020-11-21 12:30:00,Chelsea,Newcastle United,away,1.81923,0.368286,2.0,0.0
ENG-Premier League,2021,14529,2020-11-29 16:30:00,Chelsea,Tottenham,home,0.974755,0.22689,0.0,0.0
ENG-Premier League,2021,14538,2020-12-05 20:00:00,Chelsea,Leeds,home,4.89472,1.0277,3.0,1.0
ENG-Premier League,2021,14546,2020-12-12 20:00:00,Chelsea,Everton,away,1.00627,1.2216,0.0,1.0
ENG-Premier League,2021,14562,2020-12-15 18:00:00,Chelsea,Wolverhampton Wanderers,away,1.56772,0.683783,1.0,2.0
ENG-Premier League,2021,14567,2020-12-21 20:00:00,Chelsea,West Ham,home,2.41157,0.277737,3.0,0.0
ENG-Premier League,2021,14575,2020-12-26 17:30:00,Chelsea,Arsenal,away,2.25414,1.94485,1.0,3.0
ENG-Premier League,2021,14586,2020-12-28 17:30:00,Chelsea,Aston Villa,home,1.53701,0.730859,1.0,1.0
ENG-Premier League,2021,14603,2021-01-03 16:30:00,Chelsea,Manchester City,home,0.691013,3.18063,1.0,3.0
ENG-Premier League,2021,14617,2021-01-16 17:30:00,Chelsea,Fulham,away,1.37939,0.46126,1.0,0.0
ENG-Premier League,2021,14609,2021-01-19 20:15:00,Chelsea,Leicester,away,0.615727,1.1449,0.0,2.0
ENG-Premier League,2021,14630,2021-01-27 18:00:00,Chelsea,Wolverhampton Wanderers,home,0.663324,0.63192,0.0,0.0
ENG-Premier League,2021,14637,2021-01-31 12:00:00,Chelsea,Burnley,home,1.4405,0.390714,2.0,0.0
ENG-Premier League,2021,14653,2021-02-04 20:00:00,Chelsea,Tottenham,away,2.393,0.569446,1.0,0.0
ENG-Premier League,2021,14662,2021-02-07 19:15:00,Chelsea,Sheffield United,away,1.64144,0.623045,2.0,1.0
ENG-Premier League,2021,14667,2021-02-15 20:00:00,Chelsea,Newcastle United,home,2.5428,0.432603,2.0,0.0
ENG-Premier League,2021,14682,2021-02-20 12:30:00,Chelsea,Southampton,away,1.44849,0.496603,1.0,1.0
ENG-Premier League,2021,14685,2021-02-28 16:30:00,Chelsea,Manchester United,home,1.17294,0.35954,0.0,0.0
ENG-Premier League,2021,14719,2021-03-04 20:15:00,Chelsea,Liverpool,away,1.22635,0.247034,1.0,0.0
ENG-Premier League,2021,14698,2021-03-08 18:00:00,Chelsea,Everton,home,2.57224,0.270757,2.0,0.0
ENG-Premier League,2021,14709,2021-03-13 12:30:00,Chelsea,Leeds,away,0.971054,0.382957,0.0,0.0
ENG-Premier League,2021,14727,2021-04-03 11:30:00,Chelsea,West Bromwich Albion,home,2.55917,1.38315,2.0,5.0
ENG-Premier League,2021,14737,2021-04-10 16:30:00,Chelsea,Crystal Palace,away,3.85472,0.602167,4.0,1.0
ENG-Premier League,2021,14747,2021-04-20 19:00:00,Chelsea,Brighton,home,0.807348,0.459568,0.0,0.0
ENG-Premier League,2021,14763,2021-04-24 16:30:00,Chelsea,West Ham,away,2.52059,0.267123,1.0,0.0
ENG-Premier League,2021,14767,2021-05-01 16:30:00,Chelsea,Fulham,home,1.8433,0.290042,2.0,0.0
ENG-Premier League,2021,14781,2021-05-08 16:30:00,Chelsea,Manchester City,away,0.619724,1.79168,2.0,1.0
ENG-Premier League,2021,14790,2021-05-12 19:15:00,Chelsea,Arsenal,home,1.56786,0.692043,0.0,1.0
ENG-Premier League,2021,14797,2021-05-18 19:15:00,Chelsea,Leicester,home,2.86149,0.832596,2.0,1.0
ENG-Premier League,2021,14806,2021-05-23 15:00:00,Chelsea,Aston Villa,away,3.43414,0.980413,1.0,2.0
ENG-Premier League,2122,16379,2021-08-14 14:00:00,Chelsea,Crystal Palace,home,1.18709,0.321701,3.0,0.0
ENG-Premier League,2122,16394,2021-08-22 15:30:00,Chelsea,Arsenal,away,3.64132,0.630099,2.0,0.0
ENG-Premier League,2122,16402,2021-08-28 16:30:00,Chelsea,Liverpool,away,0.573638,2.08462,1.0,1.0
ENG-Premier League,2122,16413,2021-09-11 16:30:00,Chelsea,Aston Villa,home,1.22153,1.17349,3.0,0.0
ENG-Premier League,2122,16425,2021-09-19 15:30:00,Chelsea,Tottenham,away,2.5869,0.70567,3.0,0.0
ENG-Premier League,2122,16426,2021-09-25 11:30:00,Chelsea,Manchester City,home,0.194202,1.69244,0.0,1.0
ENG-Premier League,2122,16438,2021-10-02 14:00:00,Chelsea,Southampton,home,3.79243,1.52634,3.0,1.0
ENG-Premier League,2122,16448,2021-10-16 16:30:00,Chelsea,Brentford,away,0.248256,1.62169,1.0,0.0
ENG-Premier League,2122,16459,2021-10-23 11:30:00,Chelsea,Norwich,home,3.10509,0.267429,7.0,0.0
ENG-Premier League,2122,16471,2021-10-30 14:00:00,Chelsea,Newcastle United,away,2.16608,0.157616,3.0,0.0
ENG-Premier League,2122,16479,2021-11-06 15:00:00,Chelsea,Burnley,home,3.00585,0.674072,1.0,1.0
ENG-Premier League,2122,16488,2021-11-20 12:30:00,Chelsea,Leicester,away,2.57178,0.499504,3.0,0.0
ENG-Premier League,2122,16500,2021-11-28 16:30:00,Chelsea,Manchester United,home,2.34525,0.563367,1.0,1.0
ENG-Premier League,2122,16509,2021-12-01 19:30:00,Chelsea,Watford,away,0.908574,0.990877,2.0,1.0
ENG-Premier League,2122,16524,2021-12-04 12:30:00,Chelsea,West Ham,away,1.37049,2.0174,2.0,3.0
ENG-Premier League,2122,16530,2021-12-11 15:00:00,Chelsea,Leeds,home,2.74844,1.72934,3.0,2.0
ENG-Premier League,2122,16543,2021-12-16 19:45:00,Chelsea,Everton,home,3.20239,0.627528,1.0,1.0
ENG-Premier League,2122,16555,2021-12-19 14:00:00,Chelsea,Wolverhampton Wanderers,away,0.793952,0.321371,0.0,0.0
ENG-Premier League,2122,16556,2021-12-26 17:30:00,Chelsea,Aston Villa,away,2.8285,0.474029,3.0,1.0
ENG-Premier League,2122,16568,2021-12-29 19:30:00,Chelsea,Brighton,home,0.763458,0.78663,1.0,1.0
ENG-Premier League,2122,16578,2022-01-02 16:30:00,Chelsea,Liverpool,home,1.389,1.78897,2.0,2.0
ENG-Premier League,2122,16590,2022-01-15 12:30:00,Chelsea,Manchester City,away,0.613757,0.901703,0.0,1.0
ENG-Premier League,2122,16607,2022-01-18 09:45:00,Chelsea,Brighton,away,0.572994,0.747557,1.0,1.0
ENG-Premier League,2122,16598,2022-01-23 16:30:00,Chelsea,Tottenham,home,1.04212,0.328818,2.0,0.0
ENG-Premier League,2122,16629,2022-02-19 15:00:00,Chelsea,Crystal Palace,away,1.12339,0.624023,1.0,0.0
ENG-Premier League,2122,16647,2022-03-05 15:00:00,Chelsea,Burnley,away,2.2868,0.849232,4.0,0.0
ENG-Premier League,2122,16672,2022-03-10 19:30:00,Chelsea,Norwich,away,2.1308,0.965723,3.0,1.0
ENG-Premier League,2122,16659,2022-03-13 14:00:00,Chelsea,Newcastle United,home,1.07072,0.246037,1.0,0.0
ENG-Premier League,2122,16683,2022-04-02 14:00:00,Chelsea,Brentford,home,1.29014,2.43422,1.0,4.0
ENG-Premier League,2122,16687,2022-04-09 14:00:00,Chelsea,Southampton,away,4.39683,0.564726,6.0,0.0
ENG-Premier League,2122,16618,2022-04-20 18:45:00,Chelsea,Arsenal,home,0.593801,1.87331,2.0,4.0
ENG-Premier League,2122,16711,2022-04-24 13:00:00,Chelsea,West Ham,home,2.34959,0.388975,1.0,0.0
ENG-Premier League,2122,16742,2022-04-28 18:45:00,Chelsea,Manchester United,away,2.46868,0.618456,1.0,1.0
ENG-Premier League,2122,16724,2022-05-01 13:00:00,Chelsea,Everton,away,1.21141,1.11712,0.0,1.0
ENG-Premier League,2122,16731,2022-05-07 14:00:00,Chelsea,Wolverhampton Wanderers,home,1.82098,1.6842,2.0,2.0
ENG-Premier League,2122,16703,2022-05-11 18:30:00,Chelsea,Leeds,away,1.46853,0.499789,3.0,0.0
ENG-Premier League,2122,16639,2022-05-19 19:00:00,Chelsea,Leicester,home,1.61996,0.0417972,1.0,1.0
ENG-Premier League,2122,16750,2022-05-22 15:00:00,Chelsea,Watford,home,2.59231,0.575755,2.0,1.0
ENG-Premier League,2223,18208,2022-08-06 16:30:00,Chelsea,Everton,away,1.92315,0.541983,1.0,0.0
ENG-Premier League,2223,18220,2022-08-14 15:30:00,Chelsea,Tottenham,home,1.83945,1.58708,2.0,2.0
ENG-Premier League,2223,18228,2022-08-21 13:00:00,Chelsea,Leeds,away,0.692492,2.20971,0.0,3.0
ENG-Premier League,2223,18235,2022-08-27 14:00:00,Chelsea,Leicester,home,1.74916,1.96023,2.0,1.0
ENG-Premier League,2223,18244,2022-08-30 18:45:00,Chelsea,Southampton,away,1.5047,1.44086,1.0,2.0
ENG-Premier League,2223,18260,2022-09-03 14:00:00,Chelsea,West Ham,home,0.707333,1.4196,2.0,1.0
ENG-Premier League,2223,18284,2022-10-01 14:00:00,Chelsea,Crystal Palace,away,1.25506,0.70987,2.0,1.0
ENG-Premier League,2223,18295,2022-10-08 14:00:00,Chelsea,Wolverhampton Wanderers,home,2.43092,0.748449,3.0,0.0
ENG-Premier League,2223,18302,2022-10-16 13:00:00,Chelsea,Aston Villa,away,1.23643,2.44542,2.0,0.0
ENG-Premier League,2223,18314,2022-10-19 18:30:00,Chelsea,Brentford,away,0.557405,1.45228,0.0,0.0
ENG-Premier League,2223,18323,2022-10-22 15:30:00,Chelsea,Manchester United,home,1.20238,0.730935,1.0,1.0
ENG-Premier League,2223,18335,2022-10-29 14:00:00,Chelsea,Brighton,away,1.07554,2.881,1.0,4.0
ENG-Premier League,2223,18343,2022-11-06 12:00:00,Chelsea,Arsenal,home,0.278815,2.37846,0.0,1.0
ENG-Premier League,2223,18357,2022-11-12 17:30:00,Chelsea,Newcastle United,away,0.359105,1.3601,0.0,1.0
ENG-Premier League,2223,18365,2022-12-27 17:30:00,Chelsea,Bournemouth,home,1.91378,0.44307,2.0,0.0
ENG-Premier League,2223,18378,2023-01-01 16:30:00,Chelsea,Nottingham Forest,away,1.37305,0.985219,1.0,1.0
ENG-Premier League,2223,18385,2023-01-05 20:00:00,Chelsea,Manchester City,home,0.493576,1.71972,0.0,1.0
ENG-Premier League,2223,18262,2023-01-12 19:00:00,Chelsea,Fulham,away,2.39911,0.711266,1.0,2.0
ENG-Premier League,2223,18395,2023-01-15 14:00:00,Chelsea,Crystal Palace,home,2.12987,0.837366,1.0,0.0
ENG-Premier League,2223,18408,2023-01-21 12:30:00,Chelsea,Liverpool,away,1.84467,1.30125,0.0,0.0
ENG-Premier League,2223,18415,2023-02-03 20:00:00,Chelsea,Fulham,home,1.41471,0.493341,0.0,0.0
ENG-Premier League,2223,18431,2023-02-11 12:30:00,Chelsea,West Ham,away,0.900465,1.07615,1.0,1.0
ENG-Premier League,2223,18435,2023-02-18 15:00:00,Chelsea,Southampton,home,1.61723,0.619532,0.0,1.0
ENG-Premier League,2223,18450,2023-02-26 13:30:00,Chelsea,Tottenham,away,0.262281,0.926313,0.0,2.0
ENG-Premier League,2223,18456,2023-03-04 15:00:00,Chelsea,Leeds,home,1.8678,0.633995,1.0,0.0
ENG-Premier League,2223,18467,2023-03-11 15:00:00,Chelsea,Leicester,away,1.49478,2.36139,3.0,1.0
ENG-Premier League,2223,18476,2023-03-18 17:30:00,Chelsea,Everton,home,1.90027,1.64675,2.0,2.0
ENG-Premier League,2223,18485,2023-04-01 16:30:00,Chelsea,Aston Villa,home,2.38024,0.765794,0.0,2.0
ENG-Premier League,2223,18281,2023-04-04 19:00:00,Chelsea,Liverpool,home,2.18903,0.202217,0.0,0.0
ENG-Premier League,2223,18501,2023-04-08 14:00:00,Chelsea,Wolverhampton Wanderers,away,0.815308,0.601153,0.0,1.0
ENG-Premier League,2223,18503,2023-04-15 14:00:00,Chelsea,Brighton,home,0.46331,2.52107,1.0,2.0
ENG-Premier League,2223,18529,2023-04-26 18:45:00,Chelsea,Brentford,home,1.21124,0.695344,0.0,2.0
ENG-Premier League,2223,18532,2023-05-02 19:00:00,Chelsea,Arsenal,away,0.785202,2.7832,1.0,3.0
ENG-Premier League,2223,18542,2023-05-06 14:00:00,Chelsea,Bournemouth,away,1.76852,1.21755,3.0,1.0
ENG-Premier League,2223,18555,2023-05-13 14:00:00,Chelsea,Nottingham Forest,home,0.999181,1.96797,2.0,2.0
ENG-Premier League,2223,18566,2023-05-21 15:00:00,Chelsea,Manchester City,away,1.15648,1.20557,0.0,1.0
ENG-Premier League,2223,18520,2023-05-25 19:00:00,Chelsea,Manchester United,away,1.68364,4.92231,1.0,4.0
ENG-Premier League,2223,18575,2023-05-28 15:30:00,Chelsea,Newcastle United,home,2.01924,1.51899,1.0,1.0
ENG-Premier League,2324,22283,2023-08-13 15:30:00,Chelsea,Liverpool,home,1.93258,1.29994,1.0,1.0
ENG-Premier League,2324,22293,2023-08-20 15:30:00,Chelsea,West Ham,away,1.60916,1.71234,1.0,3.0
ENG-Premier League,2324,22295,2023-08-25 19:00:00,Chelsea,Luton,home,3.41419,0.465741,3.0,0.0
ENG-Premier League,2324,21930,2023-09-02 14:00:00,Chelsea,Nottingham Forest,home,2.28442,1.1505,0.0,1.0
ENG-Premier League,2324,21942,2023-09-17 13:00:00,Chelsea,Bournemouth,away,1.39677,1.32515,0.0,0.0
ENG-Premier League,2324,21947,2023-09-24 13:00:00,Chelsea,Aston Villa,home,1.19716,1.13479,0.0,1.0
ENG-Premier League,2324,21964,2023-10-02 19:00:00,Chelsea,Fulham,away,1.98461,0.889383,2.0,0.0
ENG-Premier League,2324,21967,2023-10-07 14:00:00,Chelsea,Burnley,away,1.97566,0.956642,4.0,1.0
ENG-Premier League,2324,21978,2023-10-21 16:30:00,Chelsea,Arsenal,home,1.71838,1.05791,2.0,2.0
ENG-Premier League,2324,21989,2023-10-28 11:30:00,Chelsea,Brentford,home,1.71801,2.48137,0.0,2.0
ENG-Premier League,2324,22004,2023-11-06 20:00:00,Chelsea,Tottenham,away,4.05865,0.959108,4.0,1.0
ENG-Premier League,2324,22009,2023-11-12 16:30:00,Chelsea,Manchester City,home,3.47238,3.19324,4.0,4.0
ENG-Premier League,2324,22021,2023-11-25 15:00:00,Chelsea,Newcastle United,away,0.968061,2.15227,1.0,4.0
ENG-Premier League,2324,22029,2023-12-03 14:00:00,Chelsea,Brighton,home,1.66304,0.855058,3.0,2.0
ENG-Premier League,2324,22044,2023-12-06 20:15:00,Chelsea,Manchester United,away,2.3512,4.03949,1.0,2.0
ENG-Premier League,2324,22048,2023-12-10 14:00:00,Chelsea,Everton,away,0.885512,1.11437,0.0,2.0
ENG-Premier League,2324,22059,2023-12-16 15:00:00,Chelsea,Sheffield United,home,3.27322,0.44014,2.0,0.0
ENG-Premier League,2324,22073,2023-12-24 13:00:00,Chelsea,Wolverhampton Wanderers,away,1.75447,1.74626,1.0,2.0
ENG-Premier League,2324,22080,2023-12-27 19:30:00,Chelsea,Crystal Palace,home,2.73005,0.958077,2.0,1.0
ENG-Premier League,2324,22089,2023-12-30 12:30:00,Chelsea,Luton,away,1.57463,2.64093,3.0,2.0
ENG-Premier League,2324,22097,2024-01-13 12:30:00,Chelsea,Fulham,home,2.0456,0.697847,1.0,0.0
ENG-Premier League,2324,22113,2024-01-31 20:15:00,Chelsea,Liverpool,away,0.477972,3.6627,1.0,4.0
ENG-Premier League,2324,22120,2024-02-04 14:00:00,Chelsea,Wolverhampton Wanderers,home,2.35967,2.48996,2.0,4.0
ENG-Premier League,2324,22126,2024-02-12 20:00:00,Chelsea,Crystal Palace,away,1.26948,0.719516,3.0,1.0
ENG-Premier League,2324,22140,2024-02-17 17:30:00,Chelsea,Manchester City,away,1.82903,2.77713,1.0,1.0
ENG-Premier League,2324,22155,2024-03-02 15:00:00,Chelsea,Brentford,away,2.1523,2.4732,2.0,2.0
ENG-Premier League,2324,22169,2024-03-11 20:00:00,Chelsea,Newcastle United,home,1.78315,0.568435,3.0,2.0
ENG-Premier League,2324,22188,2024-03-30 15:00:00,Chelsea,Burnley,home,4.46643,2.10422,2.0,2.0
ENG-Premier League,2324,22201,2024-04-04 19:15:00,Chelsea,Manchester United,home,3.48048,1.56686,4.0,3.0
ENG-Premier League,2324,22212,2024-04-07 16:30:00,Chelsea,Sheffield United,away,0.521789,1.74265,2.0,2.0
ENG-Premier League,2324,22219,2024-04-15 19:00:00,Chelsea,Everton,home,3.37093,1.21791,6.0,0.0
ENG-Premier League,2324,22175,2024-04-23 19:00:00,Chelsea,Arsenal,away,1.60343,3.45858,0.0,5.0
ENG-Premier League,2324,22236,2024-04-27 19:00:00,Chelsea,Aston Villa,away,1.56401,0.612257,2.0,2.0
ENG-Premier League,2324,22149,2024-05-02 18:30:00,Chelsea,Tottenham,home,2.22432,1.27064,2.0,0.0
ENG-Premier League,2324,22249,2024-05-05 13:00:00,Chelsea,West Ham,home,4.21838,0.893899,5.0,0.0
ENG-Premier League,2324,22261,2024-05-11 16:30:00,Chelsea,Nottingham Forest,away,2.41068,2.44569,3.0,2.0
ENG-Premier League,2324,22226,2024-05-15 18:45:00,Chelsea,Brighton,away,1.544,1.32423,2.0,1.0
ENG-Premier League,2324,22269,2024-05-19 15:00:00,Chelsea,Bournemouth,home,1.59771,2.002,2.0,1.0
ENG-Premier League,2425,26610,2024-08-18 15:30:00,Chelsea,Manchester City,home,1.06123,1.18038,0.0,2.0
ENG-Premier League,2425,26619,2024-08-25 13:00:00,Chelsea,Wolverhampton Wanderers,away,2.02935,2.4181,6.0,2.0
ENG-Premier League,2425,26630,2024-09-01 12:30:00,Chelsea,Crystal Palace,home,2.97743,0.459708,1.0,1.0
ENG-Premier League,2425,26639,2024-09-14 19:00:00,Chelsea,Bournemouth,away,0.932726,1.53731,1.0,0.0
ENG-Premier League,2425,26642,2024-09-21 11:30:00,Chelsea,West Ham,away,2.39727,0.758267,3.0,0.0
ENG-Premier League,2425,26657,2024-09-28 14:00:00,Chelsea,Brighton,home,3.65839,1.20712,4.0,2.0
ENG-Premier League,2425,26668,2024-10-06 13:00:00,Chelsea,Nottingham Forest,home,2.27752,1.66654,1.0,1.0
ENG-Premier League,2425,26679,2024-10-20 15:30:00,Chelsea,Liverpool,away,1.33904,2.22517,1.0,2.0
ENG-Premier League,2425,26688,2024-10-27 14:00:00,Chelsea,Newcastle United,home,1.61794,1.74225,2.0,1.0
ENG-Premier League,2425,26697,2024-11-03 16:30:00,Chelsea,Manchester United,away,1.21071,2.1605,1.0,1.0
ENG-Premier League,2425,26705,2024-11-10 16:30:00,Chelsea,Arsenal,home,1.24067,1.9605,1.0,1.0
ENG-Premier League,2425,26719,2024-11-23 12:30:00,Chelsea,Leicester,away,2.81658,0.967987,2.0,1.0
ENG-Premier League,2425,26724,2024-12-01 13:30:00,Chelsea,Aston Villa,home,1.94939,0.875443,3.0,0.0
ENG-Premier League,2425,26741,2024-12-04 19:30:00,Chelsea,Southampton,away,5.8331,1.91014,5.0,1.0
ENG-Premier League,2425,26745,2024-12-08 16:30:00,Chelsea,Tottenham,away,2.57326,3.25488,4.0,3.0
ENG-Premier League,2425,26757,2024-12-15 19:00:00,Chelsea,Brentford,home,2.59146,1.65861,2.0,1.0
ENG-Premier League,2425,26764,2024-12-22 14:00:00,Chelsea,Everton,away,1.51591,1.07081,0.0,0.0
ENG-Premier League,2425,26775,2024-12-26 15:00:00,Chelsea,Fulham,home,1.55626,1.77929,1.0,2.0
ENG-Premier League,2425,26787,2024-12-30 19:45:00,Chelsea,Ipswich,away,1.60622,1.50093,0.0,2.0
ENG-Premier League,2425,26795,2025-01-04 15:00:00,Chelsea,Crystal Palace,away,1.51541,1.2766,1.0,1.0
ENG-Premier League,2425,26809,2025-01-14 19:30:00,Chelsea,Bournemouth,home,2.53808,1.14845,2.0,2.0
ENG-Premier League,2425,26814,2025-01-20 20:00:00,Chelsea,Wolverhampton Wanderers,home,3.14882,1.06726,3.0,1.0
ENG-Premier League,2425,26828,2025-01-25 17:30:00,Chelsea,Manchester City,away,1.49843,2.23213,1.0,3.0
ENG-Premier League,2425,26835,2025-02-03 20:00:00,Chelsea,West Ham,home,1.39066,1.1868,2.0,1.0
ENG-Premier League,2425,26843,2025-02-14 20:00:00,Chelsea,Brighton,away,0.649788,2.06892,0.0,3.0
ENG-Premier League,2425,26854,2025-02-22 17:30:00,Chelsea,Aston Villa,away,2.17418,2.69413,1.0,2.0
ENG-Premier League,2425,26869,2025-02-25 20:15:00,Chelsea,Southampton,home,2.98234,0.845039,4.0,0.0
ENG-Premier League,2425,26874,2025-03-09 14:00:00,Chelsea,Leicester,home,1.76844,0.108487,1.0,0.0
ENG-Premier League,2425,26883,2025-03-16 13:30:00,Chelsea,Arsenal,away,0.286036,0.695725,0.0,1.0
ENG-Premier League,2425,26897,2025-04-03 19:00:00,Chelsea,Tottenham,home,1.30443,1.40274,1.0,0.0
ENG-Premier League,2425,26903,2025-04-06 13:00:00,Chelsea,Brentford,away,1.47829,1.36123,0.0,0.0
ENG-Premier League,2425,26915,2025-04-13 13:00:00,Chelsea,Ipswich,home,2.90758,1.60301,2.0,2.0
ENG-Premier League,2425,26926,2025-04-20 13:00:00,Chelsea,Fulham,away,0.75172,0.306122,2.0,1.0
ENG-Premier League,2425,26935,2025-04-26 11:30:00,Chelsea,Everton,home,0.768313,0.916838,1.0,0.0
ENG-Premier League,2425,26948,2025-05-04 15:30:00,Chelsea,Liverpool,home,3.51944,1.4267,3.0,1.0
ENG-Premier League,2425,26957,2025-05-11 11:00:00,Chelsea,Newcastle United,away,0.646426,1.6703,0.0,2.0
ENG-Premier League,2425,26966,2025-05-16 19:15:00,Chelsea,Manchester United,home,1.29571,0.337632,1.0,0.0
ENG-Premier League,2425,26972,2025-05-25 15:00:00,Chelsea,Nottingham Forest,away,1.30874,1.58014,1.0,0.0
ENG-Premier League,2526,28784,2025-08-17 13:00:00,Chelsea,Crystal Palace,home,1.36793,1.03414,0.0,0.0
ENG-Premier League,2526,28788,2025-08-22 19:00:00,Chelsea,West Ham,away,3.94997,0.978572,5.0,1.0
ENG-Premier League,2526,28798,2025-08-30 11:30:00,Chelsea,Fulham,home,2.4324,0.736228,2.0,0.0
ENG-Premier League,2526,28815,2025-09-13 19:00:00,Chelsea,Brentford,away,0.755999,1.17533,2.0,2.0
ENG-Premier League,2526,28824,2025-09-20 16:30:00,Chelsea,Manchester United,away,0.469843,1.34458,1.0,2.0
ENG-Premier League,2526,28829,2025-09-27 14:00:00,Chelsea,Brighton,home,2.02653,2.4751,1.0,3.0
ENG-Premier League,2526,28842,2025-10-04 16:30:00,Chelsea,Liverpool,home,1.23721,2.05981,2.0,1.0
ENG-Premier League,2526,28854,2025-10-18 11:30:00,Chelsea,Nottingham Forest,away,2.5583,2.0555,3.0,0.0
ENG-Premier League,2526,28862,2025-10-25 14:00:00,Chelsea,Sunderland,home,1.21332,1.5506,1.0,2.0
ENG-Premier League,2526,28876,2025-11-01 17:30:00,Chelsea,Tottenham,away,3.34251,0.146954,1.0,0.0
ENG-Premier League,2526,28880,2025-11-08 20:00:00,Chelsea,Wolverhampton Wanderers,home,3.98342,0.111462,3.0,0.0
ENG-Premier League,2526,28891,2025-11-22 12:30:00,Chelsea,Burnley,away,1.72093,0.660943,2.0,0.0
ENG-Premier League,2526,28900,2025-11-30 16:30:00,Chelsea,Arsenal,home,0.791914,1.22828,1.0,1.0
ENG-Premier League,2526,28913,2025-12-03 20:15:00,Chelsea,Leeds,away,0.964018,2.2047,1.0,3.0
ENG-Premier League,2526,28918,2025-12-06 15:00:00,Chelsea,Bournemouth,away,0.672602,1.41931,0.0,0.0
ENG-Premier League,2526,28931,2025-12-13 15:00:00,Chelsea,Everton,home,2.64457,1.34,2.0,0.0
ENG-Premier League,2526,28945,2025-12-20 12:30:00,Chelsea,Newcastle United,away,1.0261,2.87863,2.0,2.0
ENG-Premier League,2526,28951,2025-12-27 17:30:00,Chelsea,Aston Villa,home,1.97155,2.05918,1.0,2.0
ENG-Premier League,2526,28961,2025-12-30 19:30:00,Chelsea,Bournemouth,home,2.33294,3.49142,2.0,2.0
ENG-Premier League,2526,28977,2026-01-04 17:30:00,Chelsea,Manchester City,away,2.03726,1.03049,1.0,1.0
ENG-Premier League,2526,28984,2026-01-07 19:30:00,Chelsea,Fulham,away,2.45107,1.06013,1.0,2.0
ENG-Premier League,2526,28990,2026-01-17 15:00:00,Chelsea,Brentford,home,1.62263,1.47521,2.0,0.0
ENG-Premier League,2526,29002,2026-01-25 14:00:00,Chelsea,Crystal Palace,away,3.08817,2.41793,3.0,1.0
ENG-Premier League,2526,29009,2026-01-31 17:30:00,Chelsea,West Ham,home,2.66133,1.72585,3.0,2.0
ENG-Premier League,2526,29027,2026-02-07 15:00:00,Chelsea,Wolverhampton Wanderers,away,3.76278,1.11372,3.0,1.0
ENG-Premier League,2526,29030,2026-02-10 19:30:00,Chelsea,Leeds,home,3.21176,1.28948,2.0,2.0
ENG-Premier League,2526,29040,2026-02-21 15:00:00,Chelsea,Burnley,home,2.51534,1.01255,1.0,1.0
ENG-Premier League,2526,29049,2026-03-01 16:30:00,Chelsea,Arsenal,away,1.35268,1.71598,1.0,2.0
ENG-Premier League,2526,29059,2026-03-04 19:30:00,Chelsea,Aston Villa,away,3.38883,1.06854,4.0,1.0
ENG-Premier League,2526,29071,2026-03-14 17:30:00,Chelsea,Newcastle United,home,1.72508,1.03251,0.0,1.0
ENG-Premier League,2526,29081,2026-03-21 17:30:00,Chelsea,Everton,away,1.35143,1.44532,0.0,3.0
ENG-Premier League,2526,29095,2026-04-12 15:30:00,Chelsea,Manchester City,home,1.22108,2.40839,0.0,3.0
ENG-Premier League,2526,29100,2026-04-18 19:00:00,Chelsea,Manchester United,home,1.28109,0.436043,0.0,1.0
ENG-Premier League,2526,29110,2026-04-21 19:00:00,Chelsea,Brighton,away,0.297865,2.51784,0.0,3.0
ENG-Premier League,2526,29122,2026-05-04 15:00:00,Chelsea,Nottingham Forest,home,2.17132,2.31019,1.0,3.0
ENG-Premier League,2526,29132,2026-05-09 12:30:00,Chelsea,Liverpool,away,0.597184,0.623191,1.0,1.0
ENG-Premier League,2526,29142,2026-05-19 20:15:00,Chelsea,Tottenham,home,1.09262,2.15227,2.0,1.0
ENG-Premier League,2526,29155,2026-05-24 15:00:00,Chelsea,Sunderland,away,0.920885,2.33109,1.0,2.0
ENG-Premier League,1920,11647,2019-08-10 15:00:00,Crystal Palace,Everton,home,0.87159,1.2246,0.0,0.0
ENG-Premier League,1920,11660,2019-08-18 14:00:00,Crystal Palace,Sheffield United,away,0.241912,1.84778,0.0,1.0
ENG-Premier League,1920,11669,2019-08-24 15:00:00,Crystal Palace,Manchester United,away,0.676993,2.23561,2.0,1.0
ENG-Premier League,1920,11676,2019-08-31 15:00:00,Crystal Palace,Aston Villa,home,1.41394,0.30354,1.0,0.0
ENG-Premier League,1920,11687,2019-09-14 14:00:00,Crystal Palace,Tottenham,away,0.577323,1.04944,0.0,4.0
ENG-Premier League,1920,11697,2019-09-22 13:00:00,Crystal Palace,Wolverhampton Wanderers,home,0.984777,1.75572,1.0,1.0
ENG-Premier League,1920,11709,2019-09-28 14:00:00,Crystal Palace,Norwich,home,1.80497,0.712129,2.0,0.0
ENG-Premier League,1920,11720,2019-10-05 17:30:00,Crystal Palace,West Ham,away,2.0682,1.23577,2.0,1.0
ENG-Premier League,1920,11726,2019-10-19 17:30:00,Crystal Palace,Manchester City,home,0.616864,4.02104,0.0,2.0
ENG-Premier League,1920,11733,2019-10-27 16:30:00,Crystal Palace,Arsenal,away,1.77892,1.54014,2.0,2.0
ENG-Premier League,1920,11747,2019-11-03 14:00:00,Crystal Palace,Leicester,home,0.44291,0.981167,0.0,2.0
ENG-Premier League,1920,11754,2019-11-09 12:30:00,Crystal Palace,Chelsea,away,0.479488,3.28903,0.0,2.0
ENG-Premier League,1920,11767,2019-11-23 15:00:00,Crystal Palace,Liverpool,home,1.02306,1.64291,1.0,2.0
ENG-Premier League,1920,11773,2019-11-30 15:00:00,Crystal Palace,Burnley,away,0.936732,1.8509,2.0,0.0
ENG-Premier League,1920,11791,2019-12-03 19:30:00,Crystal Palace,Bournemouth,home,0.383763,0.342799,1.0,0.0
ENG-Premier League,1920,11801,2019-12-07 15:00:00,Crystal Palace,Watford,away,0.210746,1.57132,0.0,0.0
ENG-Premier League,1920,11806,2019-12-16 19:45:00,Crystal Palace,Brighton,home,0.484859,2.48355,1.0,1.0
ENG-Premier League,1920,11818,2019-12-21 15:00:00,Crystal Palace,Newcastle United,away,0.985368,0.714368,0.0,1.0
ENG-Premier League,1920,11826,2019-12-26 15:00:00,Crystal Palace,West Ham,home,2.14195,0.796338,2.0,1.0
ENG-Premier League,1920,11840,2019-12-28 15:00:00,Crystal Palace,Southampton,away,0.137837,1.47937,1.0,1.0
ENG-Premier League,1920,11850,2020-01-01 17:30:00,Crystal Palace,Norwich,away,1.29896,1.66454,1.0,1.0
ENG-Premier League,1920,11859,2020-01-11 12:30:00,Crystal Palace,Arsenal,home,0.317862,1.43924,1.0,1.0
ENG-Premier League,1920,11864,2020-01-18 15:00:00,Crystal Palace,Manchester City,away,0.586716,2.47314,2.0,2.0
ENG-Premier League,1920,11882,2020-01-21 19:30:00,Crystal Palace,Southampton,home,0.674589,1.1306,0.0,2.0
ENG-Premier League,1920,11885,2020-02-01 15:00:00,Crystal Palace,Sheffield United,home,0.970063,0.860755,0.0,1.0
ENG-Premier League,1920,11897,2020-02-08 12:30:00,Crystal Palace,Everton,away,0.865323,2.79103,1.0,3.0
ENG-Premier League,1920,11905,2020-02-22 15:00:00,Crystal Palace,Newcastle United,home,1.75552,0.164495,1.0,0.0
ENG-Premier League,1920,11915,2020-02-29 12:30:00,Crystal Palace,Brighton,away,2.17159,1.78712,1.0,0.0
ENG-Premier League,1920,11926,2020-03-07 15:00:00,Crystal Palace,Watford,home,0.856107,0.449161,1.0,0.0
ENG-Premier League,1920,11942,2020-06-20 18:45:00,Crystal Palace,Bournemouth,away,0.788453,0.363637,2.0,0.0
ENG-Premier League,1920,11951,2020-06-24 19:15:00,Crystal Palace,Liverpool,away,0.0645285,2.56729,0.0,4.0
ENG-Premier League,1920,11957,2020-06-29 19:00:00,Crystal Palace,Burnley,home,1.06533,0.359906,0.0,1.0
ENG-Premier League,1920,11965,2020-07-04 14:00:00,Crystal Palace,Leicester,away,0.507537,2.20683,0.0,3.0
ENG-Premier League,1920,11977,2020-07-07 17:00:00,Crystal Palace,Chelsea,home,1.2882,2.65753,2.0,3.0
ENG-Premier League,1920,11983,2020-07-12 13:15:00,Crystal Palace,Aston Villa,away,0.974181,1.6977,0.0,2.0
ENG-Premier League,1920,11996,2020-07-16 19:15:00,Crystal Palace,Manchester United,home,0.572141,1.90448,0.0,2.0
ENG-Premier League,1920,12012,2020-07-20 19:15:00,Crystal Palace,Wolverhampton Wanderers,away,0.440119,1.48696,0.0,2.0
ENG-Premier League,1920,12020,2020-07-26 15:00:00,Crystal Palace,Tottenham,home,0.988534,0.310302,1.0,1.0
ENG-Premier League,2021,14087,2020-09-12 14:00:00,Crystal Palace,Southampton,home,1.39569,1.26267,1.0,0.0
ENG-Premier League,2021,14098,2020-09-19 16:30:00,Crystal Palace,Manchester United,away,1.91456,1.09737,3.0,1.0
ENG-Premier League,2021,14107,2020-09-26 14:00:00,Crystal Palace,Everton,home,0.443115,2.27189,1.0,2.0
ENG-Premier League,2021,14467,2020-10-03 11:30:00,Crystal Palace,Chelsea,away,0.103249,2.51433,0.0,4.0
ENG-Premier League,2021,14476,2020-10-18 13:00:00,Crystal Palace,Brighton,home,0.761169,1.0935,1.0,1.0
ENG-Premier League,2021,14489,2020-10-24 14:00:00,Crystal Palace,Fulham,away,2.81049,1.05258,2.0,1.0
ENG-Premier League,2021,14504,2020-10-30 20:00:00,Crystal Palace,Wolverhampton Wanderers,away,0.802767,1.34895,0.0,2.0
ENG-Premier League,2021,14508,2020-11-07 15:00:00,Crystal Palace,Leeds,home,1.30169,0.847913,4.0,1.0
ENG-Premier League,2021,14516,2020-11-23 17:30:00,Crystal Palace,Burnley,away,1.28331,1.75343,0.0,1.0
ENG-Premier League,2021,14530,2020-11-27 20:00:00,Crystal Palace,Newcastle United,home,0.534893,1.27929,0.0,2.0
ENG-Premier League,2021,14543,2020-12-06 12:00:00,Crystal Palace,West Bromwich Albion,away,1.68656,0.567234,5.0,1.0
ENG-Premier League,2021,14545,2020-12-13 14:15:00,Crystal Palace,Tottenham,home,1.84443,1.40792,1.0,1.0
ENG-Premier League,2021,14561,2020-12-16 20:00:00,Crystal Palace,West Ham,away,1.09108,0.449469,1.0,1.0
ENG-Premier League,2021,14568,2020-12-19 12:30:00,Crystal Palace,Liverpool,home,0.489318,2.86902,0.0,7.0
ENG-Premier League,2021,14576,2020-12-26 15:00:00,Crystal Palace,Aston Villa,away,0.849086,4.58214,0.0,3.0
ENG-Premier League,2021,14594,2020-12-28 15:00:00,Crystal Palace,Leicester,home,0.321348,1.72132,1.0,1.0
ENG-Premier League,2021,14604,2021-01-02 15:00:00,Crystal Palace,Sheffield United,home,0.598888,0.323158,2.0,0.0
ENG-Premier League,2021,14605,2021-01-14 20:00:00,Crystal Palace,Arsenal,away,0.709634,0.368554,0.0,0.0
ENG-Premier League,2021,14621,2021-01-17 19:15:00,Crystal Palace,Manchester City,away,0.0515836,0.961088,0.0,4.0
ENG-Premier League,2021,14634,2021-01-26 18:00:00,Crystal Palace,West Ham,home,0.629033,3.30321,2.0,3.0
ENG-Premier League,2021,14638,2021-01-30 15:00:00,Crystal Palace,Wolverhampton Wanderers,home,1.36877,0.450907,1.0,0.0
ENG-Premier League,2021,14652,2021-02-02 20:15:00,Crystal Palace,Newcastle United,away,0.809312,1.90755,2.0,1.0
ENG-Premier League,2021,14658,2021-02-08 20:00:00,Crystal Palace,Leeds,away,0.370278,2.64769,0.0,2.0
ENG-Premier League,2021,14668,2021-02-13 15:00:00,Crystal Palace,Burnley,home,0.645616,1.95502,0.0,3.0
ENG-Premier League,2021,14677,2021-02-22 20:00:00,Crystal Palace,Brighton,away,0.179886,2.59204,2.0,1.0
ENG-Premier League,2021,14687,2021-02-28 12:00:00,Crystal Palace,Fulham,home,0.0880148,0.813134,0.0,0.0
ENG-Premier League,2021,14717,2021-03-03 20:15:00,Crystal Palace,Manchester United,home,0.742397,0.584016,0.0,0.0
ENG-Premier League,2021,14702,2021-03-07 19:15:00,Crystal Palace,Tottenham,away,0.559383,2.24159,1.0,4.0
ENG-Premier League,2021,14706,2021-03-13 15:00:00,Crystal Palace,West Bromwich Albion,home,1.30694,0.513439,1.0,0.0
ENG-Premier League,2021,14728,2021-04-05 17:00:00,Crystal Palace,Everton,away,0.603749,2.53386,1.0,1.0
ENG-Premier League,2021,14737,2021-04-10 16:30:00,Crystal Palace,Chelsea,home,0.602167,3.85472,1.0,4.0
ENG-Premier League,2021,14759,2021-04-26 19:00:00,Crystal Palace,Leicester,away,0.723112,1.23419,1.0,2.0
ENG-Premier League,2021,14768,2021-05-01 11:30:00,Crystal Palace,Manchester City,home,0.361866,2.04443,0.0,2.0
ENG-Premier League,2021,14782,2021-05-08 14:00:00,Crystal Palace,Sheffield United,away,2.25382,0.639325,2.0,0.0
ENG-Premier League,2021,14753,2021-05-11 21:00:00,Crystal Palace,Southampton,away,1.32586,1.58872,1.0,3.0
ENG-Premier League,2021,14794,2021-05-16 11:00:00,Crystal Palace,Aston Villa,home,1.95285,1.2303,3.0,2.0
ENG-Premier League,2021,14798,2021-05-19 18:00:00,Crystal Palace,Arsenal,home,0.998377,1.7945,1.0,3.0
ENG-Premier League,2021,14810,2021-05-23 15:00:00,Crystal Palace,Liverpool,away,0.772317,2.20348,0.0,2.0
ENG-Premier League,2122,16379,2021-08-14 14:00:00,Crystal Palace,Chelsea,away,0.321701,1.18709,0.0,3.0
ENG-Premier League,2122,16389,2021-08-21 14:00:00,Crystal Palace,Brentford,home,0.606313,0.712439,0.0,0.0
ENG-Premier League,2122,16401,2021-08-28 14:00:00,Crystal Palace,West Ham,away,1.67658,1.44748,2.0,2.0
ENG-Premier League,2122,16406,2021-09-11 11:30:00,Crystal Palace,Tottenham,home,2.89372,0.0775646,3.0,0.0
ENG-Premier League,2122,16420,2021-09-18 14:00:00,Crystal Palace,Liverpool,away,0.644168,2.76793,0.0,3.0
ENG-Premier League,2122,16435,2021-09-27 19:00:00,Crystal Palace,Brighton,home,1.36836,0.649566,1.0,1.0
ENG-Premier League,2122,16439,2021-10-03 13:00:00,Crystal Palace,Leicester,home,1.1703,1.04322,2.0,2.0
ENG-Premier League,2122,16446,2021-10-18 19:00:00,Crystal Palace,Arsenal,away,0.492239,1.7436,2.0,2.0
ENG-Premier League,2122,16460,2021-10-23 14:00:00,Crystal Palace,Newcastle United,home,2.25588,0.721813,1.0,1.0
ENG-Premier League,2122,16470,2021-10-30 14:00:00,Crystal Palace,Manchester City,away,1.05029,0.65739,2.0,0.0
ENG-Premier League,2122,16480,2021-11-06 15:00:00,Crystal Palace,Wolverhampton Wanderers,home,2.65161,0.25416,2.0,0.0
ENG-Premier League,2122,16487,2021-11-20 15:00:00,Crystal Palace,Burnley,away,1.74839,1.04224,3.0,3.0
ENG-Premier League,2122,16501,2021-11-27 15:00:00,Crystal Palace,Aston Villa,home,0.962129,0.454305,1.0,2.0
ENG-Premier League,2122,16508,2021-11-30 20:15:00,Crystal Palace,Leeds,away,0.707328,1.9818,0.0,1.0
ENG-Premier League,2122,16519,2021-12-05 14:00:00,Crystal Palace,Manchester United,away,0.520593,0.870376,0.0,1.0
ENG-Premier League,2122,16531,2021-12-12 16:30:00,Crystal Palace,Everton,home,2.09864,1.27556,3.0,1.0
ENG-Premier League,2122,16542,2021-12-15 19:30:00,Crystal Palace,Southampton,home,1.49244,0.625183,2.0,2.0
ENG-Premier League,2122,16563,2021-12-26 15:00:00,Crystal Palace,Tottenham,away,0.178324,2.82148,0.0,3.0
ENG-Premier League,2122,16570,2021-12-28 15:00:00,Crystal Palace,Norwich,home,2.38978,0.594134,3.0,0.0
ENG-Premier League,2122,16579,2022-01-01 17:30:00,Crystal Palace,West Ham,home,2.69204,2.23146,2.0,3.0
ENG-Premier League,2122,16587,2022-01-14 20:00:00,Crystal Palace,Brighton,away,0.509681,2.18053,1.0,1.0
ENG-Premier League,2122,16599,2022-01-23 14:00:00,Crystal Palace,Liverpool,home,1.62615,1.49697,1.0,3.0
ENG-Premier League,2122,16609,2022-02-09 19:45:00,Crystal Palace,Norwich,away,1.22883,0.296411,1.0,1.0
ENG-Premier League,2122,16616,2022-02-12 15:00:00,Crystal Palace,Brentford,away,0.49802,1.97576,0.0,0.0
ENG-Premier League,2122,16629,2022-02-19 15:00:00,Crystal Palace,Chelsea,home,0.624023,1.12339,0.0,1.0
ENG-Premier League,2122,16553,2022-02-23 19:30:00,Crystal Palace,Watford,away,0.818403,1.71917,4.0,1.0
ENG-Premier League,2122,16640,2022-02-26 15:00:00,Crystal Palace,Burnley,home,1.03765,0.255988,1.0,1.0
ENG-Premier League,2122,16655,2022-03-05 15:00:00,Crystal Palace,Wolverhampton Wanderers,away,2.53759,0.710865,2.0,0.0
ENG-Premier League,2122,16660,2022-03-14 20:00:00,Crystal Palace,Manchester City,home,0.474002,2.04021,0.0,0.0
ENG-Premier League,2122,16682,2022-04-04 19:00:00,Crystal Palace,Arsenal,home,1.39707,1.05199,3.0,0.0
ENG-Premier League,2122,16691,2022-04-10 13:00:00,Crystal Palace,Leicester,away,1.52767,0.879235,1.0,2.0
ENG-Premier League,2122,16671,2022-04-20 18:45:00,Crystal Palace,Newcastle United,away,0.432788,0.767855,0.0,1.0
ENG-Premier League,2122,16710,2022-04-25 19:00:00,Crystal Palace,Leeds,home,1.61656,0.374044,0.0,0.0
ENG-Premier League,2122,16720,2022-04-30 14:00:00,Crystal Palace,Southampton,away,0.756217,0.650256,2.0,1.0
ENG-Premier League,2122,16730,2022-05-07 14:00:00,Crystal Palace,Watford,home,2.49142,0.255373,1.0,0.0
ENG-Premier League,2122,16745,2022-05-15 13:00:00,Crystal Palace,Aston Villa,away,1.39009,0.799443,1.0,1.0
ENG-Premier League,2122,16704,2022-05-19 18:45:00,Crystal Palace,Everton,away,1.6023,0.813157,2.0,3.0
ENG-Premier League,2122,16751,2022-05-22 15:00:00,Crystal Palace,Manchester United,home,0.354618,0.782005,1.0,0.0
ENG-Premier League,2223,18202,2022-08-05 19:00:00,Crystal Palace,Arsenal,home,1.20637,1.43601,0.0,2.0
ENG-Premier League,2223,18221,2022-08-15 19:00:00,Crystal Palace,Liverpool,away,1.64468,2.23596,1.0,1.0
ENG-Premier League,2223,18223,2022-08-20 14:00:00,Crystal Palace,Aston Villa,home,2.91137,0.803828,3.0,1.0
ENG-Premier League,2223,18237,2022-08-27 14:00:00,Crystal Palace,Manchester City,away,0.091976,2.3853,2.0,4.0
ENG-Premier League,2223,18243,2022-08-30 18:30:00,Crystal Palace,Brentford,home,0.777363,1.61808,1.0,1.0
ENG-Premier League,2223,18253,2022-09-03 14:00:00,Crystal Palace,Newcastle United,away,0.920595,2.90672,0.0,0.0
ENG-Premier League,2223,18284,2022-10-01 14:00:00,Crystal Palace,Chelsea,home,0.70987,1.25506,1.0,2.0
ENG-Premier League,2223,18296,2022-10-09 13:00:00,Crystal Palace,Leeds,home,1.65194,1.06564,2.0,1.0
ENG-Premier League,2223,18306,2022-10-15 11:30:00,Crystal Palace,Leicester,away,0.346808,0.973426,0.0,0.0
ENG-Premier League,2223,18318,2022-10-18 19:15:00,Crystal Palace,Wolverhampton Wanderers,home,1.25617,0.857837,2.0,1.0
ENG-Premier League,2223,18324,2022-10-22 14:00:00,Crystal Palace,Everton,away,0.597167,1.93396,0.0,3.0
ENG-Premier League,2223,18336,2022-10-29 14:00:00,Crystal Palace,Southampton,home,1.00384,1.35803,1.0,0.0
ENG-Premier League,2223,18350,2022-11-06 14:00:00,Crystal Palace,West Ham,away,1.03344,0.192579,2.0,1.0
ENG-Premier League,2223,18358,2022-11-12 15:00:00,Crystal Palace,Nottingham Forest,away,1.14552,1.23752,0.0,1.0
ENG-Premier League,2223,18366,2022-12-26 15:00:00,Crystal Palace,Fulham,home,0.421754,2.69927,0.0,3.0
ENG-Premier League,2223,18372,2022-12-31 15:00:00,Crystal Palace,Bournemouth,away,1.75264,0.895819,2.0,0.0
ENG-Premier League,2223,18386,2023-01-04 20:00:00,Crystal Palace,Tottenham,home,0.787525,1.66514,0.0,4.0
ENG-Premier League,2223,18395,2023-01-15 14:00:00,Crystal Palace,Chelsea,away,0.837366,2.12987,0.0,1.0
ENG-Premier League,2223,18270,2023-01-18 15:30:00,Crystal Palace,Manchester United,home,0.413339,1.39437,1.0,1.0
ENG-Premier League,2223,18404,2023-01-21 17:30:00,Crystal Palace,Newcastle United,home,0.333154,1.44384,0.0,0.0
ENG-Premier League,2223,18417,2023-02-04 15:00:00,Crystal Palace,Manchester United,away,1.3798,2.07035,1.0,2.0
ENG-Premier League,2223,18424,2023-02-11 15:00:00,Crystal Palace,Brighton,home,0.928279,2.64981,1.0,1.0
ENG-Premier League,2223,18433,2023-02-18 15:00:00,Crystal Palace,Brentford,away,1.12202,0.610105,1.0,1.0
ENG-Premier League,2223,18443,2023-02-25 19:45:00,Crystal Palace,Liverpool,home,0.989086,1.35123,0.0,0.0
ENG-Premier League,2223,18453,2023-03-04 15:00:00,Crystal Palace,Aston Villa,away,0.152761,0.890605,0.0,1.0
ENG-Premier League,2223,18463,2023-03-11 17:30:00,Crystal Palace,Manchester City,home,0.185498,2.1884,0.0,1.0
ENG-Premier League,2223,18276,2023-03-15 19:30:00,Crystal Palace,Brighton,away,1.21452,0.588727,0.0,1.0
ENG-Premier League,2223,18472,2023-03-19 14:00:00,Crystal Palace,Arsenal,away,1.19194,1.53568,1.0,4.0
ENG-Premier League,2223,18486,2023-04-01 14:00:00,Crystal Palace,Leicester,home,1.93471,0.198959,2.0,1.0
ENG-Premier League,2223,18495,2023-04-09 13:00:00,Crystal Palace,Leeds,away,3.22687,1.02075,5.0,1.0
ENG-Premier League,2223,18508,2023-04-15 14:00:00,Crystal Palace,Southampton,away,0.86306,0.678449,2.0,0.0
ENG-Premier League,2223,18516,2023-04-22 14:00:00,Crystal Palace,Everton,home,0.368137,0.433712,0.0,0.0
ENG-Premier League,2223,18527,2023-04-25 18:30:00,Crystal Palace,Wolverhampton Wanderers,away,0.580294,1.12829,0.0,2.0
ENG-Premier League,2223,18536,2023-04-29 11:30:00,Crystal Palace,West Ham,home,2.31888,1.98262,4.0,3.0
ENG-Premier League,2223,18549,2023-05-06 14:00:00,Crystal Palace,Tottenham,away,0.306669,1.15665,0.0,1.0
ENG-Premier League,2223,18556,2023-05-13 14:00:00,Crystal Palace,Bournemouth,home,1.40237,0.262022,2.0,0.0
ENG-Premier League,2223,18564,2023-05-20 14:00:00,Crystal Palace,Fulham,away,1.70785,1.95519,2.0,2.0
ENG-Premier League,2223,18576,2023-05-28 15:30:00,Crystal Palace,Nottingham Forest,home,1.00786,0.436439,1.0,1.0
ENG-Premier League,2324,22280,2023-08-12 14:00:00,Crystal Palace,Sheffield United,away,2.27616,0.422704,1.0,0.0
ENG-Premier League,2324,22294,2023-08-21 19:00:00,Crystal Palace,Arsenal,home,1.06916,2.20593,0.0,1.0
ENG-Premier League,2324,22298,2023-08-26 14:00:00,Crystal Palace,Brentford,away,1.06061,0.948011,1.0,1.0
ENG-Premier League,2324,21932,2023-09-03 13:00:00,Crystal Palace,Wolverhampton Wanderers,home,2.32935,1.13911,3.0,2.0
ENG-Premier League,2324,21938,2023-09-16 14:00:00,Crystal Palace,Aston Villa,away,1.11696,2.31518,1.0,3.0
ENG-Premier League,2324,21948,2023-09-23 14:00:00,Crystal Palace,Fulham,home,0.37236,0.542678,0.0,0.0
ENG-Premier League,2324,21957,2023-09-30 14:00:00,Crystal Palace,Manchester United,away,1.19015,1.55408,1.0,0.0
ENG-Premier League,2324,21968,2023-10-07 16:30:00,Crystal Palace,Nottingham Forest,home,0.982452,1.22105,0.0,0.0
ENG-Premier League,2324,21981,2023-10-21 14:00:00,Crystal Palace,Newcastle United,away,1.08795,3.73336,0.0,4.0
ENG-Premier League,2324,21990,2023-10-27 19:00:00,Crystal Palace,Tottenham,home,0.561834,0.989103,1.0,2.0
ENG-Premier League,2324,21996,2023-11-04 15:00:00,Crystal Palace,Burnley,away,1.43653,1.4998,2.0,0.0
ENG-Premier League,2324,22010,2023-11-11 15:00:00,Crystal Palace,Everton,home,1.89194,1.7904,2.0,3.0
ENG-Premier League,2324,22019,2023-11-25 15:00:00,Crystal Palace,Luton,away,1.83546,0.996153,1.0,2.0
ENG-Premier League,2324,22034,2023-12-03 14:00:00,Crystal Palace,West Ham,away,0.987682,1.1466,1.0,1.0
ENG-Premier League,2324,22043,2023-12-06 19:30:00,Crystal Palace,Bournemouth,home,1.26441,1.79997,0.0,2.0
ENG-Premier League,2324,22047,2023-12-09 12:30:00,Crystal Palace,Liverpool,home,1.79152,1.3708,1.0,2.0
ENG-Premier League,2324,22061,2023-12-16 15:00:00,Crystal Palace,Manchester City,away,1.64977,2.41646,2.0,2.0
ENG-Premier League,2324,22066,2023-12-21 20:00:00,Crystal Palace,Brighton,home,1.65409,1.33653,1.0,1.0
ENG-Premier League,2324,22080,2023-12-27 19:30:00,Crystal Palace,Chelsea,away,0.958077,2.73005,1.0,2.0
ENG-Premier League,2324,22086,2023-12-30 15:00:00,Crystal Palace,Brentford,home,1.61057,1.28731,3.0,1.0
ENG-Premier League,2324,22103,2024-01-20 12:30:00,Crystal Palace,Arsenal,away,0.288083,3.52167,0.0,5.0
ENG-Premier League,2324,22112,2024-01-30 20:00:00,Crystal Palace,Sheffield United,home,1.1601,0.768467,3.0,2.0
ENG-Premier League,2324,22118,2024-02-03 15:00:00,Crystal Palace,Brighton,away,0.241137,1.92591,1.0,4.0
ENG-Premier League,2324,22126,2024-02-12 20:00:00,Crystal Palace,Chelsea,home,0.719516,1.26948,1.0,3.0
ENG-Premier League,2324,22137,2024-02-19 20:00:00,Crystal Palace,Everton,away,0.734685,2.44588,1.0,1.0
ENG-Premier League,2324,22150,2024-02-24 15:00:00,Crystal Palace,Burnley,home,2.41612,0.0760216,3.0,0.0
ENG-Premier League,2324,22164,2024-03-02 15:00:00,Crystal Palace,Tottenham,away,0.277887,2.6625,1.0,3.0
ENG-Premier League,2324,22170,2024-03-09 15:00:00,Crystal Palace,Luton,home,3.25103,1.08531,1.0,1.0
ENG-Premier League,2324,22192,2024-03-30 15:00:00,Crystal Palace,Nottingham Forest,away,0.900972,0.784652,1.0,1.0
ENG-Premier League,2324,22195,2024-04-02 18:45:00,Crystal Palace,Bournemouth,away,0.174389,1.30969,0.0,1.0
ENG-Premier League,2324,22207,2024-04-06 11:30:00,Crystal Palace,Manchester City,home,1.49472,2.26381,2.0,4.0
ENG-Premier League,2324,22220,2024-04-14 13:00:00,Crystal Palace,Liverpool,away,2.12879,3.04497,1.0,0.0
ENG-Premier League,2324,22227,2024-04-21 14:00:00,Crystal Palace,West Ham,home,3.7185,1.34536,5.0,2.0
ENG-Premier League,2324,22178,2024-04-24 19:00:00,Crystal Palace,Newcastle United,home,1.43661,0.55129,2.0,0.0
ENG-Premier League,2324,22238,2024-04-27 14:00:00,Crystal Palace,Fulham,away,1.05387,1.39418,1.0,1.0
ENG-Premier League,2324,22250,2024-05-06 19:00:00,Crystal Palace,Manchester United,home,2.0656,0.341417,4.0,0.0
ENG-Premier League,2324,22264,2024-05-11 14:00:00,Crystal Palace,Wolverhampton Wanderers,away,2.51452,1.1561,3.0,1.0
ENG-Premier League,2324,22270,2024-05-19 15:00:00,Crystal Palace,Aston Villa,home,2.23189,0.598846,5.0,0.0
ENG-Premier League,2425,26609,2024-08-18 13:00:00,Crystal Palace,Brentford,away,1.14757,1.38064,1.0,2.0
ENG-Premier League,2425,26613,2024-08-24 14:00:00,Crystal Palace,West Ham,home,1.3761,1.53421,0.0,2.0
ENG-Premier League,2425,26630,2024-09-01 12:30:00,Crystal Palace,Chelsea,away,0.459708,2.97743,1.0,1.0
ENG-Premier League,2425,26636,2024-09-14 14:00:00,Crystal Palace,Leicester,home,2.88716,1.65187,2.0,2.0
ENG-Premier League,2425,26649,2024-09-21 16:30:00,Crystal Palace,Manchester United,home,1.66928,2.35056,0.0,0.0
ENG-Premier League,2425,26654,2024-09-28 14:00:00,Crystal Palace,Everton,away,1.12358,1.10959,1.0,2.0
ENG-Premier League,2425,26662,2024-10-05 11:30:00,Crystal Palace,Liverpool,home,0.609481,2.07332,0.0,1.0
ENG-Premier League,2425,26677,2024-10-21 19:00:00,Crystal Palace,Nottingham Forest,away,0.835001,1.88573,0.0,1.0
ENG-Premier League,2425,26689,2024-10-27 14:00:00,Crystal Palace,Tottenham,home,0.978611,1.0192,1.0,0.0
ENG-Premier League,2425,26701,2024-11-02 17:30:00,Crystal Palace,Wolverhampton Wanderers,away,2.64849,1.65018,2.0,2.0
ENG-Premier League,2425,26706,2024-11-09 15:00:00,Crystal Palace,Fulham,home,1.96037,2.25331,0.0,2.0
ENG-Premier League,2425,26716,2024-11-23 15:00:00,Crystal Palace,Aston Villa,away,1.61437,3.04455,2.0,2.0
ENG-Premier League,2425,26725,2024-11-30 15:00:00,Crystal Palace,Newcastle United,home,2.29595,0.020989,1.0,1.0
ENG-Premier League,2425,26737,2024-12-03 19:30:00,Crystal Palace,Ipswich,away,1.65422,0.471708,1.0,0.0
ENG-Premier League,2425,26747,2024-12-07 15:00:00,Crystal Palace,Manchester City,home,1.21476,1.5846,2.0,2.0
ENG-Premier League,2425,26756,2024-12-15 14:00:00,Crystal Palace,Brighton,away,3.00618,1.32323,3.0,1.0
ENG-Premier League,2425,26765,2024-12-21 17:30:00,Crystal Palace,Arsenal,home,1.6052,3.05434,1.0,5.0
ENG-Premier League,2425,26772,2024-12-26 15:00:00,Crystal Palace,Bournemouth,away,0.500066,1.20189,0.0,0.0
ENG-Premier League,2425,26784,2024-12-29 15:00:00,Crystal Palace,Southampton,home,3.05417,1.21853,2.0,1.0
ENG-Premier League,2425,26795,2025-01-04 15:00:00,Crystal Palace,Chelsea,home,1.2766,1.51541,1.0,1.0
ENG-Premier League,2425,26806,2025-01-15 19:30:00,Crystal Palace,Leicester,away,2.2647,2.09904,2.0,0.0
ENG-Premier League,2425,26821,2025-01-18 15:00:00,Crystal Palace,West Ham,away,1.62561,0.221062,2.0,0.0
ENG-Premier League,2425,26825,2025-01-26 14:00:00,Crystal Palace,Brentford,home,1.23177,1.92037,1.0,2.0
ENG-Premier League,2425,26838,2025-02-02 14:00:00,Crystal Palace,Manchester United,away,2.44633,1.50706,2.0,0.0
ENG-Premier League,2425,26844,2025-02-15 17:30:00,Crystal Palace,Everton,home,2.30646,1.01565,1.0,2.0
ENG-Premier League,2425,26856,2025-02-22 15:00:00,Crystal Palace,Fulham,away,1.46203,0.23426,2.0,0.0
ENG-Premier League,2425,26868,2025-02-25 19:30:00,Crystal Palace,Aston Villa,home,4.02522,0.667217,4.0,1.0
ENG-Premier League,2425,26875,2025-03-08 15:00:00,Crystal Palace,Ipswich,home,3.13879,1.63282,1.0,0.0
ENG-Premier League,2425,26900,2025-04-02 19:45:00,Crystal Palace,Southampton,away,0.93776,0.687304,1.0,1.0
ENG-Premier League,2425,26904,2025-04-05 14:00:00,Crystal Palace,Brighton,home,0.443965,1.27226,2.0,1.0
ENG-Premier League,2425,26917,2025-04-12 11:30:00,Crystal Palace,Manchester City,away,1.33808,4.59724,2.0,5.0
ENG-Premier League,2425,26890,2025-04-16 18:30:00,Crystal Palace,Newcastle United,away,2.37548,2.32947,0.0,5.0
ENG-Premier League,2425,26924,2025-04-19 14:00:00,Crystal Palace,Bournemouth,home,0.337818,0.664093,0.0,0.0
ENG-Premier League,2425,26933,2025-04-23 19:00:00,Crystal Palace,Arsenal,away,2.50515,1.92149,2.0,2.0
ENG-Premier League,2425,26949,2025-05-05 19:00:00,Crystal Palace,Nottingham Forest,home,2.34037,0.63684,1.0,1.0
ENG-Premier League,2425,26960,2025-05-11 13:15:00,Crystal Palace,Tottenham,away,3.98546,0.806792,2.0,0.0
ENG-Premier League,2425,26967,2025-05-20 19:00:00,Crystal Palace,Wolverhampton Wanderers,home,1.68451,1.42886,4.0,2.0
ENG-Premier League,2425,26975,2025-05-25 15:00:00,Crystal Palace,Liverpool,away,1.4144,1.92122,1.0,1.0
ENG-Premier League,2526,28784,2025-08-17 13:00:00,Crystal Palace,Chelsea,away,1.03414,1.36793,0.0,0.0
ENG-Premier League,2526,28794,2025-08-24 13:00:00,Crystal Palace,Nottingham Forest,home,1.10188,1.32987,1.0,1.0
ENG-Premier League,2526,28807,2025-08-31 18:00:00,Crystal Palace,Aston Villa,away,2.59713,1.20586,3.0,0.0
ENG-Premier League,2526,28811,2025-09-13 14:00:00,Crystal Palace,Sunderland,home,1.75805,0.354129,0.0,0.0
ENG-Premier League,2526,28819,2025-09-20 14:00:00,Crystal Palace,West Ham,away,2.33565,0.466365,2.0,1.0
ENG-Premier League,2526,28830,2025-09-27 14:00:00,Crystal Palace,Liverpool,home,3.53323,3.10176,2.0,1.0
ENG-Premier League,2526,28843,2025-10-05 13:00:00,Crystal Palace,Everton,away,2.17789,2.13876,1.0,2.0
ENG-Premier League,2526,28850,2025-10-18 14:00:00,Crystal Palace,Bournemouth,home,4.56284,2.0471,3.0,3.0
ENG-Premier League,2526,28859,2025-10-26 13:00:00,Crystal Palace,Arsenal,away,0.350534,0.856175,0.0,1.0
ENG-Premier League,2526,28870,2025-11-01 15:00:00,Crystal Palace,Brentford,home,0.734558,0.820498,2.0,0.0
ENG-Premier League,2526,28881,2025-11-09 14:00:00,Crystal Palace,Brighton,home,0.839547,0.637037,0.0,0.0
ENG-Premier League,2526,28897,2025-11-22 15:00:00,Crystal Palace,Wolverhampton Wanderers,away,1.44933,1.66409,2.0,0.0
ENG-Premier League,2526,28901,2025-11-30 12:00:00,Crystal Palace,Manchester United,home,2.13561,1.47768,1.0,2.0
ENG-Premier League,2526,28911,2025-12-03 19:30:00,Crystal Palace,Burnley,away,0.987797,1.16852,1.0,0.0
ENG-Premier League,2526,28922,2025-12-07 16:30:00,Crystal Palace,Fulham,away,1.71109,0.766771,2.0,1.0
ENG-Premier League,2526,28932,2025-12-14 14:00:00,Crystal Palace,Manchester City,home,1.30092,1.35317,0.0,3.0
ENG-Premier League,2526,28943,2025-12-20 20:00:00,Crystal Palace,Leeds,away,1.53058,2.90786,1.0,4.0
ENG-Premier League,2526,28952,2025-12-28 16:30:00,Crystal Palace,Tottenham,home,0.929681,0.870768,0.0,1.0
ENG-Premier League,2526,28962,2026-01-01 17:30:00,Crystal Palace,Fulham,home,2.35346,1.75434,1.0,1.0
ENG-Premier League,2526,28968,2026-01-04 15:00:00,Crystal Palace,Newcastle United,away,1.27825,2.72764,0.0,2.0
ENG-Premier League,2526,28983,2026-01-07 19:30:00,Crystal Palace,Aston Villa,home,1.32505,2.07015,0.0,0.0
ENG-Premier League,2526,28995,2026-01-17 15:00:00,Crystal Palace,Sunderland,away,1.15169,1.84601,1.0,2.0
ENG-Premier League,2526,29002,2026-01-25 14:00:00,Crystal Palace,Chelsea,home,2.41793,3.08817,1.0,3.0
ENG-Premier League,2526,29013,2026-02-01 14:00:00,Crystal Palace,Nottingham Forest,away,1.648,0.987254,1.0,1.0
ENG-Premier League,2526,29020,2026-02-08 14:00:00,Crystal Palace,Brighton,away,0.928404,0.737798,1.0,0.0
ENG-Premier League,2526,29031,2026-02-11 19:30:00,Crystal Palace,Burnley,home,2.1276,0.691273,2.0,3.0
ENG-Premier League,2526,29041,2026-02-22 14:00:00,Crystal Palace,Wolverhampton Wanderers,home,2.03559,1.67749,1.0,0.0
ENG-Premier League,2526,29055,2026-03-01 14:00:00,Crystal Palace,Manchester United,away,0.384699,2.34609,1.0,2.0
ENG-Premier League,2526,29066,2026-03-05 20:00:00,Crystal Palace,Tottenham,away,1.91515,1.29615,3.0,1.0
ENG-Premier League,2526,29072,2026-03-15 14:00:00,Crystal Palace,Leeds,home,0.525205,1.13558,0.0,0.0
ENG-Premier League,2526,29096,2026-04-12 13:00:00,Crystal Palace,Newcastle United,home,3.13933,1.27299,2.0,1.0
ENG-Premier League,2526,29101,2026-04-20 19:00:00,Crystal Palace,West Ham,home,0.733442,0.622445,0.0,0.0
ENG-Premier League,2526,29113,2026-04-25 14:00:00,Crystal Palace,Liverpool,away,2.19912,1.45071,1.0,3.0
ENG-Premier League,2526,29118,2026-05-03 14:00:00,Crystal Palace,Bournemouth,away,0.678329,2.29626,0.0,3.0
ENG-Premier League,2526,29130,2026-05-10 14:00:00,Crystal Palace,Everton,home,3.28826,2.10265,2.0,2.0
ENG-Premier League,2526,29084,2026-05-13 20:00:00,Crystal Palace,Manchester City,away,0.428862,1.95679,0.0,3.0
ENG-Premier League,2526,29141,2026-05-17 15:00:00,Crystal Palace,Brentford,away,1.82274,1.54564,2.0,2.0
ENG-Premier League,2526,29150,2026-05-24 15:00:00,Crystal Palace,Arsenal,home,1.00492,3.90645,1.0,2.0
ENG-Premier League,1920,11647,2019-08-10 15:00:00,Everton,Crystal Palace,away,1.2246,0.87159,0.0,0.0
ENG-Premier League,1920,11656,2019-08-17 15:00:00,Everton,Watford,home,0.832913,1.17279,1.0,0.0
ENG-Premier League,1920,11663,2019-08-23 20:00:00,Everton,Aston Villa,away,1.25668,0.855926,0.0,2.0
ENG-Premier League,1920,11681,2019-09-01 14:00:00,Everton,Wolverhampton Wanderers,home,1.48842,2.00172,3.0,2.0
ENG-Premier League,1920,11690,2019-09-15 13:00:00,Everton,Bournemouth,away,1.50641,1.41542,1.0,3.0
ENG-Premier League,1920,11698,2019-09-21 14:00:00,Everton,Sheffield United,home,1.26041,0.508011,0.0,2.0
ENG-Premier League,1920,11711,2019-09-28 16:30:00,Everton,Manchester City,home,2.35854,3.1082,1.0,3.0
ENG-Premier League,1920,11714,2019-10-05 15:00:00,Everton,Burnley,away,1.30723,0.558912,0.0,1.0
ENG-Premier League,1920,11727,2019-10-19 12:30:00,Everton,West Ham,home,2.23324,0.459112,2.0,0.0
ENG-Premier League,1920,11734,2019-10-26 15:00:00,Everton,Brighton,away,1.04723,1.15279,2.0,3.0
ENG-Premier League,1920,11748,2019-11-03 16:30:00,Everton,Tottenham,home,1.15532,0.243393,1.0,1.0
ENG-Premier League,1920,11758,2019-11-09 15:00:00,Everton,Southampton,away,2.08883,0.742281,2.0,1.0
ENG-Premier League,1920,11768,2019-11-23 15:00:00,Everton,Norwich,home,0.812693,1.80849,0.0,2.0
ENG-Premier League,1920,11775,2019-12-01 16:30:00,Everton,Leicester,away,1.24986,2.24348,1.0,2.0
ENG-Premier League,1920,11792,2019-12-04 20:15:00,Everton,Liverpool,away,1.76453,2.41397,2.0,5.0
ENG-Premier League,1920,11796,2019-12-07 12:30:00,Everton,Chelsea,home,2.03892,1.25734,3.0,1.0
ENG-Premier League,1920,11809,2019-12-15 14:00:00,Everton,Manchester United,away,0.276759,1.48327,1.0,1.0
ENG-Premier League,1920,11816,2019-12-21 12:30:00,Everton,Arsenal,home,0.486523,0.881818,0.0,0.0
ENG-Premier League,1920,11827,2019-12-26 15:00:00,Everton,Burnley,home,1.47521,0.565252,1.0,0.0
ENG-Premier League,1920,11838,2019-12-28 15:00:00,Everton,Newcastle United,away,2.82576,1.63211,2.0,1.0
ENG-Premier League,1920,11848,2020-01-01 17:30:00,Everton,Manchester City,away,0.848942,1.79757,1.0,2.0
ENG-Premier League,1920,11860,2020-01-11 15:00:00,Everton,Brighton,home,2.02533,1.53324,1.0,0.0
ENG-Premier League,1920,11872,2020-01-18 15:00:00,Everton,West Ham,away,1.95473,1.68436,1.0,1.0
ENG-Premier League,1920,11877,2020-01-21 19:30:00,Everton,Newcastle United,home,2.05254,0.570931,2.0,2.0
ENG-Premier League,1920,11891,2020-02-01 15:00:00,Everton,Watford,away,2.70178,0.919248,3.0,2.0
ENG-Premier League,1920,11897,2020-02-08 12:30:00,Everton,Crystal Palace,home,2.79103,0.865323,3.0,1.0
ENG-Premier League,1920,11903,2020-02-23 16:30:00,Everton,Arsenal,away,2.65691,1.33567,2.0,3.0
ENG-Premier League,1920,11916,2020-03-01 14:00:00,Everton,Manchester United,home,2.41259,1.12561,1.0,1.0
ENG-Premier League,1920,11925,2020-03-08 14:00:00,Everton,Chelsea,away,0.445922,2.02883,0.0,4.0
ENG-Premier League,1920,11940,2020-06-21 18:00:00,Everton,Liverpool,home,0.621456,0.659123,0.0,0.0
ENG-Premier League,1920,11948,2020-06-24 17:00:00,Everton,Norwich,away,0.654912,0.382813,1.0,0.0
ENG-Premier League,1920,11958,2020-07-01 17:00:00,Everton,Leicester,home,1.17592,1.80384,2.0,1.0
ENG-Premier League,1920,11971,2020-07-06 19:00:00,Everton,Tottenham,away,0.403762,0.511828,0.0,1.0
ENG-Premier League,1920,11978,2020-07-09 17:00:00,Everton,Southampton,home,0.671442,2.29684,1.0,1.0
ENG-Premier League,1920,11992,2020-07-12 11:00:00,Everton,Wolverhampton Wanderers,away,0.286561,2.86724,0.0,3.0
ENG-Premier League,1920,11997,2020-07-16 17:00:00,Everton,Aston Villa,home,0.944434,1.52021,1.0,1.0
ENG-Premier League,1920,12009,2020-07-20 17:00:00,Everton,Sheffield United,away,0.624814,0.468461,1.0,0.0
ENG-Premier League,1920,12019,2020-07-26 15:00:00,Everton,Bournemouth,home,1.74699,1.46461,1.0,3.0
ENG-Premier League,2021,14093,2020-09-13 15:30:00,Everton,Tottenham,away,1.26793,0.822944,1.0,0.0
ENG-Premier League,2021,14096,2020-09-19 11:30:00,Everton,West Bromwich Albion,home,4.16254,0.315347,5.0,2.0
ENG-Premier League,2021,14107,2020-09-26 14:00:00,Everton,Crystal Palace,away,2.27189,0.443115,2.0,1.0
ENG-Premier League,2021,14468,2020-10-03 14:00:00,Everton,Brighton,home,2.34034,1.16568,4.0,2.0
ENG-Premier League,2021,14477,2020-10-17 11:30:00,Everton,Liverpool,home,1.35998,2.49492,2.0,2.0
ENG-Premier League,2021,14492,2020-10-25 14:00:00,Everton,Southampton,away,0.287054,0.74151,0.0,2.0
ENG-Premier League,2021,14501,2020-11-01 14:00:00,Everton,Newcastle United,away,1.21805,2.6311,1.0,2.0
ENG-Premier League,2021,14509,2020-11-07 12:30:00,Everton,Manchester United,home,0.376464,1.59642,1.0,3.0
ENG-Premier League,2021,14517,2020-11-22 12:00:00,Everton,Fulham,away,2.2508,1.87028,3.0,2.0
ENG-Premier League,2021,14531,2020-11-28 17:30:00,Everton,Leeds,home,1.29229,3.11324,0.0,1.0
ENG-Premier League,2021,14537,2020-12-05 12:30:00,Everton,Burnley,away,2.28139,0.730434,1.0,1.0
ENG-Premier League,2021,14546,2020-12-12 20:00:00,Everton,Chelsea,home,1.2216,1.00627,1.0,0.0
ENG-Premier League,2021,14559,2020-12-16 18:00:00,Everton,Leicester,away,1.51486,0.83883,2.0,0.0
ENG-Premier League,2021,14569,2020-12-19 17:30:00,Everton,Arsenal,home,0.661744,1.25206,2.0,1.0
ENG-Premier League,2021,14582,2020-12-26 20:00:00,Everton,Sheffield United,away,0.568803,1.25106,1.0,0.0
ENG-Premier League,2021,14595,2021-01-01 17:30:00,Everton,West Ham,home,0.371045,1.19713,0.0,1.0
ENG-Premier League,2021,14612,2021-01-12 20:15:00,Everton,Wolverhampton Wanderers,away,0.323445,0.852495,2.0,1.0
ENG-Premier League,2021,14627,2021-01-27 20:15:00,Everton,Leicester,home,0.474981,0.792045,1.0,1.0
ENG-Premier League,2021,14644,2021-01-30 12:30:00,Everton,Newcastle United,home,0.966012,2.08832,0.0,2.0
ENG-Premier League,2021,14648,2021-02-03 19:30:00,Everton,Leeds,away,1.91539,1.14303,2.0,1.0
ENG-Premier League,2021,14660,2021-02-06 20:00:00,Everton,Manchester United,away,1.5571,1.71769,3.0,3.0
ENG-Premier League,2021,14669,2021-02-14 19:00:00,Everton,Fulham,home,0.314075,2.55085,0.0,2.0
ENG-Premier League,2021,14593,2021-02-17 20:15:00,Everton,Manchester City,home,1.04664,1.23218,1.0,3.0
ENG-Premier League,2021,14680,2021-02-20 17:30:00,Everton,Liverpool,away,2.01468,1.54046,2.0,0.0
ENG-Premier League,2021,14686,2021-03-01 20:00:00,Everton,Southampton,home,1.42054,0.665743,1.0,0.0
ENG-Premier League,2021,14723,2021-03-04 18:00:00,Everton,West Bromwich Albion,away,1.40789,1.02038,1.0,0.0
ENG-Premier League,2021,14698,2021-03-08 18:00:00,Everton,Chelsea,away,0.270757,2.57224,0.0,2.0
ENG-Premier League,2021,14707,2021-03-13 17:30:00,Everton,Burnley,home,1.69849,0.74852,1.0,2.0
ENG-Premier League,2021,14728,2021-04-05 17:00:00,Everton,Crystal Palace,home,2.53386,0.603749,1.0,1.0
ENG-Premier League,2021,14735,2021-04-12 19:15:00,Everton,Brighton,away,0.306287,1.16465,0.0,0.0
ENG-Premier League,2021,14748,2021-04-16 19:00:00,Everton,Tottenham,home,2.26022,1.4815,2.0,2.0
ENG-Premier League,2021,14755,2021-04-23 19:00:00,Everton,Arsenal,away,0.529676,0.735767,1.0,0.0
ENG-Premier League,2021,14769,2021-05-01 19:00:00,Everton,Aston Villa,home,1.223,1.58811,1.0,2.0
ENG-Premier League,2021,14783,2021-05-09 15:30:00,Everton,West Ham,away,1.56222,1.09704,1.0,0.0
ENG-Premier League,2021,14616,2021-05-13 21:00:00,Everton,Aston Villa,away,0.975408,0.558976,0.0,0.0
ENG-Premier League,2021,14787,2021-05-16 18:00:00,Everton,Sheffield United,home,1.24609,1.391,0.0,1.0
ENG-Premier League,2021,14799,2021-05-19 17:00:00,Everton,Wolverhampton Wanderers,home,0.670997,0.265526,1.0,0.0
ENG-Premier League,2021,14811,2021-05-23 15:00:00,Everton,Manchester City,away,1.07258,2.88355,0.0,5.0
ENG-Premier League,2122,16380,2021-08-14 14:00:00,Everton,Southampton,home,2.38863,0.580601,3.0,1.0
ENG-Premier League,2122,16390,2021-08-21 14:00:00,Everton,Leeds,away,1.85713,0.966093,2.0,2.0
ENG-Premier League,2122,16400,2021-08-28 14:00:00,Everton,Brighton,away,1.54868,0.701622,2.0,0.0
ENG-Premier League,2122,16415,2021-09-13 19:00:00,Everton,Burnley,home,1.80386,1.82061,3.0,1.0
ENG-Premier League,2122,16422,2021-09-18 16:30:00,Everton,Aston Villa,away,0.755035,0.777716,0.0,3.0
ENG-Premier League,2122,16428,2021-09-25 14:00:00,Everton,Norwich,home,2.26681,0.800903,2.0,0.0
ENG-Premier League,2122,16442,2021-10-02 11:30:00,Everton,Manchester United,away,1.32211,1.0496,1.0,1.0
ENG-Premier League,2122,16449,2021-10-17 13:00:00,Everton,West Ham,home,0.854165,2.03034,0.0,1.0
ENG-Premier League,2122,16461,2021-10-23 14:00:00,Everton,Watford,home,1.84089,3.10344,2.0,5.0
ENG-Premier League,2122,16475,2021-11-01 20:00:00,Everton,Wolverhampton Wanderers,away,1.69767,1.69344,1.0,2.0
ENG-Premier League,2122,16481,2021-11-07 14:00:00,Everton,Tottenham,home,0.597906,0.801798,0.0,0.0
ENG-Premier League,2122,16490,2021-11-21 14:00:00,Everton,Manchester City,away,0.266894,2.61302,0.0,3.0
ENG-Premier League,2122,16497,2021-11-28 14:00:00,Everton,Brentford,away,0.968075,1.19813,0.0,1.0
ENG-Premier League,2122,16507,2021-12-01 20:15:00,Everton,Liverpool,home,0.512263,2.86067,1.0,4.0
ENG-Premier League,2122,16517,2021-12-06 20:00:00,Everton,Arsenal,home,1.06108,1.05723,2.0,1.0
ENG-Premier League,2122,16531,2021-12-12 16:30:00,Everton,Crystal Palace,away,1.27556,2.09864,1.0,3.0
ENG-Premier League,2122,16543,2021-12-16 19:45:00,Everton,Chelsea,away,0.627528,3.20239,1.0,1.0
ENG-Premier League,2122,16580,2022-01-02 14:00:00,Everton,Brighton,home,1.82698,1.48397,2.0,3.0
ENG-Premier League,2122,16592,2022-01-15 15:00:00,Everton,Norwich,away,0.541027,1.00153,1.0,2.0
ENG-Premier League,2122,16600,2022-01-22 12:30:00,Everton,Aston Villa,home,1.2384,0.860245,0.0,1.0
ENG-Premier League,2122,16612,2022-02-08 19:45:00,Everton,Newcastle United,away,0.823607,2.68732,1.0,3.0
ENG-Premier League,2122,16619,2022-02-12 15:00:00,Everton,Leeds,home,2.58561,0.242668,3.0,0.0
ENG-Premier League,2122,16633,2022-02-19 15:00:00,Everton,Southampton,away,0.19991,2.72851,0.0,2.0
ENG-Premier League,2122,16641,2022-02-26 17:30:00,Everton,Manchester City,home,0.770819,1.93422,0.0,1.0
ENG-Premier League,2122,16653,2022-03-07 20:00:00,Everton,Tottenham,away,0.208263,3.24279,0.0,5.0
ENG-Premier League,2122,16661,2022-03-13 14:00:00,Everton,Wolverhampton Wanderers,home,0.397268,0.712135,0.0,1.0
ENG-Premier League,2122,16571,2022-03-17 19:45:00,Everton,Newcastle United,home,0.708809,0.75803,1.0,0.0
ENG-Premier League,2122,16677,2022-04-03 13:00:00,Everton,West Ham,away,0.657846,1.49657,1.0,2.0
ENG-Premier League,2122,16558,2022-04-06 18:30:00,Everton,Burnley,away,2.31574,2.24439,2.0,3.0
ENG-Premier League,2122,16692,2022-04-09 11:30:00,Everton,Manchester United,home,0.357295,0.762357,1.0,0.0
ENG-Premier League,2122,16547,2022-04-20 18:45:00,Everton,Leicester,home,1.68819,0.786333,1.0,1.0
ENG-Premier League,2122,16708,2022-04-24 15:30:00,Everton,Liverpool,away,0.424961,1.70397,0.0,2.0
ENG-Premier League,2122,16724,2022-05-01 13:00:00,Everton,Chelsea,home,1.11712,1.21141,1.0,0.0
ENG-Premier League,2122,16729,2022-05-08 13:00:00,Everton,Leicester,away,1.55635,1.47479,2.0,1.0
ENG-Premier League,2122,16674,2022-05-11 18:45:00,Everton,Watford,away,0.812193,0.232236,0.0,0.0
ENG-Premier League,2122,16744,2022-05-15 15:30:00,Everton,Brentford,home,2.69589,1.81626,2.0,3.0
ENG-Premier League,2122,16704,2022-05-19 18:45:00,Everton,Crystal Palace,home,0.813157,1.6023,3.0,2.0
ENG-Premier League,2122,16746,2022-05-22 15:00:00,Everton,Arsenal,away,1.08601,4.35597,1.0,5.0
ENG-Premier League,2223,18208,2022-08-06 16:30:00,Everton,Chelsea,home,0.541983,1.92315,0.0,1.0
ENG-Premier League,2223,18212,2022-08-13 11:30:00,Everton,Aston Villa,away,1.37507,2.66696,1.0,2.0
ENG-Premier League,2223,18224,2022-08-20 14:00:00,Everton,Nottingham Forest,home,1.43408,0.918315,1.0,1.0
ENG-Premier League,2223,18233,2022-08-27 14:00:00,Everton,Brentford,away,1.65465,2.28391,1.0,1.0
ENG-Premier League,2223,18245,2022-08-30 19:00:00,Everton,Leeds,away,1.17189,1.04551,1.0,1.0
ENG-Premier League,2223,18252,2022-09-03 11:30:00,Everton,Liverpool,home,1.39169,1.38617,0.0,0.0
ENG-Premier League,2223,18277,2022-09-18 13:15:00,Everton,West Ham,home,0.39773,0.655351,1.0,0.0
ENG-Premier League,2223,18290,2022-10-01 14:00:00,Everton,Southampton,away,1.99979,1.95961,2.0,1.0
ENG-Premier League,2223,18297,2022-10-09 18:00:00,Everton,Manchester United,home,0.365844,1.82612,1.0,2.0
ENG-Premier League,2223,18310,2022-10-15 16:30:00,Everton,Tottenham,away,0.560039,2.49409,0.0,2.0
ENG-Premier League,2223,18319,2022-10-19 18:30:00,Everton,Newcastle United,away,0.0609567,1.13393,0.0,1.0
ENG-Premier League,2223,18324,2022-10-22 14:00:00,Everton,Crystal Palace,home,1.93396,0.597167,3.0,0.0
ENG-Premier League,2223,18337,2022-10-29 16:30:00,Everton,Fulham,away,1.19166,1.76438,0.0,0.0
ENG-Premier League,2223,18344,2022-11-05 17:30:00,Everton,Leicester,home,1.3729,2.2679,0.0,2.0
ENG-Premier League,2223,18352,2022-11-12 15:00:00,Everton,Bournemouth,away,0.768756,2.45642,0.0,3.0
ENG-Premier League,2223,18367,2022-12-26 15:00:00,Everton,Wolverhampton Wanderers,home,1.22653,1.22076,1.0,2.0
ENG-Premier League,2223,18376,2022-12-31 15:00:00,Everton,Manchester City,away,0.0760019,2.36333,1.0,1.0
ENG-Premier League,2223,18387,2023-01-03 19:45:00,Everton,Brighton,home,1.16896,2.50731,1.0,4.0
ENG-Premier League,2223,18396,2023-01-14 15:00:00,Everton,Southampton,home,1.18191,1.08412,1.0,2.0
ENG-Premier League,2223,18411,2023-01-21 15:00:00,Everton,West Ham,away,0.286826,2.46879,0.0,2.0
ENG-Premier League,2223,18416,2023-02-04 12:30:00,Everton,Arsenal,home,2.09191,0.690102,1.0,0.0
ENG-Premier League,2223,18428,2023-02-13 20:00:00,Everton,Liverpool,away,0.402331,2.23291,0.0,2.0
ENG-Premier League,2223,18436,2023-02-18 15:00:00,Everton,Leeds,home,1.53811,0.597403,1.0,0.0
ENG-Premier League,2223,18444,2023-02-25 15:00:00,Everton,Aston Villa,home,1.54109,2.06037,0.0,2.0
ENG-Premier League,2223,18269,2023-03-01 20:00:00,Everton,Arsenal,away,1.604,3.06919,0.0,4.0
ENG-Premier League,2223,18459,2023-03-05 14:00:00,Everton,Nottingham Forest,away,1.70877,0.799733,2.0,2.0
ENG-Premier League,2223,18464,2023-03-11 15:00:00,Everton,Brentford,home,1.71599,1.95088,1.0,0.0
ENG-Premier League,2223,18476,2023-03-18 17:30:00,Everton,Chelsea,away,1.64675,1.90027,2.0,2.0
ENG-Premier League,2223,18487,2023-04-03 19:00:00,Everton,Tottenham,home,0.823365,1.39177,1.0,1.0
ENG-Premier League,2223,18498,2023-04-08 11:30:00,Everton,Manchester United,away,0.949183,4.38578,0.0,2.0
ENG-Premier League,2223,18504,2023-04-15 14:00:00,Everton,Fulham,home,2.24262,1.92209,1.0,3.0
ENG-Premier League,2223,18516,2023-04-22 14:00:00,Everton,Crystal Palace,away,0.433712,0.368137,0.0,0.0
ENG-Premier League,2223,18522,2023-04-27 18:45:00,Everton,Newcastle United,home,0.777008,2.86368,1.0,4.0
ENG-Premier League,2223,18538,2023-05-01 19:00:00,Everton,Leicester,away,3.28648,3.32486,2.0,2.0
ENG-Premier League,2223,18543,2023-05-08 16:30:00,Everton,Brighton,away,2.94223,3.23717,5.0,1.0
ENG-Premier League,2223,18557,2023-05-14 13:00:00,Everton,Manchester City,home,1.18597,1.04338,0.0,3.0
ENG-Premier League,2223,18571,2023-05-20 14:00:00,Everton,Wolverhampton Wanderers,away,2.46976,1.28976,1.0,1.0
ENG-Premier League,2223,18577,2023-05-28 15:30:00,Everton,Bournemouth,home,1.12933,0.432084,1.0,0.0
ENG-Premier League,2324,22279,2023-08-12 14:00:00,Everton,Fulham,home,2.59001,1.58144,0.0,1.0
ENG-Premier League,2324,22292,2023-08-20 13:00:00,Everton,Aston Villa,away,0.721465,3.24336,0.0,4.0
ENG-Premier League,2324,22299,2023-08-26 14:00:00,Everton,Wolverhampton Wanderers,home,1.89792,1.40228,0.0,1.0
ENG-Premier League,2324,21926,2023-09-02 11:30:00,Everton,Sheffield United,away,2.73871,1.575,2.0,2.0
ENG-Premier League,2324,21941,2023-09-17 15:30:00,Everton,Arsenal,home,0.28317,0.802605,0.0,1.0
ENG-Premier League,2324,21949,2023-09-23 16:30:00,Everton,Brentford,away,2.51497,1.57402,3.0,1.0
ENG-Premier League,2324,21956,2023-09-30 14:00:00,Everton,Luton,home,3.65377,1.5102,1.0,2.0
ENG-Premier League,2324,21969,2023-10-07 14:00:00,Everton,Bournemouth,home,3.16482,0.981732,3.0,0.0
ENG-Premier League,2324,21979,2023-10-21 11:30:00,Everton,Liverpool,away,0.0937725,2.28568,0.0,2.0
ENG-Premier League,2324,21993,2023-10-29 13:00:00,Everton,West Ham,away,0.733813,0.618578,1.0,0.0
ENG-Premier League,2324,21997,2023-11-04 15:00:00,Everton,Brighton,home,0.617607,0.442489,1.0,1.0
ENG-Premier League,2324,22010,2023-11-11 15:00:00,Everton,Crystal Palace,away,1.7904,1.89194,3.0,2.0
ENG-Premier League,2324,22017,2023-11-26 16:30:00,Everton,Manchester United,home,2.49764,2.07334,0.0,3.0
ENG-Premier League,2324,22033,2023-12-02 17:30:00,Everton,Nottingham Forest,away,0.623789,0.673085,1.0,0.0
ENG-Premier League,2324,22037,2023-12-07 19:30:00,Everton,Newcastle United,home,2.95393,1.29564,3.0,0.0
ENG-Premier League,2324,22048,2023-12-10 14:00:00,Everton,Chelsea,home,1.11437,0.885512,2.0,0.0
ENG-Premier League,2324,22058,2023-12-16 17:30:00,Everton,Burnley,away,2.22305,0.811435,2.0,0.0
ENG-Premier League,2324,22071,2023-12-23 15:00:00,Everton,Tottenham,away,1.98385,1.57527,1.0,2.0
ENG-Premier League,2324,22081,2023-12-27 20:15:00,Everton,Manchester City,home,1.23529,2.28321,1.0,3.0
ENG-Premier League,2324,22094,2023-12-30 15:00:00,Everton,Wolverhampton Wanderers,away,0.519641,2.64477,0.0,3.0
ENG-Premier League,2324,22098,2024-01-14 14:00:00,Everton,Aston Villa,home,1.03664,1.3435,0.0,0.0
ENG-Premier League,2324,22106,2024-01-30 19:45:00,Everton,Fulham,away,2.83317,2.37499,0.0,0.0
ENG-Premier League,2324,22121,2024-02-03 12:30:00,Everton,Tottenham,home,3.25881,0.922371,2.0,2.0
ENG-Premier League,2324,22130,2024-02-10 12:30:00,Everton,Manchester City,away,0.192072,1.58971,0.0,2.0
ENG-Premier League,2324,22137,2024-02-19 20:00:00,Everton,Crystal Palace,home,2.44588,0.734685,1.0,1.0
ENG-Premier League,2324,22148,2024-02-24 15:00:00,Everton,Brighton,away,0.286655,1.6538,1.0,1.0
ENG-Premier League,2324,22157,2024-03-02 15:00:00,Everton,West Ham,home,3.12075,2.17948,1.0,3.0
ENG-Premier League,2324,22172,2024-03-09 12:30:00,Everton,Manchester United,away,1.8214,2.9016,0.0,2.0
ENG-Premier League,2324,22185,2024-03-30 15:00:00,Everton,Bournemouth,away,0.93378,1.39268,1.0,2.0
ENG-Premier League,2324,22202,2024-04-02 18:30:00,Everton,Newcastle United,away,1.69834,2.65009,1.0,1.0
ENG-Premier League,2324,22208,2024-04-06 14:00:00,Everton,Burnley,home,0.659844,0.34699,1.0,0.0
ENG-Premier League,2324,22219,2024-04-15 19:00:00,Everton,Chelsea,away,1.21791,3.37093,0.0,6.0
ENG-Premier League,2324,22228,2024-04-21 12:30:00,Everton,Nottingham Forest,home,0.473233,1.18916,2.0,0.0
ENG-Premier League,2324,22179,2024-04-24 19:00:00,Everton,Liverpool,home,1.89111,1.87155,2.0,0.0
ENG-Premier League,2324,22237,2024-04-27 16:30:00,Everton,Brentford,home,1.21399,0.956356,1.0,0.0
ENG-Premier League,2324,22252,2024-05-03 19:00:00,Everton,Luton,away,1.22959,0.950391,1.0,1.0
ENG-Premier League,2324,22257,2024-05-11 14:00:00,Everton,Sheffield United,home,1.82411,0.465523,1.0,0.0
ENG-Premier League,2324,22265,2024-05-19 15:00:00,Everton,Arsenal,away,0.664904,3.2117,1.0,2.0
ENG-Premier League,2425,26605,2024-08-17 14:00:00,Everton,Brighton,home,0.405325,1.79083,0.0,3.0
ENG-Premier League,2425,26617,2024-08-24 14:00:00,Everton,Tottenham,away,0.648869,2.61143,0.0,4.0
ENG-Premier League,2425,26624,2024-08-31 14:00:00,Everton,Bournemouth,home,2.55629,2.95688,2.0,3.0
ENG-Premier League,2425,26638,2024-09-14 16:30:00,Everton,Aston Villa,away,0.852158,3.15876,2.0,3.0
ENG-Premier League,2425,26644,2024-09-21 14:00:00,Everton,Leicester,away,1.82377,1.33793,1.0,1.0
ENG-Premier League,2425,26654,2024-09-28 14:00:00,Everton,Crystal Palace,home,1.10959,1.12358,2.0,1.0
ENG-Premier League,2425,26669,2024-10-05 16:30:00,Everton,Newcastle United,home,0.692214,1.79048,0.0,0.0
ENG-Premier League,2425,26674,2024-10-19 14:00:00,Everton,Ipswich,away,1.60804,1.174,2.0,0.0
ENG-Premier League,2425,26687,2024-10-26 16:30:00,Everton,Fulham,home,0.884845,1.49531,1.0,1.0
ENG-Premier League,2425,26699,2024-11-02 15:00:00,Everton,Southampton,away,1.78581,0.540345,0.0,1.0
ENG-Premier League,2425,26710,2024-11-09 15:00:00,Everton,West Ham,away,0.865983,1.1237,0.0,0.0
ENG-Premier League,2425,26715,2024-11-23 15:00:00,Everton,Brentford,home,1.5951,1.34314,0.0,0.0
ENG-Premier League,2425,26727,2024-12-01 13:30:00,Everton,Manchester United,away,0.766749,1.76161,0.0,4.0
ENG-Premier League,2425,26735,2024-12-04 19:30:00,Everton,Wolverhampton Wanderers,home,1.49904,0.847724,4.0,0.0
ENG-Premier League,2425,26755,2024-12-14 15:00:00,Everton,Arsenal,away,0.132166,1.30865,0.0,0.0
ENG-Premier League,2425,26764,2024-12-22 14:00:00,Everton,Chelsea,home,1.07081,1.51591,0.0,0.0
ENG-Premier League,2425,26777,2024-12-26 12:30:00,Everton,Manchester City,away,0.653289,2.51965,1.0,1.0
ENG-Premier League,2425,26785,2024-12-29 15:00:00,Everton,Nottingham Forest,home,0.615191,2.02753,0.0,2.0
ENG-Premier League,2425,26792,2025-01-04 15:00:00,Everton,Bournemouth,away,0.561015,2.61852,0.0,1.0
ENG-Premier League,2425,26804,2025-01-15 19:30:00,Everton,Aston Villa,home,1.23126,1.28522,0.0,1.0
ENG-Premier League,2425,26815,2025-01-19 14:00:00,Everton,Tottenham,home,2.56089,1.35719,3.0,2.0
ENG-Premier League,2425,26824,2025-01-25 15:00:00,Everton,Brighton,away,0.870883,0.64378,1.0,0.0
ENG-Premier League,2425,26836,2025-02-01 15:00:00,Everton,Leicester,home,3.11261,0.447136,4.0,0.0
ENG-Premier League,2425,26748,2025-02-12 19:30:00,Everton,Liverpool,home,0.910523,0.929103,2.0,2.0
ENG-Premier League,2425,26844,2025-02-15 17:30:00,Everton,Crystal Palace,away,1.01565,2.30646,2.0,1.0
ENG-Premier League,2425,26855,2025-02-22 12:30:00,Everton,Manchester United,home,2.10444,0.645685,2.0,2.0
ENG-Premier League,2425,26862,2025-02-26 19:30:00,Everton,Brentford,away,1.44955,1.34009,1.0,1.0
ENG-Premier League,2425,26881,2025-03-08 20:00:00,Everton,Wolverhampton Wanderers,away,1.3672,0.812432,1.0,1.0
ENG-Premier League,2425,26885,2025-03-15 15:00:00,Everton,West Ham,home,1.189,0.516029,1.0,1.0
ENG-Premier League,2425,26901,2025-04-02 20:00:00,Everton,Liverpool,away,0.823136,1.29718,0.0,1.0
ENG-Premier League,2425,26905,2025-04-05 11:30:00,Everton,Arsenal,home,1.22875,1.4031,1.0,1.0
ENG-Premier League,2425,26920,2025-04-12 14:00:00,Everton,Nottingham Forest,away,1.26036,0.423949,1.0,0.0
ENG-Premier League,2425,26925,2025-04-19 14:00:00,Everton,Manchester City,home,0.81683,1.87989,0.0,2.0
ENG-Premier League,2425,26935,2025-04-26 11:30:00,Everton,Chelsea,away,0.916838,0.768313,0.0,1.0
ENG-Premier League,2425,26950,2025-05-03 14:00:00,Everton,Ipswich,home,0.808481,1.14351,2.0,2.0
ENG-Premier League,2425,26953,2025-05-10 14:00:00,Everton,Fulham,away,1.32604,1.20869,3.0,1.0
ENG-Premier League,2425,26968,2025-05-18 11:00:00,Everton,Southampton,home,2.67793,1.05025,2.0,0.0
ENG-Premier League,2425,26973,2025-05-25 15:00:00,Everton,Newcastle United,away,1.07279,1.1591,1.0,0.0
ENG-Premier League,2526,28787,2025-08-18 19:00:00,Everton,Leeds,away,0.674338,2.3812,0.0,1.0
ENG-Premier League,2526,28795,2025-08-24 13:00:00,Everton,Brighton,home,1.80116,2.08487,2.0,0.0
ENG-Premier League,2526,28800,2025-08-30 14:00:00,Everton,Wolverhampton Wanderers,away,2.03791,0.943257,3.0,2.0
ENG-Premier League,2526,28812,2025-09-13 14:00:00,Everton,Aston Villa,home,1.8927,0.354327,0.0,0.0
ENG-Premier League,2526,28818,2025-09-20 11:30:00,Everton,Liverpool,away,0.721371,1.06166,1.0,2.0
ENG-Premier League,2526,28837,2025-09-29 19:00:00,Everton,West Ham,home,0.909703,0.775766,1.0,1.0
ENG-Premier League,2526,28843,2025-10-05 13:00:00,Everton,Crystal Palace,home,2.13876,2.17789,2.0,1.0
ENG-Premier League,2526,28853,2025-10-18 14:00:00,Everton,Manchester City,away,0.794622,2.4799,0.0,2.0
ENG-Premier League,2526,28863,2025-10-26 15:30:00,Everton,Tottenham,home,1.4032,2.09327,0.0,3.0
ENG-Premier League,2526,28875,2025-11-03 20:00:00,Everton,Sunderland,away,1.00741,1.18068,1.0,1.0
ENG-Premier League,2526,28882,2025-11-08 15:00:00,Everton,Fulham,home,2.30607,0.424478,2.0,0.0
ENG-Premier League,2526,28895,2025-11-24 20:00:00,Everton,Manchester United,away,0.155063,2.2737,1.0,0.0
ENG-Premier League,2526,28902,2025-11-29 17:30:00,Everton,Newcastle United,home,1.01125,2.45882,1.0,4.0
ENG-Premier League,2526,28908,2025-12-02 19:30:00,Everton,Bournemouth,away,1.19573,0.635415,1.0,0.0
ENG-Premier League,2526,28921,2025-12-06 15:00:00,Everton,Nottingham Forest,home,1.25348,0.31234,3.0,0.0
ENG-Premier League,2526,28931,2025-12-13 15:00:00,Everton,Chelsea,away,1.34,2.64457,0.0,2.0
ENG-Premier League,2526,28941,2025-12-20 20:00:00,Everton,Arsenal,home,0.213273,1.84723,0.0,1.0
ENG-Premier League,2526,28950,2025-12-27 15:00:00,Everton,Burnley,away,1.25204,1.24948,0.0,0.0
ENG-Premier League,2526,28965,2025-12-30 19:30:00,Everton,Nottingham Forest,away,1.69525,1.75445,2.0,0.0
ENG-Premier League,2526,28974,2026-01-04 15:00:00,Everton,Brentford,home,1.00566,3.05179,2.0,4.0
ENG-Premier League,2526,28978,2026-01-07 19:30:00,Everton,Wolverhampton Wanderers,home,1.63321,0.71329,1.0,1.0
ENG-Premier League,2526,28988,2026-01-18 16:30:00,Everton,Aston Villa,away,0.745859,0.905393,1.0,0.0
ENG-Premier League,2526,29003,2026-01-26 20:00:00,Everton,Leeds,home,0.889916,1.6766,1.0,1.0
ENG-Premier League,2526,29010,2026-01-31 15:00:00,Everton,Brighton,away,1.28126,1.42825,1.0,1.0
ENG-Premier League,2526,29022,2026-02-07 15:00:00,Everton,Fulham,away,1.88778,2.20126,2.0,1.0
ENG-Premier League,2526,29032,2026-02-10 19:30:00,Everton,Bournemouth,home,2.33114,1.4121,1.0,2.0
ENG-Premier League,2526,29042,2026-02-23 20:00:00,Everton,Manchester United,home,0.560924,1.4547,0.0,1.0
ENG-Premier League,2526,29056,2026-02-28 15:00:00,Everton,Newcastle United,away,2.40731,1.11889,3.0,2.0
ENG-Premier League,2526,29061,2026-03-03 19:30:00,Everton,Burnley,home,1.15845,0.762229,2.0,0.0
ENG-Premier League,2526,29068,2026-03-14 17:30:00,Everton,Arsenal,away,1.17847,1.90855,0.0,2.0
ENG-Premier League,2526,29081,2026-03-21 17:30:00,Everton,Chelsea,home,1.44532,1.35143,3.0,0.0
ENG-Premier League,2526,29093,2026-04-11 14:00:00,Everton,Brentford,away,1.57033,2.26302,2.0,2.0
ENG-Premier League,2526,29102,2026-04-19 13:00:00,Everton,Liverpool,home,1.4784,1.38333,1.0,2.0
ENG-Premier League,2526,29116,2026-04-25 14:00:00,Everton,West Ham,away,1.1144,1.8356,1.0,2.0
ENG-Premier League,2526,29123,2026-05-04 20:00:00,Everton,Manchester City,home,1.68558,1.41706,3.0,3.0
ENG-Premier League,2526,29130,2026-05-10 14:00:00,Everton,Crystal Palace,away,2.10265,3.28826,2.0,2.0
ENG-Premier League,2526,29143,2026-05-17 15:00:00,Everton,Sunderland,home,1.32181,1.28383,1.0,3.0
ENG-Premier League,2526,29156,2026-05-24 15:00:00,Everton,Tottenham,away,0.268476,1.40597,0.0,1.0
ENG-Premier League,2021,14086,2020-09-12 11:30:00,Fulham,Arsenal,home,0.126327,2.16287,0.0,3.0
ENG-Premier League,2021,14097,2020-09-19 14:00:00,Fulham,Leeds,away,1.55503,1.45254,3.0,4.0
ENG-Premier League,2021,14114,2020-09-28 17:00:00,Fulham,Aston Villa,home,0.534675,2.03222,0.0,3.0
ENG-Premier League,2021,14474,2020-10-04 13:00:00,Fulham,Wolverhampton Wanderers,away,0.969393,0.89359,0.0,1.0
ENG-Premier League,2021,14482,2020-10-18 11:00:00,Fulham,Sheffield United,away,1.35611,1.66363,1.0,1.0
ENG-Premier League,2021,14489,2020-10-24 14:00:00,Fulham,Crystal Palace,home,1.05258,2.81049,1.0,2.0
ENG-Premier League,2021,14497,2020-11-02 17:30:00,Fulham,West Bromwich Albion,home,1.62247,0.482685,2.0,0.0
ENG-Premier League,2021,14514,2020-11-07 20:00:00,Fulham,West Ham,away,1.84922,1.42614,0.0,1.0
ENG-Premier League,2021,14517,2020-11-22 12:00:00,Fulham,Everton,home,1.87028,2.2508,2.0,3.0
ENG-Premier League,2021,14532,2020-11-30 17:30:00,Fulham,Leicester,away,2.03719,1.27814,2.0,1.0
ENG-Premier League,2021,14540,2020-12-05 15:00:00,Fulham,Manchester City,away,0.287444,3.26328,0.0,2.0
ENG-Premier League,2021,14547,2020-12-13 16:30:00,Fulham,Liverpool,home,1.72509,1.82445,1.0,1.0
ENG-Premier League,2021,14557,2020-12-16 20:00:00,Fulham,Brighton,home,1.00448,0.462456,0.0,0.0
ENG-Premier League,2021,14571,2020-12-19 20:00:00,Fulham,Newcastle United,away,1.10645,1.26725,1.0,1.0
ENG-Premier League,2021,14577,2020-12-26 15:00:00,Fulham,Southampton,home,0.781855,0.119709,0.0,0.0
ENG-Premier League,2021,14589,2021-01-13 20:00:00,Fulham,Tottenham,away,1.05329,3.14372,1.0,1.0
ENG-Premier League,2021,14617,2021-01-16 17:30:00,Fulham,Chelsea,home,0.46126,1.37939,0.0,1.0
ENG-Premier League,2021,14607,2021-01-20 20:15:00,Fulham,Manchester United,home,0.753669,1.68401,1.0,2.0
ENG-Premier League,2021,14625,2021-01-27 19:30:00,Fulham,Brighton,away,0.513226,2.29129,0.0,0.0
ENG-Premier League,2021,14640,2021-01-30 15:00:00,Fulham,West Bromwich Albion,away,1.52044,0.994664,2.0,2.0
ENG-Premier League,2021,14647,2021-02-03 18:00:00,Fulham,Leicester,home,0.731288,1.71299,0.0,2.0
ENG-Premier League,2021,14657,2021-02-06 17:30:00,Fulham,West Ham,home,1.60884,0.943539,0.0,0.0
ENG-Premier League,2021,14669,2021-02-14 19:00:00,Fulham,Everton,away,2.55085,0.314075,2.0,0.0
ENG-Premier League,2021,14602,2021-02-17 18:00:00,Fulham,Burnley,away,0.594471,1.20642,1.0,1.0
ENG-Premier League,2021,14679,2021-02-20 20:00:00,Fulham,Sheffield United,home,1.21006,0.977747,1.0,0.0
ENG-Premier League,2021,14687,2021-02-28 12:00:00,Fulham,Crystal Palace,away,0.813134,0.0880148,0.0,0.0
ENG-Premier League,2021,14757,2021-03-04 18:00:00,Fulham,Tottenham,home,1.1715,1.5519,0.0,1.0
ENG-Premier League,2021,14699,2021-03-07 14:00:00,Fulham,Liverpool,away,1.37047,0.701764,1.0,0.0
ENG-Premier League,2021,14708,2021-03-13 20:00:00,Fulham,Manchester City,home,0.449499,2.72578,0.0,3.0
ENG-Premier League,2021,14718,2021-03-19 20:00:00,Fulham,Leeds,home,1.47498,1.40706,1.0,2.0
ENG-Premier League,2021,14726,2021-04-04 15:30:00,Fulham,Aston Villa,away,1.52172,1.52229,1.0,3.0
ENG-Premier League,2021,14738,2021-04-09 19:00:00,Fulham,Wolverhampton Wanderers,home,0.733154,0.428134,0.0,1.0
ENG-Premier League,2021,14745,2021-04-18 12:30:00,Fulham,Arsenal,away,0.839128,2.85573,1.0,1.0
ENG-Premier League,2021,14767,2021-05-01 16:30:00,Fulham,Chelsea,away,0.290042,1.8433,0.0,2.0
ENG-Premier League,2021,14777,2021-05-10 19:00:00,Fulham,Burnley,home,0.778074,1.65831,0.0,2.0
ENG-Premier League,2021,14792,2021-05-15 14:00:00,Fulham,Southampton,away,0.875957,2.29146,1.0,3.0
ENG-Premier League,2021,14800,2021-05-18 17:00:00,Fulham,Manchester United,away,0.872643,0.92243,1.0,1.0
ENG-Premier League,2021,14807,2021-05-23 15:00:00,Fulham,Newcastle United,home,0.98902,1.60157,0.0,2.0
ENG-Premier League,2223,18203,2022-08-06 11:30:00,Fulham,Liverpool,home,1.26822,2.34111,2.0,2.0
ENG-Premier League,2223,18216,2022-08-13 14:00:00,Fulham,Wolverhampton Wanderers,away,1.08813,0.975375,0.0,0.0
ENG-Premier League,2223,18225,2022-08-20 14:00:00,Fulham,Brentford,home,2.89934,1.59352,3.0,2.0
ENG-Premier League,2223,18238,2022-08-27 16:30:00,Fulham,Arsenal,away,0.926007,2.47427,1.0,2.0
ENG-Premier League,2223,18242,2022-08-30 18:30:00,Fulham,Brighton,home,1.07093,1.75359,2.0,1.0
ENG-Premier League,2223,18255,2022-09-03 14:00:00,Fulham,Tottenham,away,0.381556,2.67823,1.0,2.0
ENG-Premier League,2223,18273,2022-09-16 19:00:00,Fulham,Nottingham Forest,away,1.3496,1.41541,3.0,2.0
ENG-Premier League,2223,18285,2022-10-01 14:00:00,Fulham,Newcastle United,home,0.683701,4.67198,1.0,4.0
ENG-Premier League,2223,18301,2022-10-09 13:00:00,Fulham,West Ham,away,0.549848,3.43676,1.0,3.0
ENG-Premier League,2223,18304,2022-10-15 14:00:00,Fulham,Bournemouth,home,1.61738,1.62829,2.0,2.0
ENG-Premier League,2223,18316,2022-10-20 18:30:00,Fulham,Aston Villa,home,2.892,0.711487,3.0,0.0
ENG-Premier League,2223,18325,2022-10-23 13:00:00,Fulham,Leeds,away,2.47512,1.96384,3.0,2.0
ENG-Premier League,2223,18337,2022-10-29 16:30:00,Fulham,Everton,home,1.76438,1.19166,0.0,0.0
ENG-Premier League,2223,18346,2022-11-05 15:00:00,Fulham,Manchester City,away,0.843884,2.39332,1.0,2.0
ENG-Premier League,2223,18354,2022-11-13 16:30:00,Fulham,Manchester United,home,1.70218,3.37664,1.0,2.0
ENG-Premier League,2223,18366,2022-12-26 15:00:00,Fulham,Crystal Palace,away,2.69927,0.421754,3.0,0.0
ENG-Premier League,2223,18374,2022-12-31 15:00:00,Fulham,Southampton,home,1.49305,0.698711,2.0,1.0
ENG-Premier League,2223,18389,2023-01-03 19:45:00,Fulham,Leicester,away,1.33493,1.45221,1.0,0.0
ENG-Premier League,2223,18262,2023-01-12 19:00:00,Fulham,Chelsea,home,0.711266,2.39911,2.0,1.0
ENG-Premier League,2223,18398,2023-01-15 14:00:00,Fulham,Newcastle United,away,0.989872,1.96256,0.0,1.0
ENG-Premier League,2223,18405,2023-01-23 20:00:00,Fulham,Tottenham,home,1.09339,0.993805,0.0,1.0
ENG-Premier League,2223,18415,2023-02-03 20:00:00,Fulham,Chelsea,away,0.493341,1.41471,0.0,0.0
ENG-Premier League,2223,18425,2023-02-11 15:00:00,Fulham,Nottingham Forest,home,1.69704,0.686824,2.0,0.0
ENG-Premier League,2223,18434,2023-02-18 15:00:00,Fulham,Brighton,away,0.224214,2.71375,1.0,0.0
ENG-Premier League,2223,18445,2023-02-24 20:00:00,Fulham,Wolverhampton Wanderers,home,0.913133,0.997097,1.0,1.0
ENG-Premier League,2223,18454,2023-03-06 20:00:00,Fulham,Brentford,away,1.67531,2.44358,2.0,3.0
ENG-Premier League,2223,18465,2023-03-12 14:00:00,Fulham,Arsenal,home,0.61832,2.64355,0.0,3.0
ENG-Premier League,2223,18483,2023-04-01 14:00:00,Fulham,Bournemouth,away,0.601049,3.14054,1.0,2.0
ENG-Premier League,2223,18494,2023-04-08 14:00:00,Fulham,West Ham,home,0.456524,1.23261,0.0,1.0
ENG-Premier League,2223,18504,2023-04-15 14:00:00,Fulham,Everton,away,1.92209,2.24262,3.0,1.0
ENG-Premier League,2223,18517,2023-04-22 11:30:00,Fulham,Leeds,home,1.43763,1.07482,2.0,1.0
ENG-Premier League,2223,18528,2023-04-25 18:45:00,Fulham,Aston Villa,away,0.079864,0.839159,0.0,1.0
ENG-Premier League,2223,18537,2023-04-30 13:00:00,Fulham,Manchester City,home,0.431813,2.32338,1.0,2.0
ENG-Premier League,2223,18477,2023-05-03 19:00:00,Fulham,Liverpool,away,0.740125,1.67372,0.0,1.0
ENG-Premier League,2223,18544,2023-05-08 14:00:00,Fulham,Leicester,home,1.75276,2.92566,5.0,3.0
ENG-Premier League,2223,18561,2023-05-13 14:00:00,Fulham,Southampton,away,1.27085,0.149649,2.0,0.0
ENG-Premier League,2223,18564,2023-05-20 14:00:00,Fulham,Crystal Palace,home,1.95519,1.70785,2.0,2.0
ENG-Premier League,2223,18580,2023-05-28 15:30:00,Fulham,Manchester United,away,1.88167,2.74766,1.0,2.0
ENG-Premier League,2324,22279,2023-08-12 14:00:00,Fulham,Everton,away,1.58144,2.59001,1.0,0.0
ENG-Premier League,2324,22287,2023-08-19 14:00:00,Fulham,Brentford,home,0.399899,3.46888,0.0,3.0
ENG-Premier League,2324,22297,2023-08-26 14:00:00,Fulham,Arsenal,away,0.849817,3.23088,2.0,2.0
ENG-Premier League,2324,21927,2023-09-02 14:00:00,Fulham,Manchester City,away,1.46427,2.00152,1.0,5.0
ENG-Premier League,2324,21939,2023-09-16 14:00:00,Fulham,Luton,home,1.75704,1.45705,1.0,0.0
ENG-Premier League,2324,21948,2023-09-23 14:00:00,Fulham,Crystal Palace,away,0.542678,0.37236,0.0,0.0
ENG-Premier League,2324,21964,2023-10-02 19:00:00,Fulham,Chelsea,home,0.889383,1.98461,0.0,2.0
ENG-Premier League,2324,21970,2023-10-07 14:00:00,Fulham,Sheffield United,home,2.26612,0.251809,3.0,1.0
ENG-Premier League,2324,21984,2023-10-23 19:00:00,Fulham,Tottenham,away,0.745838,1.63523,0.0,2.0
ENG-Premier League,2324,21988,2023-10-29 14:00:00,Fulham,Brighton,away,0.552523,1.31996,1.0,1.0
ENG-Premier League,2324,21998,2023-11-04 12:30:00,Fulham,Manchester United,home,1.18241,0.697095,0.0,1.0
ENG-Premier League,2324,22007,2023-11-12 14:00:00,Fulham,Aston Villa,away,0.648745,2.86039,1.0,3.0
ENG-Premier League,2324,22018,2023-11-27 20:00:00,Fulham,Wolverhampton Wanderers,home,2.49057,1.57875,3.0,2.0
ENG-Premier League,2324,22030,2023-12-03 14:00:00,Fulham,Liverpool,away,1.51005,2.72831,3.0,4.0
ENG-Premier League,2324,22038,2023-12-06 19:30:00,Fulham,Nottingham Forest,home,3.09427,0.218659,5.0,0.0
ENG-Premier League,2324,22049,2023-12-10 14:00:00,Fulham,West Ham,home,2.1884,0.983,5.0,0.0
ENG-Premier League,2324,22062,2023-12-16 15:00:00,Fulham,Newcastle United,away,0.471042,4.27933,0.0,3.0
ENG-Premier League,2324,22067,2023-12-23 15:00:00,Fulham,Burnley,home,1.38096,0.41714,0.0,2.0
ENG-Premier League,2324,22075,2023-12-26 15:00:00,Fulham,Bournemouth,away,0.324365,2.07911,0.0,3.0
ENG-Premier League,2324,22087,2023-12-31 14:00:00,Fulham,Arsenal,home,1.52829,1.6591,2.0,1.0
ENG-Premier League,2324,22097,2024-01-13 12:30:00,Fulham,Chelsea,away,0.697847,2.0456,0.0,1.0
ENG-Premier League,2324,22106,2024-01-30 19:45:00,Fulham,Everton,home,2.37499,2.83317,0.0,0.0
ENG-Premier League,2324,22119,2024-02-03 15:00:00,Fulham,Burnley,away,1.28806,1.00428,2.0,2.0
ENG-Premier League,2324,22127,2024-02-10 15:00:00,Fulham,Bournemouth,home,1.7456,2.60612,3.0,1.0
ENG-Premier League,2324,22138,2024-02-17 15:00:00,Fulham,Aston Villa,home,1.41796,1.57297,1.0,2.0
ENG-Premier League,2324,22152,2024-02-24 15:00:00,Fulham,Manchester United,away,1.1385,1.96036,2.0,1.0
ENG-Premier League,2324,22158,2024-03-02 15:00:00,Fulham,Brighton,home,1.37604,1.15198,3.0,0.0
ENG-Premier League,2324,22174,2024-03-09 15:00:00,Fulham,Wolverhampton Wanderers,away,2.94155,1.29589,1.0,2.0
ENG-Premier League,2324,22180,2024-03-16 17:30:00,Fulham,Tottenham,home,2.47234,2.14564,3.0,0.0
ENG-Premier League,2324,22193,2024-03-30 15:00:00,Fulham,Sheffield United,away,1.10254,1.78824,3.0,3.0
ENG-Premier League,2324,22198,2024-04-02 18:30:00,Fulham,Nottingham Forest,away,1.04304,1.94619,1.0,3.0
ENG-Premier League,2324,22209,2024-04-06 14:00:00,Fulham,Newcastle United,home,0.834564,1.18012,0.0,1.0
ENG-Premier League,2324,22224,2024-04-14 13:00:00,Fulham,West Ham,away,3.61413,1.45307,2.0,0.0
ENG-Premier League,2324,22229,2024-04-21 15:30:00,Fulham,Liverpool,home,0.83885,1.02445,1.0,3.0
ENG-Premier League,2324,22238,2024-04-27 14:00:00,Fulham,Crystal Palace,home,1.39418,1.05387,1.0,1.0
ENG-Premier League,2324,22246,2024-05-04 14:00:00,Fulham,Brentford,away,1.45579,0.809379,0.0,0.0
ENG-Premier League,2324,22258,2024-05-11 11:30:00,Fulham,Manchester City,home,0.0886245,3.15218,0.0,4.0
ENG-Premier League,2324,22272,2024-05-19 15:00:00,Fulham,Luton,away,1.11598,2.06743,4.0,2.0
ENG-Premier League,2425,26602,2024-08-16 19:00:00,Fulham,Manchester United,away,0.418711,2.04268,0.0,1.0
ENG-Premier League,2425,26614,2024-08-24 14:00:00,Fulham,Leicester,home,1.96218,0.857005,2.0,1.0
ENG-Premier League,2425,26625,2024-08-31 14:00:00,Fulham,Ipswich,away,1.18883,0.707048,1.0,1.0
ENG-Premier League,2425,26634,2024-09-14 14:00:00,Fulham,West Ham,home,2.88601,0.682719,1.0,1.0
ENG-Premier League,2425,26646,2024-09-21 14:00:00,Fulham,Newcastle United,home,3.21141,1.09768,3.0,1.0
ENG-Premier League,2425,26653,2024-09-28 14:00:00,Fulham,Nottingham Forest,away,1.43592,0.614351,1.0,0.0
ENG-Premier League,2425,26664,2024-10-05 14:00:00,Fulham,Manchester City,away,2.75846,1.36684,2.0,3.0
ENG-Premier League,2425,26673,2024-10-19 14:00:00,Fulham,Aston Villa,home,2.63074,1.43595,1.0,3.0
ENG-Premier League,2425,26687,2024-10-26 16:30:00,Fulham,Everton,away,1.49531,0.884845,1.0,1.0
ENG-Premier League,2425,26693,2024-11-04 20:00:00,Fulham,Brentford,home,1.43017,0.739231,2.0,1.0
ENG-Premier League,2425,26706,2024-11-09 15:00:00,Fulham,Crystal Palace,away,2.25331,1.96037,2.0,0.0
ENG-Premier League,2425,26717,2024-11-23 15:00:00,Fulham,Wolverhampton Wanderers,home,0.717158,1.33903,1.0,4.0
ENG-Premier League,2425,26729,2024-12-01 13:30:00,Fulham,Tottenham,away,1.57274,1.01086,1.0,1.0
ENG-Premier League,2425,26736,2024-12-05 19:30:00,Fulham,Brighton,home,0.666644,1.09939,3.0,1.0
ENG-Premier League,2425,26749,2024-12-08 14:00:00,Fulham,Arsenal,home,0.150988,2.4333,1.0,1.0
ENG-Premier League,2425,26752,2024-12-14 15:00:00,Fulham,Liverpool,away,1.2862,2.09698,2.0,2.0
ENG-Premier League,2425,26763,2024-12-22 14:00:00,Fulham,Southampton,home,1.25255,0.280031,0.0,0.0
ENG-Premier League,2425,26775,2024-12-26 15:00:00,Fulham,Chelsea,away,1.77929,1.55626,2.0,1.0
ENG-Premier League,2425,26786,2024-12-29 15:00:00,Fulham,Bournemouth,home,0.961566,1.70692,2.0,2.0
ENG-Premier League,2425,26796,2025-01-05 14:00:00,Fulham,Ipswich,home,2.65469,1.4434,2.0,2.0
ENG-Premier League,2425,26808,2025-01-14 19:30:00,Fulham,West Ham,away,2.83581,0.937322,2.0,3.0
ENG-Premier League,2425,26817,2025-01-18 15:00:00,Fulham,Leicester,away,2.36823,0.676934,2.0,0.0
ENG-Premier League,2425,26826,2025-01-26 19:00:00,Fulham,Manchester United,home,0.560571,0.201988,0.0,1.0
ENG-Premier League,2425,26839,2025-02-01 15:00:00,Fulham,Newcastle United,away,1.60881,1.22716,2.0,1.0
ENG-Premier League,2425,26845,2025-02-15 15:00:00,Fulham,Nottingham Forest,home,2.20993,0.331301,2.0,1.0
ENG-Premier League,2425,26856,2025-02-22 15:00:00,Fulham,Crystal Palace,home,0.23426,1.46203,0.0,2.0
ENG-Premier League,2425,26867,2025-02-25 19:30:00,Fulham,Wolverhampton Wanderers,away,1.43473,0.928973,2.0,1.0
ENG-Premier League,2425,26873,2025-03-08 15:00:00,Fulham,Brighton,away,0.708227,1.94417,1.0,2.0
ENG-Premier League,2425,26886,2025-03-16 13:30:00,Fulham,Tottenham,home,1.03966,1.40865,2.0,0.0
ENG-Premier League,2425,26892,2025-04-01 19:45:00,Fulham,Arsenal,away,1.44206,2.30189,1.0,2.0
ENG-Premier League,2425,26906,2025-04-06 13:00:00,Fulham,Liverpool,home,1.72764,1.40638,3.0,2.0
ENG-Premier League,2425,26912,2025-04-14 19:00:00,Fulham,Bournemouth,away,1.07203,1.8577,0.0,1.0
ENG-Premier League,2425,26926,2025-04-20 13:00:00,Fulham,Chelsea,home,0.306122,0.75172,1.0,2.0
ENG-Premier League,2425,26940,2025-04-26 14:00:00,Fulham,Southampton,away,1.9956,0.935581,2.0,1.0
ENG-Premier League,2425,26946,2025-05-03 11:30:00,Fulham,Aston Villa,away,0.702787,1.29013,0.0,1.0
ENG-Premier League,2425,26953,2025-05-10 14:00:00,Fulham,Everton,home,1.20869,1.32604,1.0,3.0
ENG-Premier League,2425,26964,2025-05-18 14:00:00,Fulham,Brentford,away,1.61741,2.43045,3.0,2.0
ENG-Premier League,2425,26981,2025-05-25 15:00:00,Fulham,Manchester City,home,2.21797,2.45923,0.0,2.0
ENG-Premier League,2526,28780,2025-08-16 14:00:00,Fulham,Brighton,away,0.902883,1.44008,1.0,1.0
ENG-Premier League,2526,28796,2025-08-24 15:30:00,Fulham,Manchester United,home,1.65333,1.54603,1.0,1.0
ENG-Premier League,2526,28798,2025-08-30 11:30:00,Fulham,Chelsea,away,0.736228,2.4324,0.0,2.0
ENG-Premier League,2526,28813,2025-09-13 14:00:00,Fulham,Leeds,home,1.13979,0.830398,1.0,0.0
ENG-Premier League,2526,28825,2025-09-20 19:00:00,Fulham,Brentford,home,1.52431,0.826556,3.0,1.0
ENG-Premier League,2526,28831,2025-09-28 13:00:00,Fulham,Aston Villa,away,0.952612,1.36575,1.0,3.0
ENG-Premier League,2526,28838,2025-10-03 19:00:00,Fulham,Bournemouth,away,0.84335,1.33458,1.0,3.0
ENG-Premier League,2526,28851,2025-10-18 16:30:00,Fulham,Arsenal,home,0.502332,2.07823,0.0,1.0
ENG-Premier League,2526,28866,2025-10-25 14:00:00,Fulham,Newcastle United,away,1.52001,2.76806,1.0,2.0
ENG-Premier League,2526,28871,2025-11-01 15:00:00,Fulham,Wolverhampton Wanderers,home,1.91207,0.209934,3.0,0.0
ENG-Premier League,2526,28882,2025-11-08 15:00:00,Fulham,Everton,away,0.424478,2.30607,0.0,2.0
ENG-Premier League,2526,28892,2025-11-22 15:00:00,Fulham,Sunderland,home,2.83729,0.222768,1.0,0.0
ENG-Premier League,2526,28906,2025-11-29 20:00:00,Fulham,Tottenham,away,0.494736,1.04396,2.0,1.0
ENG-Premier League,2526,28912,2025-12-02 19:30:00,Fulham,Manchester City,home,0.972635,1.96225,4.0,5.0
ENG-Premier League,2526,28922,2025-12-07 16:30:00,Fulham,Crystal Palace,home,0.766771,1.71109,1.0,2.0
ENG-Premier League,2526,28930,2025-12-13 17:30:00,Fulham,Burnley,away,1.65053,2.05486,3.0,2.0
ENG-Premier League,2526,28942,2025-12-22 20:00:00,Fulham,Nottingham Forest,home,1.70568,0.486296,1.0,0.0
ENG-Premier League,2526,28957,2025-12-27 15:00:00,Fulham,West Ham,away,1.11436,1.13719,1.0,0.0
ENG-Premier League,2526,28962,2026-01-01 17:30:00,Fulham,Crystal Palace,away,1.75434,2.35346,1.0,1.0
ENG-Premier League,2526,28975,2026-01-04 15:00:00,Fulham,Liverpool,home,0.609182,1.7188,2.0,2.0
ENG-Premier League,2526,28984,2026-01-07 19:30:00,Fulham,Chelsea,home,1.06013,2.45107,2.0,1.0
ENG-Premier League,2526,28991,2026-01-17 15:00:00,Fulham,Leeds,away,0.258796,2.16898,0.0,1.0
ENG-Premier League,2526,29004,2026-01-24 15:00:00,Fulham,Brighton,home,1.13243,1.94652,2.0,1.0
ENG-Premier League,2526,29012,2026-02-01 14:00:00,Fulham,Manchester United,away,1.71998,1.84362,2.0,3.0
ENG-Premier League,2526,29022,2026-02-07 15:00:00,Fulham,Everton,home,2.20126,1.88778,1.0,2.0
ENG-Premier League,2526,29033,2026-02-11 19:30:00,Fulham,Manchester City,away,1.05283,1.67722,0.0,3.0
ENG-Premier League,2526,29045,2026-02-22 14:00:00,Fulham,Sunderland,away,2.16696,1.7609,3.0,1.0
ENG-Premier League,2526,29052,2026-03-01 14:00:00,Fulham,Tottenham,home,2.3207,0.952091,2.0,1.0
ENG-Premier League,2526,29062,2026-03-04 19:30:00,Fulham,West Ham,home,0.628123,1.49528,0.0,1.0
ENG-Premier League,2526,29075,2026-03-15 14:00:00,Fulham,Nottingham Forest,away,0.933988,0.821011,0.0,0.0
ENG-Premier League,2526,29082,2026-03-21 15:00:00,Fulham,Burnley,home,3.48438,1.92556,3.0,1.0
ENG-Premier League,2526,29097,2026-04-11 16:30:00,Fulham,Liverpool,away,1.42024,2.01499,0.0,2.0
ENG-Premier League,2526,29099,2026-04-18 11:30:00,Fulham,Brentford,away,0.790707,2.33552,0.0,0.0
ENG-Premier League,2526,29112,2026-04-25 11:30:00,Fulham,Aston Villa,home,1.24069,0.906156,1.0,0.0
ENG-Premier League,2526,29119,2026-05-02 17:30:00,Fulham,Arsenal,away,0.696714,4.09079,0.0,3.0
ENG-Premier League,2526,29131,2026-05-09 15:00:00,Fulham,Bournemouth,home,1.24334,0.998003,0.0,1.0
ENG-Premier League,2526,29147,2026-05-17 15:00:00,Fulham,Wolverhampton Wanderers,away,1.48412,1.49725,1.0,1.0
ENG-Premier League,2526,29151,2026-05-24 15:00:00,Fulham,Newcastle United,home,1.72878,0.24232,2.0,0.0
ENG-Premier League,2425,26603,2024-08-17 11:30:00,Ipswich,Liverpool,home,0.342601,3.92906,0.0,2.0
ENG-Premier League,2425,26615,2024-08-24 14:00:00,Ipswich,Manchester City,away,0.479999,3.07818,1.0,4.0
ENG-Premier League,2425,26625,2024-08-31 14:00:00,Ipswich,Fulham,home,0.707048,1.18883,1.0,1.0
ENG-Premier League,2425,26633,2024-09-14 14:00:00,Ipswich,Brighton,away,0.721323,1.75696,0.0,0.0
ENG-Premier League,2425,26643,2024-09-21 14:00:00,Ipswich,Southampton,away,1.645,2.89813,1.0,1.0
ENG-Premier League,2425,26659,2024-09-29 13:00:00,Ipswich,Aston Villa,home,1.84608,1.14494,2.0,2.0
ENG-Premier League,2425,26665,2024-10-05 14:00:00,Ipswich,West Ham,away,1.18463,4.39402,1.0,4.0
ENG-Premier League,2425,26674,2024-10-19 14:00:00,Ipswich,Everton,home,1.174,1.60804,0.0,2.0
ENG-Premier League,2425,26685,2024-10-26 14:00:00,Ipswich,Brentford,away,1.65698,4.09663,3.0,4.0
ENG-Premier League,2425,26695,2024-11-02 15:00:00,Ipswich,Leicester,home,1.33617,2.33858,1.0,1.0
ENG-Premier League,2425,26709,2024-11-10 14:00:00,Ipswich,Tottenham,away,2.18392,1.75088,2.0,1.0
ENG-Premier League,2425,26718,2024-11-24 16:30:00,Ipswich,Manchester United,home,1.98714,1.26912,1.0,1.0
ENG-Premier League,2425,26728,2024-11-30 15:00:00,Ipswich,Nottingham Forest,away,0.462771,1.76587,0.0,1.0
ENG-Premier League,2425,26737,2024-12-03 19:30:00,Ipswich,Crystal Palace,home,0.471708,1.65422,0.0,1.0
ENG-Premier League,2425,26750,2024-12-08 14:00:00,Ipswich,Bournemouth,home,1.5668,3.49127,1.0,2.0
ENG-Premier League,2425,26758,2024-12-14 15:00:00,Ipswich,Wolverhampton Wanderers,away,1.73349,1.23748,2.0,1.0
ENG-Premier League,2425,26771,2024-12-21 15:00:00,Ipswich,Newcastle United,home,1.06427,3.23386,0.0,4.0
ENG-Premier League,2425,26773,2024-12-27 20:15:00,Ipswich,Arsenal,away,0.0783327,2.16462,0.0,1.0
ENG-Premier League,2425,26787,2024-12-30 19:45:00,Ipswich,Chelsea,home,1.50093,1.60622,2.0,0.0
ENG-Premier League,2425,26796,2025-01-05 14:00:00,Ipswich,Fulham,away,1.4434,2.65469,2.0,2.0
ENG-Premier League,2425,26805,2025-01-16 19:30:00,Ipswich,Brighton,home,0.268127,1.06343,0.0,2.0
ENG-Premier League,2425,26816,2025-01-19 16:30:00,Ipswich,Manchester City,home,0.795637,3.20228,0.0,6.0
ENG-Premier League,2425,26827,2025-01-25 15:00:00,Ipswich,Liverpool,away,0.804707,2.16809,1.0,4.0
ENG-Premier League,2425,26837,2025-02-01 15:00:00,Ipswich,Southampton,home,1.94845,1.17566,1.0,2.0
ENG-Premier League,2425,26842,2025-02-15 15:00:00,Ipswich,Aston Villa,away,0.332864,2.89841,1.0,1.0
ENG-Premier League,2425,26857,2025-02-22 15:00:00,Ipswich,Tottenham,home,1.15389,1.58741,1.0,4.0
ENG-Premier League,2425,26871,2025-02-26 19:30:00,Ipswich,Manchester United,away,1.04498,1.40202,2.0,3.0
ENG-Premier League,2425,26875,2025-03-08 15:00:00,Ipswich,Crystal Palace,away,1.63282,3.13879,0.0,1.0
ENG-Premier League,2425,26887,2025-03-15 15:00:00,Ipswich,Nottingham Forest,home,0.520839,1.30722,2.0,4.0
ENG-Premier League,2425,26896,2025-04-02 19:45:00,Ipswich,Bournemouth,away,1.41263,1.99637,2.0,1.0
ENG-Premier League,2425,26907,2025-04-05 14:00:00,Ipswich,Wolverhampton Wanderers,home,0.872356,2.8096,1.0,2.0
ENG-Premier League,2425,26915,2025-04-13 13:00:00,Ipswich,Chelsea,away,1.60301,2.90758,2.0,2.0
ENG-Premier League,2425,26927,2025-04-20 13:00:00,Ipswich,Arsenal,home,0.192879,2.81362,0.0,4.0
ENG-Premier League,2425,26938,2025-04-26 14:00:00,Ipswich,Newcastle United,away,0.127203,4.11539,0.0,3.0
ENG-Premier League,2425,26950,2025-05-03 14:00:00,Ipswich,Everton,away,1.14351,0.808481,2.0,2.0
ENG-Premier League,2425,26954,2025-05-10 14:00:00,Ipswich,Brentford,home,0.717433,1.32077,0.0,1.0
ENG-Premier League,2425,26969,2025-05-18 14:00:00,Ipswich,Leicester,away,1.36957,0.788544,0.0,2.0
ENG-Premier League,2425,26980,2025-05-25 15:00:00,Ipswich,West Ham,home,0.893095,0.967379,1.0,3.0
ENG-Premier League,2021,14090,2020-09-12 16:30:00,Leeds,Liverpool,away,0.269813,3.15412,3.0,4.0
ENG-Premier League,2021,14097,2020-09-19 14:00:00,Leeds,Fulham,home,1.45254,1.55503,4.0,3.0
ENG-Premier League,2021,14110,2020-09-27 11:00:00,Leeds,Sheffield United,away,1.46641,1.53278,1.0,0.0
ENG-Premier League,2021,14469,2020-10-03 16:30:00,Leeds,Manchester City,home,2.56662,1.41533,1.0,1.0
ENG-Premier League,2021,14478,2020-10-19 19:00:00,Leeds,Wolverhampton Wanderers,home,1.08332,0.618191,0.0,1.0
ENG-Premier League,2021,14486,2020-10-23 19:00:00,Leeds,Aston Villa,away,2.37695,1.50125,3.0,0.0
ENG-Premier League,2021,14498,2020-11-02 20:00:00,Leeds,Leicester,home,1.74822,3.07657,1.0,4.0
ENG-Premier League,2021,14508,2020-11-07 15:00:00,Leeds,Crystal Palace,away,0.847913,1.30169,1.0,4.0
ENG-Premier League,2021,14518,2020-11-22 16:30:00,Leeds,Arsenal,home,1.9617,0.710778,0.0,0.0
ENG-Premier League,2021,14531,2020-11-28 17:30:00,Leeds,Everton,away,3.11324,1.29229,1.0,0.0
ENG-Premier League,2021,14538,2020-12-05 20:00:00,Leeds,Chelsea,away,1.0277,4.89472,1.0,3.0
ENG-Premier League,2021,14548,2020-12-11 20:00:00,Leeds,West Ham,home,1.56644,1.7851,1.0,2.0
ENG-Premier League,2021,14558,2020-12-16 18:00:00,Leeds,Newcastle United,home,2.95137,1.44437,5.0,2.0
ENG-Premier League,2021,14570,2020-12-20 16:30:00,Leeds,Manchester United,away,1.63467,4.77743,2.0,6.0
ENG-Premier League,2021,14578,2020-12-27 12:00:00,Leeds,Burnley,home,2.13271,1.54591,1.0,0.0
ENG-Premier League,2021,14590,2020-12-29 18:00:00,Leeds,West Bromwich Albion,away,1.54225,0.43551,5.0,0.0
ENG-Premier League,2021,14599,2021-01-02 12:30:00,Leeds,Tottenham,away,1.15626,2.5286,0.0,3.0
ENG-Premier League,2021,14618,2021-01-16 15:00:00,Leeds,Brighton,home,0.245193,1.14424,0.0,1.0
ENG-Premier League,2021,14631,2021-01-26 18:00:00,Leeds,Newcastle United,away,0.785914,1.1364,2.0,1.0
ENG-Premier League,2021,14643,2021-01-31 14:00:00,Leeds,Leicester,away,1.8141,1.73432,3.0,1.0
ENG-Premier League,2021,14648,2021-02-03 19:30:00,Leeds,Everton,home,1.14303,1.91539,1.0,2.0
ENG-Premier League,2021,14658,2021-02-08 20:00:00,Leeds,Crystal Palace,home,2.64769,0.370278,2.0,0.0
ENG-Premier League,2021,14665,2021-02-14 16:30:00,Leeds,Arsenal,away,0.77074,2.50614,2.0,4.0
ENG-Premier League,2021,14684,2021-02-19 20:00:00,Leeds,Wolverhampton Wanderers,away,2.4793,0.592049,0.0,1.0
ENG-Premier League,2021,14608,2021-02-23 20:00:00,Leeds,Southampton,home,1.84753,1.47981,3.0,0.0
ENG-Premier League,2021,14691,2021-02-27 17:30:00,Leeds,Aston Villa,home,1.00106,0.876255,0.0,1.0
ENG-Premier League,2021,14704,2021-03-08 20:00:00,Leeds,West Ham,away,1.34971,2.37556,0.0,2.0
ENG-Premier League,2021,14709,2021-03-13 12:30:00,Leeds,Chelsea,home,0.382957,0.971054,0.0,0.0
ENG-Premier League,2021,14718,2021-03-19 20:00:00,Leeds,Fulham,away,1.40706,1.47498,2.0,1.0
ENG-Premier League,2021,14729,2021-04-03 14:00:00,Leeds,Sheffield United,home,2.50597,0.867652,2.0,1.0
ENG-Premier League,2021,14740,2021-04-10 11:30:00,Leeds,Manchester City,away,0.17525,1.98825,2.0,1.0
ENG-Premier League,2021,14749,2021-04-19 19:00:00,Leeds,Liverpool,home,2.59719,1.60043,1.0,1.0
ENG-Premier League,2021,14758,2021-04-25 13:00:00,Leeds,Manchester United,home,0.216834,1.11635,0.0,0.0
ENG-Premier League,2021,14765,2021-05-01 14:00:00,Leeds,Brighton,away,0.510874,2.52542,0.0,2.0
ENG-Premier League,2021,14778,2021-05-08 11:30:00,Leeds,Tottenham,home,2.55216,1.03384,3.0,1.0
ENG-Premier League,2021,14786,2021-05-15 11:30:00,Leeds,Burnley,away,1.85654,1.41338,4.0,0.0
ENG-Premier League,2021,14802,2021-05-18 17:00:00,Leeds,Southampton,away,1.58132,1.3084,2.0,0.0
ENG-Premier League,2021,14808,2021-05-23 15:00:00,Leeds,West Bromwich Albion,home,2.49009,1.02209,3.0,1.0
ENG-Premier League,2122,16377,2021-08-14 11:30:00,Leeds,Manchester United,away,0.568342,1.64248,1.0,5.0
ENG-Premier League,2122,16390,2021-08-21 14:00:00,Leeds,Everton,home,0.966093,1.85713,2.0,2.0
ENG-Premier League,2122,16403,2021-08-29 13:00:00,Leeds,Burnley,away,1.52078,1.71102,1.0,1.0
ENG-Premier League,2122,16414,2021-09-12 15:30:00,Leeds,Liverpool,home,0.652514,4.4016,0.0,3.0
ENG-Premier League,2122,16416,2021-09-17 19:00:00,Leeds,Newcastle United,away,1.42995,1.17668,1.0,1.0
ENG-Premier League,2122,16429,2021-09-25 14:00:00,Leeds,West Ham,home,1.1967,1.98962,1.0,2.0
ENG-Premier League,2122,16440,2021-10-02 14:00:00,Leeds,Watford,home,1.57388,0.192794,1.0,0.0
ENG-Premier League,2122,16454,2021-10-16 14:00:00,Leeds,Southampton,away,0.446173,1.83082,0.0,1.0
ENG-Premier League,2122,16462,2021-10-23 14:00:00,Leeds,Wolverhampton Wanderers,home,1.71313,0.858644,1.0,1.0
ENG-Premier League,2122,16472,2021-10-31 14:00:00,Leeds,Norwich,away,1.16855,0.661887,2.0,1.0
ENG-Premier League,2122,16482,2021-11-07 14:00:00,Leeds,Leicester,home,1.96551,0.795292,1.0,1.0
ENG-Premier League,2122,16493,2021-11-21 16:30:00,Leeds,Tottenham,away,1.46689,2.31744,1.0,2.0
ENG-Premier League,2122,16498,2021-11-27 17:30:00,Leeds,Brighton,away,0.864829,1.90498,0.0,0.0
ENG-Premier League,2122,16508,2021-11-30 20:15:00,Leeds,Crystal Palace,home,1.9818,0.707328,1.0,0.0
ENG-Premier League,2122,16518,2021-12-05 14:00:00,Leeds,Brentford,home,1.41896,1.19959,2.0,2.0
ENG-Premier League,2122,16530,2021-12-11 15:00:00,Leeds,Chelsea,away,1.72934,2.74844,2.0,3.0
ENG-Premier League,2122,16545,2021-12-14 20:00:00,Leeds,Manchester City,away,0.227498,3.31349,0.0,7.0
ENG-Premier League,2122,16548,2021-12-18 17:30:00,Leeds,Arsenal,home,1.31408,3.69008,1.0,4.0
ENG-Premier League,2122,16581,2022-01-02 14:00:00,Leeds,Burnley,home,2.04186,0.960493,3.0,1.0
ENG-Premier League,2122,16594,2022-01-16 14:00:00,Leeds,West Ham,away,2.26884,2.3549,3.0,2.0
ENG-Premier League,2122,16601,2022-01-22 15:00:00,Leeds,Newcastle United,home,1.12992,1.15904,0.0,1.0
ENG-Premier League,2122,16606,2022-02-09 20:00:00,Leeds,Aston Villa,away,2.52914,1.5013,3.0,3.0
ENG-Premier League,2122,16619,2022-02-12 15:00:00,Leeds,Everton,away,0.242668,2.58561,0.0,3.0
ENG-Premier League,2122,16630,2022-02-20 14:00:00,Leeds,Manchester United,home,1.74476,2.60999,2.0,4.0
ENG-Premier League,2122,16559,2022-02-23 19:45:00,Leeds,Liverpool,away,0.141547,5.3303,0.0,6.0
ENG-Premier League,2122,16642,2022-02-26 12:30:00,Leeds,Tottenham,home,1.89569,2.47025,0.0,4.0
ENG-Premier League,2122,16648,2022-03-05 12:30:00,Leeds,Leicester,away,2.14389,0.359129,0.0,1.0
ENG-Premier League,2122,16572,2022-03-10 19:45:00,Leeds,Aston Villa,home,0.194028,1.2729,0.0,3.0
ENG-Premier League,2122,16662,2022-03-13 14:00:00,Leeds,Norwich,home,3.11755,1.40148,2.0,1.0
ENG-Premier League,2122,16675,2022-03-18 20:00:00,Leeds,Wolverhampton Wanderers,away,2.82103,1.24075,3.0,2.0
ENG-Premier League,2122,16681,2022-04-02 14:00:00,Leeds,Southampton,home,1.50715,2.06387,1.0,1.0
ENG-Premier League,2122,16686,2022-04-09 14:00:00,Leeds,Watford,away,0.895612,1.07422,3.0,0.0
ENG-Premier League,2122,16710,2022-04-25 19:00:00,Leeds,Crystal Palace,away,0.374044,1.61656,0.0,0.0
ENG-Premier League,2122,16723,2022-04-30 16:30:00,Leeds,Manchester City,home,1.03608,3.01431,0.0,4.0
ENG-Premier League,2122,16735,2022-05-08 13:00:00,Leeds,Arsenal,away,0.696785,2.7227,1.0,2.0
ENG-Premier League,2122,16703,2022-05-11 18:30:00,Leeds,Chelsea,home,0.499789,1.46853,0.0,3.0
ENG-Premier League,2122,16743,2022-05-15 13:00:00,Leeds,Brighton,home,2.22282,2.25898,1.0,1.0
ENG-Premier League,2122,16747,2022-05-22 15:00:00,Leeds,Brentford,away,1.47786,0.844985,2.0,1.0
ENG-Premier League,2223,18205,2022-08-06 14:00:00,Leeds,Wolverhampton Wanderers,home,0.88917,1.10119,2.0,1.0
ENG-Premier League,2223,18215,2022-08-13 14:00:00,Leeds,Southampton,away,1.99694,1.40906,2.0,2.0
ENG-Premier League,2223,18228,2022-08-21 13:00:00,Leeds,Chelsea,home,2.20971,0.692492,3.0,0.0
ENG-Premier League,2223,18234,2022-08-27 14:00:00,Leeds,Brighton,away,1.14874,1.60986,0.0,1.0
ENG-Premier League,2223,18245,2022-08-30 19:00:00,Leeds,Everton,home,1.04551,1.17189,1.0,1.0
ENG-Premier League,2223,18257,2022-09-03 14:00:00,Leeds,Brentford,away,1.796,2.7485,2.0,5.0
ENG-Premier League,2223,18286,2022-10-02 15:30:00,Leeds,Aston Villa,home,0.298626,1.89645,0.0,0.0
ENG-Premier League,2223,18296,2022-10-09 13:00:00,Leeds,Crystal Palace,away,1.06564,1.65194,1.0,2.0
ENG-Premier League,2223,18305,2022-10-16 13:00:00,Leeds,Arsenal,home,2.02232,0.821757,0.0,1.0
ENG-Premier League,2223,18317,2022-10-20 19:15:00,Leeds,Leicester,away,1.19464,0.655249,0.0,2.0
ENG-Premier League,2223,18325,2022-10-23 13:00:00,Leeds,Fulham,home,1.96384,2.47512,2.0,3.0
ENG-Premier League,2223,18339,2022-10-29 18:45:00,Leeds,Liverpool,away,1.61271,1.90889,2.0,1.0
ENG-Premier League,2223,18345,2022-11-05 15:00:00,Leeds,Bournemouth,home,2.22532,1.55594,4.0,3.0
ENG-Premier League,2223,18359,2022-11-12 15:00:00,Leeds,Tottenham,away,1.71731,2.58046,3.0,4.0
ENG-Premier League,2223,18368,2022-12-28 20:00:00,Leeds,Manchester City,home,0.603751,4.16249,1.0,3.0
ENG-Premier League,2223,18377,2022-12-31 15:00:00,Leeds,Newcastle United,away,0.517099,2.78846,0.0,0.0
ENG-Premier League,2223,18388,2023-01-04 19:45:00,Leeds,West Ham,home,1.2577,1.29245,2.0,2.0
ENG-Premier League,2223,18392,2023-01-13 20:00:00,Leeds,Aston Villa,away,2.46295,1.64599,1.0,2.0
ENG-Premier League,2223,18406,2023-01-22 14:00:00,Leeds,Brentford,home,0.374736,0.17114,0.0,0.0
ENG-Premier League,2223,18419,2023-02-05 14:00:00,Leeds,Nottingham Forest,away,1.12331,0.3325,0.0,1.0
ENG-Premier League,2223,18279,2023-02-08 19:00:00,Leeds,Manchester United,away,0.554798,2.00007,2.0,2.0
ENG-Premier League,2223,18426,2023-02-12 14:00:00,Leeds,Manchester United,home,1.89163,1.30375,0.0,2.0
ENG-Premier League,2223,18436,2023-02-18 15:00:00,Leeds,Everton,away,0.597403,1.53811,0.0,1.0
ENG-Premier League,2223,18446,2023-02-25 15:00:00,Leeds,Southampton,home,0.720048,0.391128,1.0,0.0
ENG-Premier League,2223,18456,2023-03-04 15:00:00,Leeds,Chelsea,away,0.633995,1.8678,0.0,1.0
ENG-Premier League,2223,18466,2023-03-11 15:00:00,Leeds,Brighton,home,0.596738,1.51388,2.0,2.0
ENG-Premier League,2223,18481,2023-03-18 15:00:00,Leeds,Wolverhampton Wanderers,away,1.6549,2.76358,4.0,2.0
ENG-Premier League,2223,18482,2023-04-01 14:00:00,Leeds,Arsenal,away,0.497609,3.29548,1.0,4.0
ENG-Premier League,2223,18271,2023-04-04 18:45:00,Leeds,Nottingham Forest,home,2.43248,0.613917,2.0,1.0
ENG-Premier League,2223,18495,2023-04-09 13:00:00,Leeds,Crystal Palace,home,1.02075,3.22687,1.0,5.0
ENG-Premier League,2223,18505,2023-04-17 19:00:00,Leeds,Liverpool,home,1.16748,2.65476,1.0,6.0
ENG-Premier League,2223,18517,2023-04-22 11:30:00,Leeds,Fulham,away,1.07482,1.43763,1.0,2.0
ENG-Premier League,2223,18523,2023-04-25 19:00:00,Leeds,Leicester,home,2.09645,2.08594,1.0,1.0
ENG-Premier League,2223,18533,2023-04-30 13:00:00,Leeds,Bournemouth,away,1.33691,2.51723,1.0,4.0
ENG-Premier League,2223,18546,2023-05-06 14:00:00,Leeds,Manchester City,away,0.140924,2.83472,1.0,2.0
ENG-Premier League,2223,18558,2023-05-13 11:30:00,Leeds,Newcastle United,home,2.01567,2.35118,2.0,2.0
ENG-Premier League,2223,18570,2023-05-21 12:30:00,Leeds,West Ham,away,0.645828,2.48001,1.0,3.0
ENG-Premier League,2223,18578,2023-05-28 15:30:00,Leeds,Tottenham,home,1.19151,2.03315,1.0,4.0
ENG-Premier League,2526,28787,2025-08-18 19:00:00,Leeds,Everton,home,2.3812,0.674338,1.0,0.0
ENG-Premier League,2526,28793,2025-08-23 16:30:00,Leeds,Arsenal,away,0.156761,2.73761,0.0,5.0
ENG-Premier League,2526,28803,2025-08-30 16:30:00,Leeds,Newcastle United,home,0.6773,0.303635,0.0,0.0
ENG-Premier League,2526,28813,2025-09-13 14:00:00,Leeds,Fulham,away,0.830398,1.13979,0.0,1.0
ENG-Premier League,2526,28820,2025-09-20 14:00:00,Leeds,Wolverhampton Wanderers,away,0.456988,1.5661,3.0,1.0
ENG-Premier League,2526,28832,2025-09-27 14:00:00,Leeds,Bournemouth,home,2.04728,1.06033,2.0,2.0
ENG-Premier League,2526,28844,2025-10-04 11:30:00,Leeds,Tottenham,home,1.48051,0.688198,1.0,2.0
ENG-Premier League,2526,28849,2025-10-18 14:00:00,Leeds,Burnley,away,2.33152,0.509647,0.0,2.0
ENG-Premier League,2526,28864,2025-10-24 19:00:00,Leeds,West Ham,home,2.2214,0.498653,2.0,1.0
ENG-Premier League,2526,28868,2025-11-01 15:00:00,Leeds,Brighton,away,0.35919,2.64127,0.0,3.0
ENG-Premier League,2526,28884,2025-11-09 14:00:00,Leeds,Nottingham Forest,away,0.419461,2.49097,1.0,3.0
ENG-Premier League,2526,28893,2025-11-23 14:00:00,Leeds,Aston Villa,home,1.84668,1.35978,1.0,2.0
ENG-Premier League,2526,28903,2025-11-29 15:00:00,Leeds,Manchester City,away,1.75142,2.85292,2.0,3.0
ENG-Premier League,2526,28913,2025-12-03 20:15:00,Leeds,Chelsea,home,2.2047,0.964018,3.0,1.0
ENG-Premier League,2526,28923,2025-12-06 17:30:00,Leeds,Liverpool,home,1.79333,2.04805,3.0,3.0
ENG-Premier League,2526,28929,2025-12-14 16:30:00,Leeds,Brentford,away,1.63409,0.697006,1.0,1.0
ENG-Premier League,2526,28943,2025-12-20 20:00:00,Leeds,Crystal Palace,home,2.90786,1.53058,4.0,1.0
ENG-Premier League,2526,28956,2025-12-28 14:00:00,Leeds,Sunderland,away,2.60653,0.805957,1.0,1.0
ENG-Premier League,2526,28963,2026-01-01 17:30:00,Leeds,Liverpool,away,0.15936,1.67833,0.0,0.0
ENG-Premier League,2526,28976,2026-01-04 12:30:00,Leeds,Manchester United,home,0.970138,1.94781,1.0,1.0
ENG-Premier League,2526,28986,2026-01-07 20:15:00,Leeds,Newcastle United,away,2.35318,2.43495,3.0,4.0
ENG-Premier League,2526,28991,2026-01-17 15:00:00,Leeds,Fulham,home,2.16898,0.258796,1.0,0.0
ENG-Premier League,2526,29003,2026-01-26 20:00:00,Leeds,Everton,away,1.6766,0.889916,1.0,1.0
ENG-Premier League,2526,29015,2026-01-31 15:00:00,Leeds,Arsenal,home,0.17871,3.54427,0.0,4.0
ENG-Premier League,2526,29023,2026-02-06 20:00:00,Leeds,Nottingham Forest,home,3.38179,1.6608,3.0,1.0
ENG-Premier League,2526,29030,2026-02-10 19:30:00,Leeds,Chelsea,away,1.28948,3.21176,2.0,2.0
ENG-Premier League,2526,29038,2026-02-21 15:00:00,Leeds,Aston Villa,away,1.27855,1.25439,1.0,1.0
ENG-Premier League,2526,29053,2026-02-28 17:30:00,Leeds,Manchester City,home,1.37824,2.46834,0.0,1.0
ENG-Premier League,2526,29063,2026-03-03 19:30:00,Leeds,Sunderland,home,0.888232,0.843856,0.0,1.0
ENG-Premier League,2526,29072,2026-03-15 14:00:00,Leeds,Crystal Palace,away,1.13558,0.525205,0.0,0.0
ENG-Premier League,2526,29083,2026-03-21 20:00:00,Leeds,Brentford,home,0.417296,0.302221,0.0,0.0
ENG-Premier League,2526,29088,2026-04-13 19:00:00,Leeds,Manchester United,away,2.95118,1.36555,2.0,1.0
ENG-Premier League,2526,29103,2026-04-18 14:00:00,Leeds,Wolverhampton Wanderers,home,3.55804,0.568627,3.0,0.0
ENG-Premier League,2526,29108,2026-04-22 19:00:00,Leeds,Bournemouth,away,1.21601,1.91355,2.0,2.0
ENG-Premier League,2526,29124,2026-05-01 20:00:00,Leeds,Burnley,home,2.09546,0.434597,3.0,1.0
ENG-Premier League,2526,29136,2026-05-11 20:00:00,Leeds,Tottenham,away,1.86976,1.49036,1.0,1.0
ENG-Premier League,2526,29144,2026-05-17 15:00:00,Leeds,Brighton,home,0.747756,2.23238,1.0,0.0
ENG-Premier League,2526,29157,2026-05-24 15:00:00,Leeds,West Ham,away,1.94969,2.73135,0.0,3.0
ENG-Premier League,1920,11651,2019-08-11 14:00:00,Leicester,Wolverhampton Wanderers,home,0.543759,0.812949,0.0,0.0
ENG-Premier League,1920,11661,2019-08-18 16:30:00,Leicester,Chelsea,away,0.947941,1.22629,1.0,1.0
ENG-Premier League,1920,11665,2019-08-24 15:00:00,Leicester,Sheffield United,away,0.704879,0.654318,2.0,1.0
ENG-Premier League,1920,11677,2019-08-31 15:00:00,Leicester,Bournemouth,home,2.23766,0.554726,3.0,1.0
ENG-Premier League,1920,11684,2019-09-14 14:00:00,Leicester,Manchester United,away,0.459141,1.10019,0.0,1.0
ENG-Premier League,1920,11694,2019-09-21 11:30:00,Leicester,Tottenham,home,1.28752,1.33735,2.0,1.0
ENG-Premier League,1920,11710,2019-09-29 15:30:00,Leicester,Newcastle United,home,1.82438,0.054134,5.0,0.0
ENG-Premier League,1920,11715,2019-10-05 15:00:00,Leicester,Liverpool,away,0.0982107,3.74867,1.0,2.0
ENG-Premier League,1920,11728,2019-10-19 15:00:00,Leicester,Burnley,home,0.8291,1.79569,2.0,1.0
ENG-Premier League,1920,11740,2019-10-25 20:00:00,Leicester,Southampton,away,4.38046,0.457334,9.0,0.0
ENG-Premier League,1920,11747,2019-11-03 14:00:00,Leicester,Crystal Palace,away,0.981167,0.44291,2.0,0.0
ENG-Premier League,1920,11762,2019-11-09 17:30:00,Leicester,Arsenal,home,1.37055,0.961339,2.0,0.0
ENG-Premier League,1920,11766,2019-11-23 15:00:00,Leicester,Brighton,away,3.50917,0.784706,2.0,0.0
ENG-Premier League,1920,11775,2019-12-01 16:30:00,Leicester,Everton,home,2.24348,1.24986,2.0,1.0
ENG-Premier League,1920,11785,2019-12-04 19:30:00,Leicester,Watford,home,2.28735,0.199733,2.0,0.0
ENG-Premier League,1920,11793,2019-12-08 14:00:00,Leicester,Aston Villa,away,4.03286,1.24141,4.0,1.0
ENG-Premier League,1920,11807,2019-12-14 15:00:00,Leicester,Norwich,home,1.06421,1.16408,1.0,1.0
ENG-Premier League,1920,11817,2019-12-21 17:30:00,Leicester,Manchester City,away,1.01388,3.59139,1.0,3.0
ENG-Premier League,1920,11828,2019-12-26 20:00:00,Leicester,Liverpool,home,0.120994,3.76973,0.0,4.0
ENG-Premier League,1920,11842,2019-12-28 17:30:00,Leicester,West Ham,away,2.62349,0.782104,2.0,1.0
ENG-Premier League,1920,11849,2020-01-01 15:00:00,Leicester,Newcastle United,away,2.43642,0.780118,3.0,0.0
ENG-Premier League,1920,11861,2020-01-11 15:00:00,Leicester,Southampton,home,0.780114,2.40601,1.0,2.0
ENG-Premier League,1920,11866,2020-01-19 14:00:00,Leicester,Burnley,away,2.33415,1.50886,1.0,2.0
ENG-Premier League,1920,11876,2020-01-22 19:30:00,Leicester,West Ham,home,2.91302,1.16254,4.0,1.0
ENG-Premier League,1920,11886,2020-02-01 12:30:00,Leicester,Chelsea,home,1.65956,0.806995,2.0,2.0
ENG-Premier League,1920,11902,2020-02-14 20:00:00,Leicester,Wolverhampton Wanderers,away,0.527366,1.14491,0.0,0.0
ENG-Premier League,1920,11904,2020-02-22 17:30:00,Leicester,Manchester City,home,0.723269,2.42749,0.0,1.0
ENG-Premier League,1920,11919,2020-02-28 20:00:00,Leicester,Norwich,away,1.42581,0.591716,0.0,1.0
ENG-Premier League,1920,11927,2020-03-09 20:00:00,Leicester,Aston Villa,home,2.41239,0.672448,4.0,0.0
ENG-Premier League,1920,11935,2020-06-20 11:30:00,Leicester,Watford,away,1.05245,1.00765,1.0,1.0
ENG-Premier League,1920,11945,2020-06-23 17:00:00,Leicester,Brighton,home,0.505486,1.10227,0.0,0.0
ENG-Premier League,1920,11958,2020-07-01 17:00:00,Leicester,Everton,away,1.80384,1.17592,1.0,2.0
ENG-Premier League,1920,11965,2020-07-04 14:00:00,Leicester,Crystal Palace,home,2.20683,0.507537,3.0,0.0
ENG-Premier League,1920,11973,2020-07-07 19:15:00,Leicester,Arsenal,away,1.00238,1.29023,1.0,1.0
ENG-Premier League,1920,11984,2020-07-12 18:00:00,Leicester,Bournemouth,away,1.66084,2.54311,1.0,4.0
ENG-Premier League,1920,11998,2020-07-16 17:00:00,Leicester,Sheffield United,home,3.05752,0.660214,2.0,0.0
ENG-Premier League,1920,12010,2020-07-19 15:00:00,Leicester,Tottenham,away,1.20085,0.766922,0.0,3.0
ENG-Premier League,1920,12018,2020-07-26 15:00:00,Leicester,Manchester United,home,0.754668,1.41019,0.0,2.0
ENG-Premier League,2021,14092,2020-09-13 13:00:00,Leicester,West Bromwich Albion,away,2.95581,0.352997,3.0,0.0
ENG-Premier League,2021,14103,2020-09-20 18:00:00,Leicester,Burnley,home,0.987365,1.52404,4.0,2.0
ENG-Premier League,2021,14112,2020-09-27 15:30:00,Leicester,Manchester City,away,2.86721,1.44633,5.0,2.0
ENG-Premier League,2021,14470,2020-10-04 11:00:00,Leicester,West Ham,home,0.456022,2.03227,0.0,3.0
ENG-Premier League,2021,14479,2020-10-18 18:15:00,Leicester,Aston Villa,home,0.671595,0.873776,0.0,1.0
ENG-Premier League,2021,14485,2020-10-25 19:15:00,Leicester,Arsenal,away,0.736172,0.73944,1.0,0.0
ENG-Premier League,2021,14498,2020-11-02 20:00:00,Leicester,Leeds,away,3.07657,1.74822,4.0,1.0
ENG-Premier League,2021,14510,2020-11-08 14:00:00,Leicester,Wolverhampton Wanderers,home,2.0545,0.57936,1.0,0.0
ENG-Premier League,2021,14519,2020-11-22 19:15:00,Leicester,Liverpool,away,1.98397,3.77245,0.0,3.0
ENG-Premier League,2021,14532,2020-11-30 17:30:00,Leicester,Fulham,home,1.27814,2.03719,1.0,2.0
ENG-Premier League,2021,14541,2020-12-06 14:15:00,Leicester,Sheffield United,away,1.3904,0.290743,2.0,1.0
ENG-Premier League,2021,14553,2020-12-13 19:15:00,Leicester,Brighton,home,1.64351,0.791673,3.0,0.0
ENG-Premier League,2021,14559,2020-12-16 18:00:00,Leicester,Everton,home,0.83883,1.51486,0.0,2.0
ENG-Premier League,2021,14573,2020-12-20 14:15:00,Leicester,Tottenham,away,1.74772,0.945932,2.0,0.0
ENG-Premier League,2021,14579,2020-12-26 12:30:00,Leicester,Manchester United,home,1.0396,2.08423,2.0,2.0
ENG-Premier League,2021,14594,2020-12-28 15:00:00,Leicester,Crystal Palace,away,1.72132,0.321348,1.0,1.0
ENG-Premier League,2021,14597,2021-01-03 14:15:00,Leicester,Newcastle United,away,0.702081,0.264584,2.0,1.0
ENG-Premier League,2021,14619,2021-01-16 20:00:00,Leicester,Southampton,home,2.12019,0.378147,2.0,0.0
ENG-Premier League,2021,14609,2021-01-19 20:15:00,Leicester,Chelsea,home,1.1449,0.615727,2.0,0.0
ENG-Premier League,2021,14627,2021-01-27 20:15:00,Leicester,Everton,away,0.792045,0.474981,1.0,1.0
ENG-Premier League,2021,14643,2021-01-31 14:00:00,Leicester,Leeds,home,1.73432,1.8141,1.0,3.0
ENG-Premier League,2021,14647,2021-02-03 18:00:00,Leicester,Fulham,away,1.71299,0.731288,2.0,0.0
ENG-Premier League,2021,14664,2021-02-07 14:00:00,Leicester,Wolverhampton Wanderers,away,0.632232,1.35506,0.0,0.0
ENG-Premier League,2021,14670,2021-02-13 12:30:00,Leicester,Liverpool,home,2.07383,1.68325,3.0,1.0
ENG-Premier League,2021,14676,2021-02-21 14:00:00,Leicester,Aston Villa,away,1.23852,1.7084,2.0,1.0
ENG-Premier League,2021,14690,2021-02-28 12:00:00,Leicester,Arsenal,home,0.533575,2.1065,1.0,3.0
ENG-Premier League,2021,14716,2021-03-03 18:00:00,Leicester,Burnley,away,1.24109,1.26793,1.0,1.0
ENG-Premier League,2021,14696,2021-03-06 20:00:00,Leicester,Brighton,away,1.03801,0.75471,2.0,1.0
ENG-Premier League,2021,14710,2021-03-14 14:00:00,Leicester,Sheffield United,home,4.54571,0.0934777,5.0,0.0
ENG-Premier League,2021,14730,2021-04-03 16:30:00,Leicester,Manchester City,home,0.284781,1.98438,0.0,2.0
ENG-Premier League,2021,14744,2021-04-11 13:05:00,Leicester,West Ham,away,1.17188,1.02408,2.0,3.0
ENG-Premier League,2021,14750,2021-04-22 19:00:00,Leicester,West Bromwich Albion,home,2.6712,0.277126,3.0,0.0
ENG-Premier League,2021,14759,2021-04-26 19:00:00,Leicester,Crystal Palace,home,1.23419,0.723112,2.0,1.0
ENG-Premier League,2021,14772,2021-04-30 19:00:00,Leicester,Southampton,away,2.51518,0.954057,1.0,1.0
ENG-Premier League,2021,14779,2021-05-07 19:00:00,Leicester,Newcastle United,home,2.315,2.87261,2.0,4.0
ENG-Premier League,2021,14788,2021-05-11 17:00:00,Leicester,Manchester United,away,0.991522,0.212874,2.0,1.0
ENG-Premier League,2021,14797,2021-05-18 19:15:00,Leicester,Chelsea,away,0.832596,2.86149,1.0,2.0
ENG-Premier League,2021,14809,2021-05-23 15:00:00,Leicester,Tottenham,home,1.82554,1.85229,2.0,4.0
ENG-Premier League,2122,16381,2021-08-14 14:00:00,Leicester,Wolverhampton Wanderers,home,0.668082,1.32714,1.0,0.0
ENG-Premier League,2122,16395,2021-08-23 19:00:00,Leicester,West Ham,away,0.62676,2.28613,1.0,4.0
ENG-Premier League,2122,16398,2021-08-28 14:00:00,Leicester,Norwich,away,1.27371,1.44084,2.0,1.0
ENG-Premier League,2122,16409,2021-09-11 14:00:00,Leicester,Manchester City,home,0.8001,2.75058,0.0,1.0
ENG-Premier League,2122,16423,2021-09-19 13:00:00,Leicester,Brighton,away,1.25373,1.47438,1.0,2.0
ENG-Premier League,2122,16430,2021-09-25 14:00:00,Leicester,Burnley,home,2.16233,0.428866,2.0,2.0
ENG-Premier League,2122,16439,2021-10-03 13:00:00,Leicester,Crystal Palace,away,1.04322,1.1703,2.0,2.0
ENG-Premier League,2122,16450,2021-10-16 14:00:00,Leicester,Manchester United,home,2.96611,1.02494,4.0,2.0
ENG-Premier League,2122,16457,2021-10-24 13:00:00,Leicester,Brentford,away,1.00254,1.16789,2.0,1.0
ENG-Premier League,2122,16468,2021-10-30 11:30:00,Leicester,Arsenal,home,1.98801,1.10288,0.0,2.0
ENG-Premier League,2122,16482,2021-11-07 14:00:00,Leicester,Leeds,away,0.795292,1.96551,1.0,1.0
ENG-Premier League,2122,16488,2021-11-20 12:30:00,Leicester,Chelsea,home,0.499504,2.57178,0.0,3.0
ENG-Premier League,2122,16502,2021-11-28 14:00:00,Leicester,Watford,home,2.16027,2.38383,4.0,2.0
ENG-Premier League,2122,16514,2021-12-01 19:30:00,Leicester,Southampton,away,1.4401,1.91169,2.0,2.0
ENG-Premier League,2122,16516,2021-12-05 16:30:00,Leicester,Aston Villa,away,0.982614,1.84818,1.0,2.0
ENG-Premier League,2122,16532,2021-12-12 14:00:00,Leicester,Newcastle United,home,2.05771,0.511934,4.0,0.0
ENG-Premier League,2122,16560,2021-12-26 15:00:00,Leicester,Manchester City,away,2.43425,3.82869,3.0,6.0
ENG-Premier League,2122,16573,2021-12-28 20:00:00,Leicester,Liverpool,home,0.615892,2.72682,1.0,0.0
ENG-Premier League,2122,16540,2022-01-19 19:30:00,Leicester,Tottenham,home,1.95031,4.24711,2.0,3.0
ENG-Premier League,2122,16602,2022-01-23 14:00:00,Leicester,Brighton,home,1.70979,1.19738,1.0,1.0
ENG-Premier League,2122,16614,2022-02-10 19:45:00,Leicester,Liverpool,away,0.544954,2.72997,0.0,2.0
ENG-Premier League,2122,16620,2022-02-13 16:30:00,Leicester,West Ham,home,1.40693,0.745068,2.0,2.0
ENG-Premier League,2122,16635,2022-02-20 16:30:00,Leicester,Wolverhampton Wanderers,away,1.55048,0.472777,1.0,2.0
ENG-Premier League,2122,16588,2022-03-01 19:45:00,Leicester,Burnley,away,1.79558,1.04214,2.0,0.0
ENG-Premier League,2122,16648,2022-03-05 12:30:00,Leicester,Leeds,home,0.359129,2.14389,1.0,0.0
ENG-Premier League,2122,16656,2022-03-13 16:30:00,Leicester,Arsenal,away,0.54911,2.93665,0.0,2.0
ENG-Premier League,2122,16668,2022-03-20 14:00:00,Leicester,Brentford,home,1.27865,1.72466,2.0,1.0
ENG-Premier League,2122,16679,2022-04-02 16:30:00,Leicester,Manchester United,away,1.07638,0.902127,1.0,1.0
ENG-Premier League,2122,16691,2022-04-10 13:00:00,Leicester,Crystal Palace,home,0.879235,1.52767,2.0,1.0
ENG-Premier League,2122,16701,2022-04-17 13:15:00,Leicester,Newcastle United,away,0.541084,2.54294,1.0,2.0
ENG-Premier League,2122,16547,2022-04-20 18:45:00,Leicester,Everton,away,0.786333,1.68819,1.0,1.0
ENG-Premier League,2122,16709,2022-04-23 14:00:00,Leicester,Aston Villa,home,0.235635,0.593202,0.0,0.0
ENG-Premier League,2122,16719,2022-05-01 13:00:00,Leicester,Tottenham,away,0.274133,1.65338,1.0,3.0
ENG-Premier League,2122,16729,2022-05-08 13:00:00,Leicester,Everton,home,1.47479,1.55635,1.0,2.0
ENG-Premier League,2122,16582,2022-05-11 18:45:00,Leicester,Norwich,home,2.57058,1.21966,3.0,0.0
ENG-Premier League,2122,16738,2022-05-15 13:00:00,Leicester,Watford,away,2.27297,2.58968,5.0,1.0
ENG-Premier League,2122,16639,2022-05-19 19:00:00,Leicester,Chelsea,away,0.0417972,1.61996,1.0,1.0
ENG-Premier League,2122,16752,2022-05-22 15:00:00,Leicester,Southampton,home,3.42058,1.05141,4.0,1.0
ENG-Premier League,2223,18210,2022-08-07 13:00:00,Leicester,Brentford,home,0.455695,0.931067,2.0,2.0
ENG-Premier League,2223,18217,2022-08-13 14:00:00,Leicester,Arsenal,away,0.690679,3.0107,2.0,4.0
ENG-Premier League,2223,18226,2022-08-20 14:00:00,Leicester,Southampton,home,0.242948,1.24155,1.0,2.0
ENG-Premier League,2223,18235,2022-08-27 14:00:00,Leicester,Chelsea,away,1.96023,1.74916,1.0,2.0
ENG-Premier League,2223,18251,2022-09-01 19:00:00,Leicester,Manchester United,home,0.615266,1.09969,0.0,1.0
ENG-Premier League,2223,18259,2022-09-04 13:00:00,Leicester,Brighton,away,1.06549,2.73166,2.0,5.0
ENG-Premier League,2223,18278,2022-09-17 16:30:00,Leicester,Tottenham,away,1.59449,1.98619,2.0,6.0
ENG-Premier League,2223,18287,2022-10-03 19:00:00,Leicester,Nottingham Forest,home,1.2497,1.22169,4.0,0.0
ENG-Premier League,2223,18293,2022-10-08 14:00:00,Leicester,Bournemouth,away,1.18125,1.14891,1.0,2.0
ENG-Premier League,2223,18306,2022-10-15 11:30:00,Leicester,Crystal Palace,home,0.973426,0.346808,0.0,0.0
ENG-Premier League,2223,18317,2022-10-20 19:15:00,Leicester,Leeds,home,0.655249,1.19464,2.0,0.0
ENG-Premier League,2223,18331,2022-10-23 13:00:00,Leicester,Wolverhampton Wanderers,away,0.989075,1.61785,4.0,0.0
ENG-Premier League,2223,18338,2022-10-29 11:30:00,Leicester,Manchester City,home,0.693597,0.703827,0.0,1.0
ENG-Premier League,2223,18344,2022-11-05 17:30:00,Leicester,Everton,away,2.2679,1.3729,2.0,0.0
ENG-Premier League,2223,18360,2022-11-12 15:00:00,Leicester,West Ham,away,1.60566,0.720721,2.0,0.0
ENG-Premier League,2223,18369,2022-12-26 15:00:00,Leicester,Newcastle United,home,0.31099,1.76382,0.0,3.0
ENG-Premier League,2223,18375,2022-12-30 20:00:00,Leicester,Liverpool,away,0.863312,2.02463,1.0,2.0
ENG-Premier League,2223,18389,2023-01-03 19:45:00,Leicester,Fulham,home,1.45221,1.33493,0.0,1.0
ENG-Premier League,2223,18399,2023-01-14 15:00:00,Leicester,Nottingham Forest,away,0.803421,1.75313,0.0,2.0
ENG-Premier League,2223,18407,2023-01-21 15:00:00,Leicester,Brighton,home,1.35941,1.94491,2.0,2.0
ENG-Premier League,2223,18412,2023-02-04 15:00:00,Leicester,Aston Villa,away,2.49784,1.4989,4.0,2.0
ENG-Premier League,2223,18427,2023-02-11 15:00:00,Leicester,Tottenham,home,1.41208,1.11709,4.0,1.0
ENG-Premier League,2223,18437,2023-02-19 14:00:00,Leicester,Manchester United,away,1.39678,4.24663,0.0,3.0
ENG-Premier League,2223,18447,2023-02-25 15:00:00,Leicester,Arsenal,home,0.0203463,0.722059,0.0,1.0
ENG-Premier League,2223,18460,2023-03-04 17:30:00,Leicester,Southampton,away,1.67051,1.34332,0.0,1.0
ENG-Premier League,2223,18467,2023-03-11 15:00:00,Leicester,Chelsea,home,2.36139,1.49478,1.0,3.0
ENG-Premier League,2223,18474,2023-03-18 15:00:00,Leicester,Brentford,away,1.42133,0.476467,1.0,1.0
ENG-Premier League,2223,18486,2023-04-01 14:00:00,Leicester,Crystal Palace,away,0.198959,1.93471,1.0,2.0
ENG-Premier League,2223,18263,2023-04-04 18:45:00,Leicester,Aston Villa,home,0.671597,1.00159,1.0,2.0
ENG-Premier League,2223,18496,2023-04-08 14:00:00,Leicester,Bournemouth,home,0.731965,1.92396,0.0,1.0
ENG-Premier League,2223,18506,2023-04-15 16:30:00,Leicester,Manchester City,away,1.92692,1.60702,1.0,3.0
ENG-Premier League,2223,18518,2023-04-22 14:00:00,Leicester,Wolverhampton Wanderers,home,2.66929,0.59626,2.0,1.0
ENG-Premier League,2223,18523,2023-04-25 19:00:00,Leicester,Leeds,away,2.08594,2.09645,1.0,1.0
ENG-Premier League,2223,18538,2023-05-01 19:00:00,Leicester,Everton,home,3.32486,3.28648,2.0,2.0
ENG-Premier League,2223,18544,2023-05-08 14:00:00,Leicester,Fulham,away,2.92566,1.75276,3.0,5.0
ENG-Premier League,2223,18559,2023-05-15 19:00:00,Leicester,Liverpool,home,0.527496,1.77085,0.0,3.0
ENG-Premier League,2223,18567,2023-05-22 19:00:00,Leicester,Newcastle United,away,0.0839072,2.05089,0.0,0.0
ENG-Premier League,2223,18579,2023-05-28 15:30:00,Leicester,West Ham,home,2.03013,0.970352,2.0,1.0
ENG-Premier League,2425,26611,2024-08-19 19:00:00,Leicester,Tottenham,home,1.02614,1.40775,1.0,1.0
ENG-Premier League,2425,26614,2024-08-24 14:00:00,Leicester,Fulham,away,0.857005,1.96218,1.0,2.0
ENG-Premier League,2425,26626,2024-08-31 14:00:00,Leicester,Aston Villa,home,0.774741,2.16385,1.0,2.0
ENG-Premier League,2425,26636,2024-09-14 14:00:00,Leicester,Crystal Palace,away,1.65187,2.88716,2.0,2.0
ENG-Premier League,2425,26644,2024-09-21 14:00:00,Leicester,Everton,home,1.33793,1.82377,1.0,1.0
ENG-Premier League,2425,26655,2024-09-28 14:00:00,Leicester,Arsenal,away,0.337909,6.05305,2.0,4.0
ENG-Premier League,2425,26663,2024-10-05 14:00:00,Leicester,Bournemouth,home,0.912063,1.94963,1.0,0.0
ENG-Premier League,2425,26678,2024-10-19 14:00:00,Leicester,Southampton,away,2.83826,2.42776,3.0,2.0
ENG-Premier League,2425,26682,2024-10-25 19:00:00,Leicester,Nottingham Forest,home,0.832415,2.54488,1.0,3.0
ENG-Premier League,2425,26695,2024-11-02 15:00:00,Leicester,Ipswich,away,2.33858,1.33617,1.0,1.0
ENG-Premier League,2425,26708,2024-11-10 14:00:00,Leicester,Manchester United,away,0.417295,1.2369,0.0,3.0
ENG-Premier League,2425,26719,2024-11-23 12:30:00,Leicester,Chelsea,home,0.967987,2.81658,1.0,2.0
ENG-Premier League,2425,26722,2024-11-30 15:00:00,Leicester,Brentford,away,0.907555,2.21885,1.0,4.0
ENG-Premier League,2425,26738,2024-12-03 20:15:00,Leicester,West Ham,home,2.78061,2.87716,3.0,1.0
ENG-Premier League,2425,26751,2024-12-08 14:00:00,Leicester,Brighton,home,1.42438,1.12184,2.0,2.0
ENG-Premier League,2425,26760,2024-12-14 15:00:00,Leicester,Newcastle United,away,0.186759,3.95461,0.0,4.0
ENG-Premier League,2425,26770,2024-12-22 14:00:00,Leicester,Wolverhampton Wanderers,home,0.78868,1.13531,0.0,3.0
ENG-Premier League,2425,26776,2024-12-26 20:00:00,Leicester,Liverpool,away,0.22097,1.89935,1.0,3.0
ENG-Premier League,2425,26788,2024-12-29 14:30:00,Leicester,Manchester City,home,1.84208,1.58002,0.0,2.0
ENG-Premier League,2425,26793,2025-01-04 15:00:00,Leicester,Aston Villa,away,0.81548,2.3456,1.0,2.0
ENG-Premier League,2425,26806,2025-01-15 19:30:00,Leicester,Crystal Palace,home,2.09904,2.2647,0.0,2.0
ENG-Premier League,2425,26817,2025-01-18 15:00:00,Leicester,Fulham,home,0.676934,2.36823,0.0,2.0
ENG-Premier League,2425,26830,2025-01-26 14:00:00,Leicester,Tottenham,away,1.40469,1.27483,2.0,1.0
ENG-Premier League,2425,26836,2025-02-01 15:00:00,Leicester,Everton,away,0.447136,3.11261,0.0,4.0
ENG-Premier League,2425,26846,2025-02-15 12:30:00,Leicester,Arsenal,home,0.233209,1.75,0.0,2.0
ENG-Premier League,2425,26858,2025-02-21 20:00:00,Leicester,Brentford,home,0.727901,2.03465,0.0,4.0
ENG-Premier League,2425,26866,2025-02-27 20:00:00,Leicester,West Ham,away,0.289578,1.70437,0.0,2.0
ENG-Premier League,2425,26874,2025-03-09 14:00:00,Leicester,Chelsea,away,0.108487,1.76844,0.0,1.0
ENG-Premier League,2425,26888,2025-03-16 19:00:00,Leicester,Manchester United,home,1.30455,1.13892,0.0,3.0
ENG-Premier League,2425,26898,2025-04-02 19:45:00,Leicester,Manchester City,away,0.104741,2.07165,0.0,2.0
ENG-Premier League,2425,26908,2025-04-07 19:00:00,Leicester,Newcastle United,home,0.354575,3.44111,0.0,3.0
ENG-Premier League,2425,26914,2025-04-12 14:00:00,Leicester,Brighton,away,1.98444,3.6978,2.0,2.0
ENG-Premier League,2425,26928,2025-04-20 15:30:00,Leicester,Liverpool,home,0.232205,4.52706,0.0,1.0
ENG-Premier League,2425,26941,2025-04-26 14:00:00,Leicester,Wolverhampton Wanderers,away,1.04978,2.57666,0.0,3.0
ENG-Premier League,2425,26951,2025-05-03 14:00:00,Leicester,Southampton,home,1.60739,0.550774,2.0,0.0
ENG-Premier League,2425,26958,2025-05-11 13:15:00,Leicester,Nottingham Forest,away,1.22949,1.76909,2.0,2.0
ENG-Premier League,2425,26969,2025-05-18 14:00:00,Leicester,Ipswich,home,0.788544,1.36957,2.0,0.0
ENG-Premier League,2425,26979,2025-05-25 15:00:00,Leicester,Bournemouth,away,0.156702,2.72449,0.0,2.0
ENG-Premier League,1920,11643,2019-08-09 20:00:00,Liverpool,Norwich,home,2.23456,0.842407,4.0,1.0
ENG-Premier League,1920,11658,2019-08-17 15:00:00,Liverpool,Southampton,away,1.52022,2.14047,2.0,1.0
ENG-Premier League,1920,11670,2019-08-24 17:30:00,Liverpool,Arsenal,home,2.78821,0.985542,3.0,1.0
ENG-Premier League,1920,11680,2019-08-31 17:30:00,Liverpool,Burnley,away,1.20057,0.61739,3.0,0.0
ENG-Premier League,1920,11683,2019-09-14 11:30:00,Liverpool,Newcastle United,home,2.93281,0.291073,3.0,1.0
ENG-Premier League,1920,11701,2019-09-22 15:30:00,Liverpool,Chelsea,away,1.03003,1.23321,2.0,1.0
ENG-Premier League,1920,11703,2019-09-28 11:30:00,Liverpool,Sheffield United,away,1.97079,1.17022,1.0,0.0
ENG-Premier League,1920,11715,2019-10-05 15:00:00,Liverpool,Leicester,home,3.74867,0.0982107,2.0,1.0
ENG-Premier League,1920,11729,2019-10-20 16:30:00,Liverpool,Manchester United,away,1.03212,0.791862,1.0,1.0
ENG-Premier League,1920,11736,2019-10-27 16:30:00,Liverpool,Tottenham,home,2.18851,1.35143,2.0,1.0
ENG-Premier League,1920,11744,2019-11-02 15:00:00,Liverpool,Aston Villa,away,2.38824,0.741615,2.0,1.0
ENG-Premier League,1920,11755,2019-11-10 16:30:00,Liverpool,Manchester City,home,1.3319,1.48104,3.0,1.0
ENG-Premier League,1920,11767,2019-11-23 15:00:00,Liverpool,Crystal Palace,away,1.64291,1.02306,2.0,1.0
ENG-Premier League,1920,11776,2019-11-30 15:00:00,Liverpool,Brighton,home,1.36832,0.867601,2.0,1.0
ENG-Premier League,1920,11792,2019-12-04 20:15:00,Liverpool,Everton,home,2.41397,1.76453,5.0,2.0
ENG-Premier League,1920,11794,2019-12-07 15:00:00,Liverpool,Bournemouth,away,3.04446,0.154608,3.0,0.0
ENG-Premier League,1920,11808,2019-12-14 12:30:00,Liverpool,Watford,home,1.56674,1.01166,2.0,0.0
ENG-Premier League,1920,11828,2019-12-26 20:00:00,Liverpool,Leicester,away,3.76973,0.120994,4.0,0.0
ENG-Premier League,1920,11836,2019-12-29 16:30:00,Liverpool,Wolverhampton Wanderers,home,1.49124,0.363764,1.0,0.0
ENG-Premier League,1920,11847,2020-01-02 20:00:00,Liverpool,Sheffield United,home,3.0465,0.634607,2.0,0.0
ENG-Premier League,1920,11854,2020-01-11 17:30:00,Liverpool,Tottenham,away,1.74564,1.10584,1.0,0.0
ENG-Premier League,1920,11865,2020-01-19 16:30:00,Liverpool,Manchester United,home,2.00655,1.4185,2.0,0.0
ENG-Premier League,1920,11874,2020-01-23 20:00:00,Liverpool,Wolverhampton Wanderers,away,1.59024,1.85442,2.0,1.0
ENG-Premier League,1920,11822,2020-01-29 19:45:00,Liverpool,West Ham,away,2.59926,0.878341,2.0,0.0
ENG-Premier League,1920,11887,2020-02-01 15:00:00,Liverpool,Southampton,home,3.7195,0.716298,4.0,0.0
ENG-Premier League,1920,11899,2020-02-15 17:30:00,Liverpool,Norwich,away,2.07331,0.383495,1.0,0.0
ENG-Premier League,1920,11911,2020-02-24 20:00:00,Liverpool,West Ham,home,2.48209,0.638236,3.0,2.0
ENG-Premier League,1920,11921,2020-02-29 17:30:00,Liverpool,Watford,away,0.206031,2.71351,0.0,3.0
ENG-Premier League,1920,11928,2020-03-07 12:30:00,Liverpool,Bournemouth,home,1.89453,1.29544,2.0,1.0
ENG-Premier League,1920,11940,2020-06-21 18:00:00,Liverpool,Everton,away,0.659123,0.621456,0.0,0.0
ENG-Premier League,1920,11951,2020-06-24 19:15:00,Liverpool,Crystal Palace,home,2.56729,0.0645285,4.0,0.0
ENG-Premier League,1920,11959,2020-07-02 19:15:00,Liverpool,Manchester City,away,0.819606,2.65433,0.0,4.0
ENG-Premier League,1920,11966,2020-07-05 15:30:00,Liverpool,Aston Villa,home,1.0837,0.689775,2.0,0.0
ENG-Premier League,1920,11976,2020-07-08 19:15:00,Liverpool,Brighton,away,2.61624,2.3646,3.0,1.0
ENG-Premier League,1920,11986,2020-07-11 14:00:00,Liverpool,Burnley,home,2.17649,0.452331,1.0,1.0
ENG-Premier League,1920,11993,2020-07-15 19:15:00,Liverpool,Arsenal,away,2.2233,1.31516,1.0,2.0
ENG-Premier League,1920,12006,2020-07-22 19:15:00,Liverpool,Chelsea,home,1.45179,2.38205,5.0,3.0
ENG-Premier League,1920,12016,2020-07-26 15:00:00,Liverpool,Newcastle United,away,0.56818,0.339294,3.0,1.0
ENG-Premier League,2021,14090,2020-09-12 16:30:00,Liverpool,Leeds,home,3.15412,0.269813,4.0,3.0
ENG-Premier League,2021,14102,2020-09-20 15:30:00,Liverpool,Chelsea,away,2.25211,0.904183,2.0,0.0
ENG-Premier League,2021,14115,2020-09-28 19:15:00,Liverpool,Arsenal,home,2.73834,1.17817,3.0,1.0
ENG-Premier League,2021,14466,2020-10-04 18:15:00,Liverpool,Aston Villa,away,1.65705,3.07626,2.0,7.0
ENG-Premier League,2021,14477,2020-10-17 11:30:00,Liverpool,Everton,away,2.49492,1.35998,2.0,2.0
ENG-Premier League,2021,14490,2020-10-24 19:00:00,Liverpool,Sheffield United,home,2.40286,1.39788,2.0,1.0
ENG-Premier League,2021,14499,2020-10-31 17:30:00,Liverpool,West Ham,home,1.56302,0.269048,2.0,1.0
ENG-Premier League,2021,14511,2020-11-08 16:30:00,Liverpool,Manchester City,away,1.18789,1.58487,1.0,1.0
ENG-Premier League,2021,14519,2020-11-22 19:15:00,Liverpool,Leicester,home,3.77245,1.98397,3.0,0.0
ENG-Premier League,2021,14528,2020-11-28 12:30:00,Liverpool,Brighton,away,0.28109,2.30722,1.0,1.0
ENG-Premier League,2021,14539,2020-12-06 19:15:00,Liverpool,Wolverhampton Wanderers,home,1.59454,0.357753,4.0,0.0
ENG-Premier League,2021,14547,2020-12-13 16:30:00,Liverpool,Fulham,away,1.82445,1.72509,1.0,1.0
ENG-Premier League,2021,14563,2020-12-16 20:00:00,Liverpool,Tottenham,home,1.21783,1.5161,2.0,1.0
ENG-Premier League,2021,14568,2020-12-19 12:30:00,Liverpool,Crystal Palace,away,2.86902,0.489318,7.0,0.0
ENG-Premier League,2021,14580,2020-12-27 16:30:00,Liverpool,West Bromwich Albion,home,1.45485,0.739845,1.0,1.0
ENG-Premier League,2021,14591,2020-12-30 20:00:00,Liverpool,Newcastle United,away,1.32047,0.817935,0.0,0.0
ENG-Premier League,2021,14598,2021-01-04 20:00:00,Liverpool,Southampton,away,1.37204,0.500436,0.0,1.0
ENG-Premier League,2021,14620,2021-01-17 16:30:00,Liverpool,Manchester United,home,1.20205,1.18929,0.0,0.0
ENG-Premier League,2021,14613,2021-01-21 20:00:00,Liverpool,Burnley,home,1.64907,1.08059,0.0,1.0
ENG-Premier League,2021,14633,2021-01-28 20:00:00,Liverpool,Tottenham,away,2.58798,0.104586,3.0,1.0
ENG-Premier League,2021,14639,2021-01-31 16:30:00,Liverpool,West Ham,away,2.05809,0.883061,3.0,1.0
ENG-Premier League,2021,14654,2021-02-03 20:15:00,Liverpool,Brighton,home,1.09518,1.18977,0.0,1.0
ENG-Premier League,2021,14659,2021-02-07 16:30:00,Liverpool,Manchester City,home,1.17728,3.55196,1.0,4.0
ENG-Premier League,2021,14670,2021-02-13 12:30:00,Liverpool,Leicester,away,1.68325,2.07383,1.0,3.0
ENG-Premier League,2021,14680,2021-02-20 17:30:00,Liverpool,Everton,home,1.54046,2.01468,0.0,2.0
ENG-Premier League,2021,14694,2021-02-28 19:15:00,Liverpool,Sheffield United,away,2.80551,0.777149,2.0,0.0
ENG-Premier League,2021,14719,2021-03-04 20:15:00,Liverpool,Chelsea,home,0.247034,1.22635,0.0,1.0
ENG-Premier League,2021,14699,2021-03-07 14:00:00,Liverpool,Fulham,home,0.701764,1.37047,0.0,1.0
ENG-Premier League,2021,14714,2021-03-15 20:00:00,Liverpool,Wolverhampton Wanderers,away,1.0552,1.29175,1.0,0.0
ENG-Premier League,2021,14725,2021-04-03 19:00:00,Liverpool,Arsenal,away,2.43732,0.161161,3.0,0.0
ENG-Premier League,2021,14739,2021-04-10 14:00:00,Liverpool,Aston Villa,home,2.14592,0.760621,2.0,1.0
ENG-Premier League,2021,14749,2021-04-19 19:00:00,Liverpool,Leeds,away,1.60043,2.59719,1.0,1.0
ENG-Premier League,2021,14760,2021-04-24 11:30:00,Liverpool,Newcastle United,home,2.84708,0.860694,1.0,1.0
ENG-Premier League,2021,14780,2021-05-08 19:15:00,Liverpool,Southampton,home,2.26367,1.2289,2.0,0.0
ENG-Premier League,2021,14770,2021-05-13 19:15:00,Liverpool,Manchester United,away,2.938,1.71328,4.0,2.0
ENG-Premier League,2021,14789,2021-05-16 15:30:00,Liverpool,West Bromwich Albion,away,2.07854,1.14202,2.0,1.0
ENG-Premier League,2021,14796,2021-05-19 19:15:00,Liverpool,Burnley,away,2.73316,0.837048,3.0,0.0
ENG-Premier League,2021,14810,2021-05-23 15:00:00,Liverpool,Crystal Palace,home,2.20348,0.772317,2.0,0.0
ENG-Premier League,2122,16383,2021-08-14 16:30:00,Liverpool,Norwich,away,1.78728,1.3333,3.0,0.0
ENG-Premier League,2122,16386,2021-08-21 11:30:00,Liverpool,Burnley,home,2.63945,0.690464,2.0,0.0
ENG-Premier League,2122,16402,2021-08-28 16:30:00,Liverpool,Chelsea,home,2.08462,0.573638,1.0,1.0
ENG-Premier League,2122,16414,2021-09-12 15:30:00,Liverpool,Leeds,away,4.4016,0.652514,3.0,0.0
ENG-Premier League,2122,16420,2021-09-18 14:00:00,Liverpool,Crystal Palace,home,2.76793,0.644168,3.0,0.0
ENG-Premier League,2122,16432,2021-09-25 16:30:00,Liverpool,Brentford,away,2.25736,2.94058,3.0,3.0
ENG-Premier League,2122,16441,2021-10-03 15:30:00,Liverpool,Manchester City,home,0.949368,1.04319,2.0,2.0
ENG-Premier League,2122,16455,2021-10-16 11:30:00,Liverpool,Watford,away,3.65553,0.302302,5.0,0.0
ENG-Premier League,2122,16463,2021-10-24 15:30:00,Liverpool,Manchester United,away,4.04765,1.35584,5.0,0.0
ENG-Premier League,2122,16469,2021-10-30 14:00:00,Liverpool,Brighton,home,1.39778,1.51032,2.0,2.0
ENG-Premier League,2122,16485,2021-11-07 16:30:00,Liverpool,West Ham,away,1.45641,1.25298,2.0,3.0
ENG-Premier League,2122,16489,2021-11-20 17:30:00,Liverpool,Arsenal,home,3.97374,0.268025,4.0,0.0
ENG-Premier League,2122,16503,2021-11-27 15:00:00,Liverpool,Southampton,home,3.07278,0.966132,4.0,0.0
ENG-Premier League,2122,16507,2021-12-01 20:15:00,Liverpool,Everton,away,2.86067,0.512263,4.0,1.0
ENG-Premier League,2122,16525,2021-12-04 15:00:00,Liverpool,Wolverhampton Wanderers,away,2.42332,0.095167,1.0,0.0
ENG-Premier League,2122,16533,2021-12-11 15:00:00,Liverpool,Aston Villa,home,2.71181,0.140573,1.0,0.0
ENG-Premier League,2122,16544,2021-12-16 20:00:00,Liverpool,Newcastle United,home,2.93912,0.2064,3.0,1.0
ENG-Premier League,2122,16552,2021-12-19 16:30:00,Liverpool,Tottenham,away,1.54944,2.79777,2.0,2.0
ENG-Premier League,2122,16573,2021-12-28 20:00:00,Liverpool,Leicester,away,2.72682,0.615892,0.0,1.0
ENG-Premier League,2122,16578,2022-01-02 16:30:00,Liverpool,Chelsea,away,1.78897,1.389,2.0,2.0
ENG-Premier League,2122,16589,2022-01-16 14:00:00,Liverpool,Brentford,home,3.49099,0.376656,3.0,0.0
ENG-Premier League,2122,16599,2022-01-23 14:00:00,Liverpool,Crystal Palace,away,1.49697,1.62615,3.0,1.0
ENG-Premier League,2122,16614,2022-02-10 19:45:00,Liverpool,Leicester,home,2.72997,0.544954,2.0,0.0
ENG-Premier League,2122,16617,2022-02-13 14:00:00,Liverpool,Burnley,away,1.95722,1.16081,1.0,0.0
ENG-Premier League,2122,16631,2022-02-19 15:00:00,Liverpool,Norwich,home,3.15449,0.66975,3.0,1.0
ENG-Premier League,2122,16559,2022-02-23 19:45:00,Liverpool,Leeds,home,5.3303,0.141547,6.0,0.0
ENG-Premier League,2122,16649,2022-03-05 17:30:00,Liverpool,West Ham,home,2.18865,1.33829,1.0,0.0
ENG-Premier League,2122,16658,2022-03-12 12:30:00,Liverpool,Brighton,away,2.48312,0.629316,2.0,0.0
ENG-Premier League,2122,16636,2022-03-16 20:15:00,Liverpool,Arsenal,away,1.27681,0.534265,2.0,0.0
ENG-Premier League,2122,16680,2022-04-02 11:30:00,Liverpool,Watford,home,2.23651,0.753307,2.0,0.0
ENG-Premier League,2122,16690,2022-04-10 15:30:00,Liverpool,Manchester City,away,1.29983,1.34647,2.0,2.0
ENG-Premier League,2122,16669,2022-04-19 19:00:00,Liverpool,Manchester United,home,2.25967,0.110227,4.0,0.0
ENG-Premier League,2122,16708,2022-04-24 15:30:00,Liverpool,Everton,home,1.70397,0.424961,2.0,0.0
ENG-Premier League,2122,16721,2022-04-30 11:30:00,Liverpool,Newcastle United,away,2.73435,0.115353,1.0,0.0
ENG-Premier League,2122,16728,2022-05-07 18:45:00,Liverpool,Tottenham,home,1.0481,0.982635,1.0,1.0
ENG-Premier League,2122,16705,2022-05-10 19:00:00,Liverpool,Aston Villa,away,1.75417,1.44726,2.0,1.0
ENG-Premier League,2122,16740,2022-05-17 18:45:00,Liverpool,Southampton,away,1.19178,0.121506,2.0,1.0
ENG-Premier League,2122,16753,2022-05-22 15:00:00,Liverpool,Wolverhampton Wanderers,home,3.19385,1.11708,3.0,1.0
ENG-Premier League,2223,18203,2022-08-06 11:30:00,Liverpool,Fulham,away,2.34111,1.26822,2.0,2.0
ENG-Premier League,2223,18221,2022-08-15 19:00:00,Liverpool,Crystal Palace,home,2.23596,1.64468,1.0,1.0
ENG-Premier League,2223,18231,2022-08-22 19:00:00,Liverpool,Manchester United,away,1.52301,2.01764,1.0,2.0
ENG-Premier League,2223,18236,2022-08-27 14:00:00,Liverpool,Bournemouth,home,4.86035,0.180991,9.0,0.0
ENG-Premier League,2223,18250,2022-08-31 19:00:00,Liverpool,Newcastle United,home,1.76119,0.643546,2.0,1.0
ENG-Premier League,2223,18252,2022-09-03 11:30:00,Liverpool,Everton,away,1.38617,1.39169,0.0,0.0
ENG-Premier League,2223,18288,2022-10-01 14:00:00,Liverpool,Brighton,home,2.1515,2.36567,3.0,3.0
ENG-Premier League,2223,18292,2022-10-09 15:30:00,Liverpool,Arsenal,away,0.765151,2.81968,2.0,3.0
ENG-Premier League,2223,18307,2022-10-16 15:30:00,Liverpool,Manchester City,home,1.9992,0.911493,1.0,0.0
ENG-Premier League,2223,18320,2022-10-19 18:30:00,Liverpool,West Ham,home,2.24066,2.48649,1.0,0.0
ENG-Premier League,2223,18327,2022-10-22 11:30:00,Liverpool,Nottingham Forest,away,2.19752,2.50163,0.0,1.0
ENG-Premier League,2223,18339,2022-10-29 18:45:00,Liverpool,Leeds,home,1.90889,1.61271,1.0,2.0
ENG-Premier League,2223,18349,2022-11-06 16:30:00,Liverpool,Tottenham,away,1.46548,1.81736,2.0,1.0
ENG-Premier League,2223,18355,2022-11-12 15:00:00,Liverpool,Southampton,home,2.74418,1.43427,3.0,1.0
ENG-Premier League,2223,18363,2022-12-26 17:30:00,Liverpool,Aston Villa,away,3.50694,1.69155,3.0,1.0
ENG-Premier League,2223,18375,2022-12-30 20:00:00,Liverpool,Leicester,home,2.02463,0.863312,2.0,1.0
ENG-Premier League,2223,18384,2023-01-02 17:30:00,Liverpool,Brentford,away,2.10461,2.0991,1.0,3.0
ENG-Premier League,2223,18394,2023-01-14 15:00:00,Liverpool,Brighton,away,1.28853,2.40062,0.0,3.0
ENG-Premier League,2223,18408,2023-01-21 12:30:00,Liverpool,Chelsea,home,1.30125,1.84467,0.0,0.0
ENG-Premier League,2223,18421,2023-02-04 15:00:00,Liverpool,Wolverhampton Wanderers,away,1.30193,2.63328,0.0,3.0
ENG-Premier League,2223,18428,2023-02-13 20:00:00,Liverpool,Everton,home,2.23291,0.402331,2.0,0.0
ENG-Premier League,2223,18438,2023-02-18 17:30:00,Liverpool,Newcastle United,away,2.16549,1.74852,2.0,0.0
ENG-Premier League,2223,18443,2023-02-25 19:45:00,Liverpool,Crystal Palace,away,1.35123,0.989086,0.0,0.0
ENG-Premier League,2223,18264,2023-03-01 20:00:00,Liverpool,Wolverhampton Wanderers,home,2.70191,0.78681,2.0,0.0
ENG-Premier League,2223,18457,2023-03-05 16:30:00,Liverpool,Manchester United,home,3.44269,0.837542,7.0,0.0
ENG-Premier League,2223,18462,2023-03-11 12:30:00,Liverpool,Bournemouth,away,2.13465,1.10128,0.0,1.0
ENG-Premier League,2223,18488,2023-04-01 11:30:00,Liverpool,Manchester City,away,0.318171,3.01243,1.0,4.0
ENG-Premier League,2223,18281,2023-04-04 19:00:00,Liverpool,Chelsea,away,0.202217,2.18903,0.0,0.0
ENG-Premier League,2223,18497,2023-04-09 15:30:00,Liverpool,Arsenal,home,4.64012,1.53631,2.0,2.0
ENG-Premier League,2223,18505,2023-04-17 19:00:00,Liverpool,Leeds,away,2.65476,1.16748,6.0,1.0
ENG-Premier League,2223,18519,2023-04-22 14:00:00,Liverpool,Nottingham Forest,home,3.32745,0.724666,3.0,2.0
ENG-Premier League,2223,18526,2023-04-26 18:45:00,Liverpool,West Ham,away,1.7045,0.939348,2.0,1.0
ENG-Premier League,2223,18539,2023-04-30 15:30:00,Liverpool,Tottenham,home,2.42911,1.44927,4.0,3.0
ENG-Premier League,2223,18477,2023-05-03 19:00:00,Liverpool,Fulham,home,1.67372,0.740125,1.0,0.0
ENG-Premier League,2223,18545,2023-05-06 16:30:00,Liverpool,Brentford,home,1.992,0.183892,1.0,0.0
ENG-Premier League,2223,18559,2023-05-15 19:00:00,Liverpool,Leicester,away,1.77085,0.527496,3.0,0.0
ENG-Premier League,2223,18565,2023-05-20 14:00:00,Liverpool,Aston Villa,home,0.918508,1.46948,1.0,1.0
ENG-Premier League,2223,18581,2023-05-28 15:30:00,Liverpool,Southampton,away,4.00345,1.33964,4.0,4.0
ENG-Premier League,2324,22283,2023-08-13 15:30:00,Liverpool,Chelsea,away,1.29994,1.93258,1.0,1.0
ENG-Premier League,2324,22288,2023-08-19 14:00:00,Liverpool,Bournemouth,home,3.25448,1.3867,3.0,1.0
ENG-Premier League,2324,22304,2023-08-27 15:30:00,Liverpool,Newcastle United,away,0.856121,1.62037,2.0,1.0
ENG-Premier League,2324,21933,2023-09-03 13:00:00,Liverpool,Aston Villa,home,2.73138,0.615503,3.0,0.0
ENG-Premier League,2324,21935,2023-09-16 11:30:00,Liverpool,Wolverhampton Wanderers,away,2.82701,0.538833,3.0,1.0
ENG-Premier League,2324,21953,2023-09-24 13:00:00,Liverpool,West Ham,home,4.14262,1.53878,3.0,1.0
ENG-Premier League,2324,21962,2023-09-30 16:30:00,Liverpool,Tottenham,away,1.12299,2.18823,1.0,2.0
ENG-Premier League,2324,21966,2023-10-08 13:00:00,Liverpool,Brighton,away,2.51029,2.23187,2.0,2.0
ENG-Premier League,2324,21979,2023-10-21 11:30:00,Liverpool,Everton,home,2.28568,0.0937725,2.0,0.0
ENG-Premier League,2324,21991,2023-10-29 14:00:00,Liverpool,Nottingham Forest,home,2.70428,0.642014,3.0,0.0
ENG-Premier League,2324,21999,2023-11-05 16:30:00,Liverpool,Luton,away,3.03925,1.3411,1.0,1.0
ENG-Premier League,2324,22011,2023-11-12 14:00:00,Liverpool,Brentford,home,1.56004,1.44954,3.0,0.0
ENG-Premier League,2324,22020,2023-11-25 12:30:00,Liverpool,Manchester City,away,0.766278,1.79622,1.0,1.0
ENG-Premier League,2324,22030,2023-12-03 14:00:00,Liverpool,Fulham,home,2.72831,1.51005,4.0,3.0
ENG-Premier League,2324,22040,2023-12-06 19:30:00,Liverpool,Sheffield United,away,1.80116,0.834172,2.0,0.0
ENG-Premier League,2324,22047,2023-12-09 12:30:00,Liverpool,Crystal Palace,away,1.3708,1.79152,2.0,1.0
ENG-Premier League,2324,22060,2023-12-17 16:30:00,Liverpool,Manchester United,home,1.97111,0.632715,0.0,0.0
ENG-Premier League,2324,22068,2023-12-23 17:30:00,Liverpool,Arsenal,home,0.982901,0.851681,1.0,1.0
ENG-Premier League,2324,22079,2023-12-26 17:30:00,Liverpool,Burnley,away,1.68451,0.972389,2.0,0.0
ENG-Premier League,2324,22088,2024-01-01 19:00:00,Liverpool,Newcastle United,home,6.67151,0.910974,4.0,2.0
ENG-Premier League,2324,22102,2024-01-21 16:30:00,Liverpool,Bournemouth,away,1.53344,0.834585,4.0,0.0
ENG-Premier League,2324,22113,2024-01-31 20:15:00,Liverpool,Chelsea,home,3.6627,0.477972,4.0,1.0
ENG-Premier League,2324,22116,2024-02-04 16:30:00,Liverpool,Arsenal,away,0.542052,2.8526,1.0,3.0
ENG-Premier League,2324,22128,2024-02-10 15:00:00,Liverpool,Burnley,home,3.14734,1.11123,3.0,1.0
ENG-Premier League,2324,22135,2024-02-17 12:30:00,Liverpool,Brentford,away,3.08952,1.69518,4.0,1.0
ENG-Premier League,2324,22151,2024-02-21 15:00:00,Liverpool,Luton,home,3.70302,0.956512,4.0,1.0
ENG-Premier League,2324,22162,2024-03-02 15:00:00,Liverpool,Nottingham Forest,away,1.32259,0.971466,1.0,0.0
ENG-Premier League,2324,22171,2024-03-10 15:45:00,Liverpool,Manchester City,home,2.25492,1.37289,1.0,1.0
ENG-Premier League,2324,22189,2024-03-31 14:00:00,Liverpool,Brighton,home,3.21149,0.43922,2.0,1.0
ENG-Premier League,2324,22203,2024-04-04 18:30:00,Liverpool,Sheffield United,home,2.51772,0.720948,3.0,1.0
ENG-Premier League,2324,22211,2024-04-07 14:30:00,Liverpool,Manchester United,away,4.43457,0.814509,2.0,2.0
ENG-Premier League,2324,22220,2024-04-14 13:00:00,Liverpool,Crystal Palace,home,3.04497,2.12879,0.0,1.0
ENG-Premier League,2324,22229,2024-04-21 15:30:00,Liverpool,Fulham,away,1.02445,0.83885,3.0,1.0
ENG-Premier League,2324,22179,2024-04-24 19:00:00,Liverpool,Everton,away,1.87155,1.89111,0.0,2.0
ENG-Premier League,2324,22243,2024-04-27 11:30:00,Liverpool,West Ham,away,2.29298,0.794025,2.0,2.0
ENG-Premier League,2324,22251,2024-05-05 15:30:00,Liverpool,Tottenham,home,3.26222,1.17205,4.0,2.0
ENG-Premier League,2324,22256,2024-05-13 19:00:00,Liverpool,Aston Villa,away,1.89968,2.71655,3.0,3.0
ENG-Premier League,2324,22271,2024-05-19 15:00:00,Liverpool,Wolverhampton Wanderers,home,5.65937,0.731254,2.0,0.0
ENG-Premier League,2425,26603,2024-08-17 11:30:00,Liverpool,Ipswich,away,3.92906,0.342601,2.0,0.0
ENG-Premier League,2425,26621,2024-08-25 15:30:00,Liverpool,Brentford,home,2.71877,0.457239,2.0,0.0
ENG-Premier League,2425,26631,2024-09-01 15:00:00,Liverpool,Manchester United,away,2.10397,1.50087,3.0,0.0
ENG-Premier League,2425,26635,2024-09-14 14:00:00,Liverpool,Nottingham Forest,home,1.17044,0.589532,0.0,1.0
ENG-Premier League,2425,26645,2024-09-21 14:00:00,Liverpool,Bournemouth,home,2.43731,1.46979,3.0,0.0
ENG-Premier League,2425,26658,2024-09-28 16:30:00,Liverpool,Wolverhampton Wanderers,away,2.11724,0.748925,2.0,1.0
ENG-Premier League,2425,26662,2024-10-05 11:30:00,Liverpool,Crystal Palace,away,2.07332,0.609481,1.0,0.0
ENG-Premier League,2425,26679,2024-10-20 15:30:00,Liverpool,Chelsea,home,2.22517,1.33904,2.0,1.0
ENG-Premier League,2425,26691,2024-10-27 16:30:00,Liverpool,Arsenal,away,1.35346,1.0883,2.0,2.0
ENG-Premier League,2425,26696,2024-11-02 15:00:00,Liverpool,Brighton,home,1.81037,1.01568,2.0,1.0
ENG-Premier League,2425,26707,2024-11-09 20:00:00,Liverpool,Aston Villa,home,2.68196,1.66337,2.0,0.0
ENG-Premier League,2425,26721,2024-11-24 14:00:00,Liverpool,Southampton,away,3.18835,1.53985,3.0,2.0
ENG-Premier League,2425,26726,2024-12-01 16:00:00,Liverpool,Manchester City,home,3.70054,0.745015,2.0,0.0
ENG-Premier League,2425,26740,2024-12-04 19:30:00,Liverpool,Newcastle United,away,2.22766,1.52057,3.0,3.0
ENG-Premier League,2425,26752,2024-12-14 15:00:00,Liverpool,Fulham,home,2.09698,1.2862,2.0,2.0
ENG-Premier League,2425,26768,2024-12-22 16:30:00,Liverpool,Tottenham,away,5.20214,1.20245,6.0,3.0
ENG-Premier League,2425,26776,2024-12-26 20:00:00,Liverpool,Leicester,home,1.89935,0.22097,3.0,1.0
ENG-Premier League,2425,26791,2024-12-29 17:15:00,Liverpool,West Ham,away,3.29868,0.518279,5.0,0.0
ENG-Premier League,2425,26797,2025-01-05 16:30:00,Liverpool,Manchester United,home,2.862,1.67469,2.0,2.0
ENG-Premier League,2425,26807,2025-01-14 20:00:00,Liverpool,Nottingham Forest,away,2.72291,0.5292,1.0,1.0
ENG-Premier League,2425,26813,2025-01-18 15:00:00,Liverpool,Brentford,away,4.16249,1.20021,2.0,0.0
ENG-Premier League,2425,26827,2025-01-25 15:00:00,Liverpool,Ipswich,home,2.16809,0.804707,4.0,1.0
ENG-Premier League,2425,26832,2025-02-01 15:00:00,Liverpool,Bournemouth,away,2.7219,1.65273,2.0,0.0
ENG-Premier League,2425,26748,2025-02-12 19:30:00,Liverpool,Everton,away,0.929103,0.910523,2.0,2.0
ENG-Premier League,2425,26847,2025-02-16 14:00:00,Liverpool,Wolverhampton Wanderers,home,1.86758,1.05329,2.0,1.0
ENG-Premier League,2425,26884,2025-02-19 15:00:00,Liverpool,Aston Villa,away,2.04279,1.02269,2.0,2.0
ENG-Premier League,2425,26859,2025-02-23 16:30:00,Liverpool,Manchester City,away,0.807058,0.58248,2.0,0.0
ENG-Premier League,2425,26870,2025-02-26 20:15:00,Liverpool,Newcastle United,home,1.40027,0.45882,2.0,0.0
ENG-Premier League,2425,26876,2025-03-08 15:00:00,Liverpool,Southampton,home,4.98996,0.511566,3.0,1.0
ENG-Premier League,2425,26901,2025-04-02 20:00:00,Liverpool,Everton,home,1.29718,0.823136,1.0,0.0
ENG-Premier League,2425,26906,2025-04-06 13:00:00,Liverpool,Fulham,away,1.40638,1.72764,2.0,3.0
ENG-Premier League,2425,26916,2025-04-13 13:00:00,Liverpool,West Ham,home,1.42902,1.46598,2.0,1.0
ENG-Premier League,2425,26928,2025-04-20 15:30:00,Liverpool,Leicester,away,4.52706,0.232205,1.0,0.0
ENG-Premier League,2425,26936,2025-04-27 15:30:00,Liverpool,Tottenham,home,2.51104,0.512812,5.0,1.0
ENG-Premier League,2425,26948,2025-05-04 15:30:00,Liverpool,Chelsea,away,1.4267,3.51944,1.0,3.0
ENG-Premier League,2425,26952,2025-05-11 15:30:00,Liverpool,Arsenal,home,2.74682,2.18795,2.0,2.0
ENG-Premier League,2425,26965,2025-05-19 19:00:00,Liverpool,Brighton,away,3.065,2.17789,2.0,3.0
ENG-Premier League,2425,26975,2025-05-25 15:00:00,Liverpool,Crystal Palace,home,1.92122,1.4144,1.0,1.0
ENG-Premier League,2526,28778,2025-08-15 19:00:00,Liverpool,Bournemouth,home,2.33007,1.57303,4.0,2.0
ENG-Premier League,2526,28797,2025-08-25 19:00:00,Liverpool,Newcastle United,away,0.646559,1.96342,3.0,2.0
ENG-Premier League,2526,28806,2025-08-31 15:30:00,Liverpool,Arsenal,home,0.481404,0.485679,1.0,0.0
ENG-Premier League,2526,28816,2025-09-14 13:00:00,Liverpool,Burnley,away,2.79492,0.168041,1.0,0.0
ENG-Premier League,2526,28818,2025-09-20 11:30:00,Liverpool,Everton,home,1.06166,0.721371,2.0,1.0
ENG-Premier League,2526,28830,2025-09-27 14:00:00,Liverpool,Crystal Palace,away,3.10176,3.53323,1.0,2.0
ENG-Premier League,2526,28842,2025-10-04 16:30:00,Liverpool,Chelsea,away,2.05981,1.23721,1.0,2.0
ENG-Premier League,2526,28852,2025-10-19 15:30:00,Liverpool,Manchester United,home,2.60972,2.53117,1.0,2.0
ENG-Premier League,2526,28861,2025-10-25 19:00:00,Liverpool,Brentford,away,2.11838,3.27126,2.0,3.0
ENG-Premier League,2526,28872,2025-11-01 20:00:00,Liverpool,Aston Villa,home,1.47021,0.43502,2.0,0.0
ENG-Premier League,2526,28883,2025-11-09 16:30:00,Liverpool,Manchester City,away,1.0281,1.59542,0.0,3.0
ENG-Premier League,2526,28894,2025-11-22 15:00:00,Liverpool,Nottingham Forest,home,1.79273,1.19459,0.0,3.0
ENG-Premier League,2526,28907,2025-11-30 14:05:00,Liverpool,West Ham,away,1.56793,0.364152,2.0,0.0
ENG-Premier League,2526,28914,2025-12-03 20:15:00,Liverpool,Sunderland,home,1.37633,0.712662,1.0,1.0
ENG-Premier League,2526,28923,2025-12-06 17:30:00,Liverpool,Leeds,away,2.04805,1.79333,3.0,3.0
ENG-Premier League,2526,28933,2025-12-13 15:00:00,Liverpool,Brighton,home,2.4127,1.69004,2.0,0.0
ENG-Premier League,2526,28946,2025-12-20 17:30:00,Liverpool,Tottenham,away,1.23164,1.34905,2.0,1.0
ENG-Premier League,2526,28953,2025-12-27 15:00:00,Liverpool,Wolverhampton Wanderers,home,1.56502,0.780664,2.0,1.0
ENG-Premier League,2526,28963,2026-01-01 17:30:00,Liverpool,Leeds,home,1.67833,0.15936,0.0,0.0
ENG-Premier League,2526,28975,2026-01-04 15:00:00,Liverpool,Fulham,away,1.7188,0.609182,2.0,2.0
ENG-Premier League,2526,28980,2026-01-08 20:00:00,Liverpool,Arsenal,away,0.318642,0.701832,0.0,0.0
ENG-Premier League,2526,28992,2026-01-17 15:00:00,Liverpool,Burnley,home,3.49045,0.546971,1.0,1.0
ENG-Premier League,2526,28998,2026-01-24 17:30:00,Liverpool,Bournemouth,away,0.937335,3.31474,2.0,3.0
ENG-Premier League,2526,29014,2026-01-31 20:00:00,Liverpool,Newcastle United,home,3.09973,0.284319,4.0,1.0
ENG-Premier League,2526,29024,2026-02-08 16:30:00,Liverpool,Manchester City,home,1.26652,2.41476,1.0,2.0
ENG-Premier League,2526,29035,2026-02-11 20:15:00,Liverpool,Sunderland,away,3.08172,0.693794,1.0,0.0
ENG-Premier League,2526,29044,2026-02-22 14:00:00,Liverpool,Nottingham Forest,away,2.39634,0.934768,1.0,0.0
ENG-Premier League,2526,29054,2026-02-28 15:00:00,Liverpool,West Ham,home,2.09939,1.3517,5.0,2.0
ENG-Premier League,2526,29067,2026-03-03 20:15:00,Liverpool,Wolverhampton Wanderers,away,2.17217,0.636033,1.0,2.0
ENG-Premier League,2526,29073,2026-03-15 16:30:00,Liverpool,Tottenham,home,1.30076,1.15636,1.0,1.0
ENG-Premier League,2526,29080,2026-03-21 12:30:00,Liverpool,Brighton,away,0.956801,3.42956,1.0,2.0
ENG-Premier League,2526,29097,2026-04-11 16:30:00,Liverpool,Fulham,home,2.01499,1.42024,2.0,0.0
ENG-Premier League,2526,29102,2026-04-19 13:00:00,Liverpool,Everton,away,1.38333,1.4784,2.0,1.0
ENG-Premier League,2526,29113,2026-04-25 14:00:00,Liverpool,Crystal Palace,home,1.45071,2.19912,3.0,1.0
ENG-Premier League,2526,29125,2026-05-03 15:30:00,Liverpool,Manchester United,away,1.02814,2.55612,2.0,3.0
ENG-Premier League,2526,29132,2026-05-09 12:30:00,Liverpool,Chelsea,home,0.623191,0.597184,1.0,1.0
ENG-Premier League,2526,29140,2026-05-15 20:00:00,Liverpool,Aston Villa,away,1.55027,2.5252,2.0,4.0
ENG-Premier League,2526,29152,2026-05-24 15:00:00,Liverpool,Brentford,home,2.99412,1.46082,1.0,1.0
ENG-Premier League,2324,22278,2023-08-12 14:00:00,Luton,Brighton,away,1.88594,4.36748,1.0,4.0
ENG-Premier League,2324,22295,2023-08-25 19:00:00,Luton,Chelsea,away,0.465741,3.41419,0.0,3.0
ENG-Premier League,2324,21925,2023-09-01 19:00:00,Luton,West Ham,home,2.02244,1.22528,1.0,2.0
ENG-Premier League,2324,21939,2023-09-16 14:00:00,Luton,Fulham,away,1.45705,1.75704,0.0,1.0
ENG-Premier League,2324,21945,2023-09-23 14:00:00,Luton,Wolverhampton Wanderers,home,2.24101,0.762984,1.0,1.0
ENG-Premier League,2324,21956,2023-09-30 14:00:00,Luton,Everton,away,1.5102,3.65377,2.0,1.0
ENG-Premier League,2324,22289,2023-10-03 18:30:00,Luton,Burnley,home,1.53058,0.920206,1.0,2.0
ENG-Premier League,2324,21971,2023-10-07 11:30:00,Luton,Tottenham,home,0.848118,2.37947,0.0,1.0
ENG-Premier League,2324,21982,2023-10-21 14:00:00,Luton,Nottingham Forest,away,1.49555,3.27549,2.0,2.0
ENG-Premier League,2324,21987,2023-10-29 14:00:00,Luton,Aston Villa,away,0.453117,3.07654,1.0,3.0
ENG-Premier League,2324,21999,2023-11-05 16:30:00,Luton,Liverpool,home,1.3411,3.03925,1.0,1.0
ENG-Premier League,2324,22012,2023-11-11 15:00:00,Luton,Manchester United,away,0.408265,2.74105,0.0,1.0
ENG-Premier League,2324,22019,2023-11-25 15:00:00,Luton,Crystal Palace,home,0.996153,1.83546,2.0,1.0
ENG-Premier League,2324,22027,2023-12-02 15:00:00,Luton,Brentford,away,0.227176,3.25952,1.0,3.0
ENG-Premier League,2324,22039,2023-12-05 20:15:00,Luton,Arsenal,home,0.526254,2.58815,3.0,4.0
ENG-Premier League,2324,22050,2023-12-10 14:00:00,Luton,Manchester City,home,0.689037,2.23353,1.0,2.0
ENG-Premier League,2324,22069,2023-12-23 15:00:00,Luton,Newcastle United,home,1.81844,1.41488,1.0,0.0
ENG-Premier League,2324,22084,2023-12-26 15:00:00,Luton,Sheffield United,away,0.715575,3.61788,3.0,2.0
ENG-Premier League,2324,22089,2023-12-30 12:30:00,Luton,Chelsea,home,2.64093,1.57463,2.0,3.0
ENG-Premier League,2324,22096,2024-01-12 19:45:00,Luton,Burnley,away,0.965167,1.52023,1.0,1.0
ENG-Premier League,2324,22107,2024-01-30 19:45:00,Luton,Brighton,home,3.63312,1.01366,4.0,0.0
ENG-Premier League,2324,22123,2024-02-03 15:00:00,Luton,Newcastle United,away,2.67463,2.37353,4.0,4.0
ENG-Premier League,2324,22129,2024-02-10 15:00:00,Luton,Sheffield United,home,1.76215,1.98283,1.0,3.0
ENG-Premier League,2324,22139,2024-02-18 16:30:00,Luton,Manchester United,home,1.57234,3.58973,1.0,2.0
ENG-Premier League,2324,22151,2024-02-21 15:00:00,Luton,Liverpool,away,0.956512,3.70302,1.0,4.0
ENG-Premier League,2324,22159,2024-03-02 17:30:00,Luton,Aston Villa,home,2.43312,2.08586,2.0,3.0
ENG-Premier League,2324,22170,2024-03-09 15:00:00,Luton,Crystal Palace,away,1.08531,3.25103,1.0,1.0
ENG-Premier League,2324,25861,2024-03-13 19:30:00,Luton,Bournemouth,away,2.79419,2.84403,3.0,4.0
ENG-Premier League,2324,22181,2024-03-16 15:00:00,Luton,Nottingham Forest,home,0.853782,1.95268,1.0,1.0
ENG-Premier League,2324,22194,2024-03-30 15:00:00,Luton,Tottenham,away,0.402402,2.46523,1.0,2.0
ENG-Premier League,2324,22196,2024-04-03 18:30:00,Luton,Arsenal,away,0.292082,1.14384,0.0,2.0
ENG-Premier League,2324,22210,2024-04-06 14:00:00,Luton,Bournemouth,home,1.30478,0.616108,2.0,1.0
ENG-Premier League,2324,22221,2024-04-13 14:00:00,Luton,Manchester City,away,0.809775,4.64245,1.0,5.0
ENG-Premier League,2324,22230,2024-04-20 14:00:00,Luton,Brentford,home,0.497799,3.7809,1.0,5.0
ENG-Premier League,2324,22244,2024-04-27 14:00:00,Luton,Wolverhampton Wanderers,away,0.90435,1.49011,1.0,2.0
ENG-Premier League,2324,22252,2024-05-03 19:00:00,Luton,Everton,home,0.950391,1.22959,1.0,1.0
ENG-Premier League,2324,22263,2024-05-11 14:00:00,Luton,West Ham,away,0.640456,3.71009,1.0,3.0
ENG-Premier League,2324,22272,2024-05-19 15:00:00,Luton,Fulham,home,2.06743,1.11598,2.0,4.0
ENG-Premier League,1920,11644,2019-08-10 12:30:00,Manchester City,West Ham,away,3.18377,1.2003,5.0,0.0
ENG-Premier League,1920,11659,2019-08-17 17:30:00,Manchester City,Tottenham,home,3.20076,0.074542,2.0,2.0
ENG-Premier League,1920,11671,2019-08-25 14:00:00,Manchester City,Bournemouth,away,3.12856,1.89345,3.0,1.0
ENG-Premier League,1920,11678,2019-08-31 15:00:00,Manchester City,Brighton,home,2.30818,0.861035,4.0,0.0
ENG-Premier League,1920,11689,2019-09-14 16:30:00,Manchester City,Norwich,away,2.34436,1.7413,2.0,3.0
ENG-Premier League,1920,11695,2019-09-21 14:00:00,Manchester City,Watford,home,6.63049,0.344718,8.0,0.0
ENG-Premier League,1920,11711,2019-09-28 16:30:00,Manchester City,Everton,away,3.1082,2.35854,3.0,1.0
ENG-Premier League,1920,11716,2019-10-06 14:00:00,Manchester City,Wolverhampton Wanderers,home,1.61884,1.18825,0.0,2.0
ENG-Premier League,1920,11726,2019-10-19 17:30:00,Manchester City,Crystal Palace,away,4.02104,0.616864,2.0,0.0
ENG-Premier League,1920,11737,2019-10-26 12:30:00,Manchester City,Aston Villa,home,3.19004,0.980145,3.0,0.0
ENG-Premier League,1920,11749,2019-11-02 15:00:00,Manchester City,Southampton,home,3.36132,0.893889,2.0,1.0
ENG-Premier League,1920,11755,2019-11-10 16:30:00,Manchester City,Liverpool,away,1.48104,1.3319,1.0,3.0
ENG-Premier League,1920,11769,2019-11-23 17:30:00,Manchester City,Chelsea,home,1.23596,0.820474,2.0,1.0
ENG-Premier League,1920,11777,2019-11-30 12:30:00,Manchester City,Newcastle United,away,2.44389,0.208252,2.0,2.0
ENG-Premier League,1920,11784,2019-12-03 20:15:00,Manchester City,Burnley,away,2.56057,0.486548,4.0,1.0
ENG-Premier League,1920,11797,2019-12-07 17:30:00,Manchester City,Manchester United,home,2.07108,1.63385,1.0,2.0
ENG-Premier League,1920,11803,2019-12-15 16:30:00,Manchester City,Arsenal,away,1.69553,0.28161,3.0,0.0
ENG-Premier League,1920,11817,2019-12-21 17:30:00,Manchester City,Leicester,home,3.59139,1.01388,3.0,1.0
ENG-Premier League,1920,11832,2019-12-27 19:45:00,Manchester City,Wolverhampton Wanderers,away,1.52044,2.39405,2.0,3.0
ENG-Premier League,1920,11837,2019-12-29 18:00:00,Manchester City,Sheffield United,home,1.08628,1.23346,2.0,0.0
ENG-Premier League,1920,11848,2020-01-01 17:30:00,Manchester City,Everton,home,1.79757,0.848942,2.0,1.0
ENG-Premier League,1920,11856,2020-01-12 16:30:00,Manchester City,Aston Villa,away,3.75131,1.12565,6.0,1.0
ENG-Premier League,1920,11864,2020-01-18 15:00:00,Manchester City,Crystal Palace,home,2.47314,0.586716,2.0,2.0
ENG-Premier League,1920,11875,2020-01-21 19:30:00,Manchester City,Sheffield United,away,2.873,0.774943,1.0,0.0
ENG-Premier League,1920,11890,2020-02-02 16:30:00,Manchester City,Tottenham,away,3.25139,0.420293,0.0,2.0
ENG-Premier League,1920,11898,2020-02-19 19:30:00,Manchester City,West Ham,home,2.13777,0.0895892,2.0,0.0
ENG-Premier League,1920,11904,2020-02-22 17:30:00,Manchester City,Leicester,away,2.42749,0.723269,1.0,0.0
ENG-Premier League,1920,11932,2020-03-08 16:30:00,Manchester City,Manchester United,away,0.585469,1.7389,0.0,2.0
ENG-Premier League,1920,11917,2020-06-17 19:15:00,Manchester City,Arsenal,home,2.73725,0.496759,3.0,0.0
ENG-Premier League,1920,11939,2020-06-22 19:00:00,Manchester City,Burnley,home,2.71096,0.0303408,5.0,0.0
ENG-Premier League,1920,11946,2020-06-25 19:15:00,Manchester City,Chelsea,away,0.690594,4.206,1.0,2.0
ENG-Premier League,1920,11959,2020-07-02 19:15:00,Manchester City,Liverpool,home,2.65433,0.819606,4.0,0.0
ENG-Premier League,1920,11970,2020-07-05 18:00:00,Manchester City,Southampton,away,3.39575,0.628765,0.0,1.0
ENG-Premier League,1920,11979,2020-07-08 17:00:00,Manchester City,Newcastle United,home,3.28662,0.21643,5.0,0.0
ENG-Premier League,1920,11985,2020-07-11 19:00:00,Manchester City,Brighton,away,5.51767,0.149588,5.0,0.0
ENG-Premier League,1920,11999,2020-07-15 17:00:00,Manchester City,Bournemouth,home,0.82755,1.66635,2.0,1.0
ENG-Premier League,1920,12011,2020-07-21 17:00:00,Manchester City,Watford,away,3.73814,0.131868,4.0,0.0
ENG-Premier League,1920,12017,2020-07-26 15:00:00,Manchester City,Norwich,home,3.56749,0.786563,5.0,0.0
ENG-Premier League,2021,14105,2020-09-21 19:15:00,Manchester City,Wolverhampton Wanderers,away,2.07651,0.727677,3.0,1.0
ENG-Premier League,2021,14112,2020-09-27 15:30:00,Manchester City,Leicester,home,1.44633,2.86721,2.0,5.0
ENG-Premier League,2021,14469,2020-10-03 16:30:00,Manchester City,Leeds,away,1.41533,2.56662,1.0,1.0
ENG-Premier League,2021,14480,2020-10-17 16:30:00,Manchester City,Arsenal,home,1.43023,0.838322,1.0,0.0
ENG-Premier League,2021,14493,2020-10-24 11:30:00,Manchester City,West Ham,away,0.892456,0.263739,1.0,1.0
ENG-Premier League,2021,14502,2020-10-31 12:30:00,Manchester City,Sheffield United,away,1.89643,0.687544,1.0,0.0
ENG-Premier League,2021,14511,2020-11-08 16:30:00,Manchester City,Liverpool,home,1.58487,1.18789,1.0,1.0
ENG-Premier League,2021,14523,2020-11-21 17:30:00,Manchester City,Tottenham,away,1.66325,0.761142,0.0,2.0
ENG-Premier League,2021,14533,2020-11-28 15:00:00,Manchester City,Burnley,home,2.26129,0.419877,5.0,0.0
ENG-Premier League,2021,14540,2020-12-05 15:00:00,Manchester City,Fulham,home,3.26328,0.287444,2.0,0.0
ENG-Premier League,2021,14549,2020-12-12 17:30:00,Manchester City,Manchester United,away,1.28434,0.591617,0.0,0.0
ENG-Premier League,2021,14564,2020-12-15 20:00:00,Manchester City,West Bromwich Albion,home,2.58593,0.210243,1.0,1.0
ENG-Premier League,2021,14572,2020-12-19 15:00:00,Manchester City,Southampton,away,1.15599,0.586972,1.0,0.0
ENG-Premier League,2021,14581,2020-12-26 20:00:00,Manchester City,Newcastle United,home,3.19575,0.200953,2.0,0.0
ENG-Premier League,2021,14603,2021-01-03 16:30:00,Manchester City,Chelsea,away,3.18063,0.691013,3.0,1.0
ENG-Premier League,2021,14614,2021-01-13 18:00:00,Manchester City,Brighton,home,2.90855,0.177084,1.0,0.0
ENG-Premier League,2021,14621,2021-01-17 19:15:00,Manchester City,Crystal Palace,home,0.961088,0.0515836,4.0,0.0
ENG-Premier League,2021,14089,2021-01-20 20:00:00,Manchester City,Aston Villa,home,3.34385,0.601768,2.0,0.0
ENG-Premier League,2021,14629,2021-01-26 20:15:00,Manchester City,West Bromwich Albion,away,2.24838,0.568258,5.0,0.0
ENG-Premier League,2021,14642,2021-01-30 15:00:00,Manchester City,Sheffield United,home,1.53116,0.154537,1.0,0.0
ENG-Premier League,2021,14646,2021-02-03 18:00:00,Manchester City,Burnley,away,2.12153,0.0489155,2.0,0.0
ENG-Premier League,2021,14659,2021-02-07 16:30:00,Manchester City,Liverpool,away,3.55196,1.17728,4.0,1.0
ENG-Premier League,2021,14671,2021-02-13 17:30:00,Manchester City,Tottenham,home,2.46219,0.4235,3.0,0.0
ENG-Premier League,2021,14593,2021-02-17 20:15:00,Manchester City,Everton,away,1.23218,1.04664,3.0,1.0
ENG-Premier League,2021,14675,2021-02-21 16:30:00,Manchester City,Arsenal,away,2.08868,0.331188,1.0,0.0
ENG-Premier League,2021,14689,2021-02-27 12:30:00,Manchester City,West Ham,home,0.760574,1.92892,2.0,1.0
ENG-Premier League,2021,14720,2021-03-02 20:00:00,Manchester City,Wolverhampton Wanderers,home,3.26196,0.318824,4.0,1.0
ENG-Premier League,2021,14700,2021-03-07 16:30:00,Manchester City,Manchester United,home,1.27561,2.11411,0.0,2.0
ENG-Premier League,2021,14761,2021-03-10 18:00:00,Manchester City,Southampton,home,3.10503,1.60561,5.0,2.0
ENG-Premier League,2021,14708,2021-03-13 20:00:00,Manchester City,Fulham,away,2.72578,0.449499,3.0,0.0
ENG-Premier League,2021,14730,2021-04-03 16:30:00,Manchester City,Leicester,away,1.98438,0.284781,2.0,0.0
ENG-Premier League,2021,14740,2021-04-10 11:30:00,Manchester City,Leeds,home,1.98825,0.17525,1.0,2.0
ENG-Premier League,2021,14746,2021-04-21 19:15:00,Manchester City,Aston Villa,away,1.5634,0.801733,2.0,1.0
ENG-Premier League,2021,14768,2021-05-01 11:30:00,Manchester City,Crystal Palace,away,2.04443,0.361866,2.0,0.0
ENG-Premier League,2021,14781,2021-05-08 16:30:00,Manchester City,Chelsea,home,1.79168,0.619724,1.0,2.0
ENG-Premier League,2021,14791,2021-05-14 19:00:00,Manchester City,Newcastle United,away,1.477,2.18312,4.0,3.0
ENG-Premier League,2021,14795,2021-05-18 18:00:00,Manchester City,Brighton,away,1.07139,1.22824,2.0,3.0
ENG-Premier League,2021,14811,2021-05-23 15:00:00,Manchester City,Everton,home,2.88355,1.07258,5.0,0.0
ENG-Premier League,2122,16385,2021-08-15 15:30:00,Manchester City,Tottenham,away,2.10585,1.06014,0.0,1.0
ENG-Premier League,2122,16387,2021-08-21 14:00:00,Manchester City,Norwich,home,2.43928,0.0250088,5.0,0.0
ENG-Premier League,2122,16396,2021-08-28 11:30:00,Manchester City,Arsenal,home,4.47273,0.116805,5.0,0.0
ENG-Premier League,2122,16409,2021-09-11 14:00:00,Manchester City,Leicester,away,2.75058,0.8001,1.0,0.0
ENG-Premier League,2122,16421,2021-09-18 14:00:00,Manchester City,Southampton,home,1.22451,0.490923,0.0,0.0
ENG-Premier League,2122,16426,2021-09-25 11:30:00,Manchester City,Chelsea,away,1.69244,0.194202,1.0,0.0
ENG-Premier League,2122,16441,2021-10-03 15:30:00,Manchester City,Liverpool,away,1.04319,0.949368,2.0,2.0
ENG-Premier League,2122,16451,2021-10-16 14:00:00,Manchester City,Burnley,home,2.15712,1.07719,2.0,0.0
ENG-Premier League,2122,16458,2021-10-23 16:30:00,Manchester City,Brighton,away,3.57376,1.1695,4.0,1.0
ENG-Premier League,2122,16470,2021-10-30 14:00:00,Manchester City,Crystal Palace,home,0.65739,1.05029,0.0,2.0
ENG-Premier League,2122,16483,2021-11-06 12:30:00,Manchester City,Manchester United,away,2.04202,0.759561,2.0,0.0
ENG-Premier League,2122,16490,2021-11-21 14:00:00,Manchester City,Everton,home,2.61302,0.266894,3.0,0.0
ENG-Premier League,2122,16504,2021-11-28 14:00:00,Manchester City,West Ham,home,2.72187,0.171763,2.0,1.0
ENG-Premier League,2122,16506,2021-12-01 20:15:00,Manchester City,Aston Villa,away,1.01897,0.772083,2.0,1.0
ENG-Premier League,2122,16523,2021-12-04 17:30:00,Manchester City,Watford,away,4.03223,0.675105,3.0,1.0
ENG-Premier League,2122,16534,2021-12-11 12:30:00,Manchester City,Wolverhampton Wanderers,home,2.99915,0.0762839,1.0,0.0
ENG-Premier League,2122,16545,2021-12-14 20:00:00,Manchester City,Leeds,home,3.31349,0.227498,7.0,0.0
ENG-Premier League,2122,16550,2021-12-19 14:15:00,Manchester City,Newcastle United,away,3.64686,0.174208,4.0,0.0
ENG-Premier League,2122,16560,2021-12-26 15:00:00,Manchester City,Leicester,home,3.82869,2.43425,6.0,3.0
ENG-Premier League,2122,16567,2021-12-29 20:15:00,Manchester City,Brentford,away,1.01763,0.238829,1.0,0.0
ENG-Premier League,2122,16576,2022-01-01 12:30:00,Manchester City,Arsenal,away,1.94623,0.836949,2.0,1.0
ENG-Premier League,2122,16590,2022-01-15 12:30:00,Manchester City,Chelsea,home,0.901703,0.613757,1.0,0.0
ENG-Premier League,2122,16604,2022-01-22 17:30:00,Manchester City,Southampton,away,1.62907,1.00222,1.0,1.0
ENG-Premier League,2122,16615,2022-02-09 19:45:00,Manchester City,Brentford,home,1.98246,0.461305,2.0,0.0
ENG-Premier League,2122,16623,2022-02-12 17:30:00,Manchester City,Norwich,away,4.44653,0.356755,4.0,0.0
ENG-Premier League,2122,16632,2022-02-19 17:30:00,Manchester City,Tottenham,home,2.31773,2.00235,2.0,3.0
ENG-Premier League,2122,16641,2022-02-26 17:30:00,Manchester City,Everton,away,1.93422,0.770819,1.0,0.0
ENG-Premier League,2122,16650,2022-03-06 16:30:00,Manchester City,Manchester United,home,2.74434,0.361782,4.0,1.0
ENG-Premier League,2122,16660,2022-03-14 20:00:00,Manchester City,Crystal Palace,away,2.04021,0.474002,0.0,0.0
ENG-Premier League,2122,16684,2022-04-02 14:00:00,Manchester City,Burnley,away,1.62008,0.0591223,2.0,0.0
ENG-Premier League,2122,16690,2022-04-10 15:30:00,Manchester City,Liverpool,home,1.34647,1.29983,2.0,2.0
ENG-Premier League,2122,16670,2022-04-20 19:00:00,Manchester City,Brighton,home,1.52844,0.117354,3.0,0.0
ENG-Premier League,2122,16707,2022-04-23 14:00:00,Manchester City,Watford,home,3.68,0.42632,5.0,1.0
ENG-Premier League,2122,16723,2022-04-30 16:30:00,Manchester City,Leeds,away,3.01431,1.03608,4.0,0.0
ENG-Premier League,2122,16727,2022-05-08 15:30:00,Manchester City,Newcastle United,home,4.05613,0.995099,5.0,0.0
ENG-Premier League,2122,16696,2022-05-11 19:15:00,Manchester City,Wolverhampton Wanderers,away,3.39304,0.411857,5.0,1.0
ENG-Premier League,2122,16737,2022-05-15 13:00:00,Manchester City,West Ham,away,2.14723,1.0088,2.0,2.0
ENG-Premier League,2122,16754,2022-05-22 15:00:00,Manchester City,Aston Villa,home,3.3209,0.247841,3.0,2.0
ENG-Premier League,2223,18211,2022-08-07 15:30:00,Manchester City,West Ham,away,2.58739,0.246188,2.0,0.0
ENG-Premier League,2223,18214,2022-08-13 14:00:00,Manchester City,Bournemouth,home,1.69064,0.123946,4.0,0.0
ENG-Premier League,2223,18230,2022-08-21 15:30:00,Manchester City,Newcastle United,away,3.67382,2.2127,3.0,3.0
ENG-Premier League,2223,18237,2022-08-27 14:00:00,Manchester City,Crystal Palace,home,2.3853,0.091976,4.0,2.0
ENG-Premier League,2223,18246,2022-08-31 18:30:00,Manchester City,Nottingham Forest,home,3.83759,0.729752,6.0,0.0
ENG-Premier League,2223,18258,2022-09-03 16:30:00,Manchester City,Aston Villa,away,1.92143,0.279392,1.0,1.0
ENG-Premier League,2223,18274,2022-09-17 11:30:00,Manchester City,Wolverhampton Wanderers,away,1.4242,0.310995,3.0,0.0
ENG-Premier League,2223,18289,2022-10-02 13:00:00,Manchester City,Manchester United,home,3.01103,1.71335,6.0,3.0
ENG-Premier League,2223,18298,2022-10-08 14:00:00,Manchester City,Southampton,home,2.73536,0.101148,4.0,0.0
ENG-Premier League,2223,18307,2022-10-16 15:30:00,Manchester City,Liverpool,away,0.911493,1.9992,0.0,1.0
ENG-Premier League,2223,18326,2022-10-22 14:00:00,Manchester City,Brighton,home,1.86239,0.52863,3.0,1.0
ENG-Premier League,2223,18338,2022-10-29 11:30:00,Manchester City,Leicester,away,0.703827,0.693597,1.0,0.0
ENG-Premier League,2223,18346,2022-11-05 15:00:00,Manchester City,Fulham,home,2.39332,0.843884,2.0,1.0
ENG-Premier League,2223,18356,2022-11-12 12:30:00,Manchester City,Brentford,home,1.605,3.29012,1.0,2.0
ENG-Premier League,2223,18368,2022-12-28 20:00:00,Manchester City,Leeds,away,4.16249,0.603751,3.0,1.0
ENG-Premier League,2223,18376,2022-12-31 15:00:00,Manchester City,Everton,home,2.36333,0.0760019,1.0,1.0
ENG-Premier League,2223,18385,2023-01-05 20:00:00,Manchester City,Chelsea,away,1.71972,0.493576,1.0,0.0
ENG-Premier League,2223,18397,2023-01-14 12:30:00,Manchester City,Manchester United,away,0.73695,1.98228,1.0,2.0
ENG-Premier League,2223,18267,2023-01-19 19:00:00,Manchester City,Tottenham,home,2.34166,1.16499,4.0,2.0
ENG-Premier League,2223,18409,2023-01-22 14:00:00,Manchester City,Wolverhampton Wanderers,home,3.32757,0.469277,3.0,0.0
ENG-Premier League,2223,18420,2023-02-05 16:30:00,Manchester City,Tottenham,away,0.773747,1.42168,0.0,1.0
ENG-Premier League,2223,18429,2023-02-12 16:30:00,Manchester City,Aston Villa,home,3.60987,0.275348,3.0,1.0
ENG-Premier League,2223,18312,2023-02-15 18:30:00,Manchester City,Arsenal,away,2.00841,1.70139,3.0,1.0
ENG-Premier League,2223,18439,2023-02-18 15:00:00,Manchester City,Nottingham Forest,away,2.80966,1.12735,1.0,1.0
ENG-Premier League,2223,18442,2023-02-25 17:30:00,Manchester City,Bournemouth,away,2.98206,1.08527,4.0,1.0
ENG-Premier League,2223,18458,2023-03-04 12:30:00,Manchester City,Newcastle United,home,1.34144,0.359809,2.0,0.0
ENG-Premier League,2223,18463,2023-03-11 17:30:00,Manchester City,Crystal Palace,away,2.1884,0.185498,1.0,0.0
ENG-Premier League,2223,18488,2023-04-01 11:30:00,Manchester City,Liverpool,home,3.01243,0.318171,4.0,1.0
ENG-Premier League,2223,18499,2023-04-08 16:30:00,Manchester City,Southampton,away,3.05999,0.492801,4.0,1.0
ENG-Premier League,2223,18506,2023-04-15 16:30:00,Manchester City,Leicester,home,1.60702,1.92692,3.0,1.0
ENG-Premier League,2223,18531,2023-04-26 19:00:00,Manchester City,Arsenal,home,2.01168,0.398372,4.0,1.0
ENG-Premier League,2223,18537,2023-04-30 13:00:00,Manchester City,Fulham,away,2.32338,0.431813,2.0,1.0
ENG-Premier League,2223,18478,2023-05-03 19:00:00,Manchester City,West Ham,home,2.99908,0.492075,3.0,0.0
ENG-Premier League,2223,18546,2023-05-06 14:00:00,Manchester City,Leeds,home,2.83472,0.140924,2.0,1.0
ENG-Premier League,2223,18557,2023-05-14 13:00:00,Manchester City,Everton,away,1.04338,1.18597,3.0,0.0
ENG-Premier League,2223,18566,2023-05-21 15:00:00,Manchester City,Chelsea,home,1.20557,1.15648,1.0,0.0
ENG-Premier League,2223,18515,2023-05-24 19:00:00,Manchester City,Brighton,away,1.92973,2.11486,1.0,1.0
ENG-Premier League,2223,18574,2023-05-28 15:30:00,Manchester City,Brentford,away,1.18649,1.43893,0.0,1.0
ENG-Premier League,2324,22275,2023-08-11 19:00:00,Manchester City,Burnley,away,2.40074,0.311032,3.0,0.0
ENG-Premier League,2324,22291,2023-08-19 19:00:00,Manchester City,Newcastle United,home,1.22528,0.257154,1.0,0.0
ENG-Premier League,2324,22303,2023-08-27 13:00:00,Manchester City,Sheffield United,away,3.84804,0.762232,2.0,1.0
ENG-Premier League,2324,21927,2023-09-02 14:00:00,Manchester City,Fulham,home,2.00152,1.46427,5.0,1.0
ENG-Premier League,2324,21937,2023-09-16 14:00:00,Manchester City,West Ham,away,4.15046,0.895632,3.0,1.0
ENG-Premier League,2324,21946,2023-09-23 14:00:00,Manchester City,Nottingham Forest,home,1.33984,0.729109,2.0,0.0
ENG-Premier League,2324,21961,2023-09-30 14:00:00,Manchester City,Wolverhampton Wanderers,away,0.98075,0.673985,1.0,2.0
ENG-Premier League,2324,21965,2023-10-08 15:30:00,Manchester City,Arsenal,away,0.858071,0.386558,0.0,1.0
ENG-Premier League,2324,21980,2023-10-21 14:00:00,Manchester City,Brighton,home,0.962509,0.963733,2.0,1.0
ENG-Premier League,2324,21992,2023-10-29 15:30:00,Manchester City,Manchester United,away,4.54595,0.714628,3.0,0.0
ENG-Premier League,2324,22000,2023-11-04 15:00:00,Manchester City,Bournemouth,home,2.39949,0.643127,6.0,1.0
ENG-Premier League,2324,22009,2023-11-12 16:30:00,Manchester City,Chelsea,away,3.19324,3.47238,4.0,4.0
ENG-Premier League,2324,22020,2023-11-25 12:30:00,Manchester City,Liverpool,home,1.79622,0.766278,1.0,1.0
ENG-Premier League,2324,22031,2023-12-03 16:30:00,Manchester City,Tottenham,home,2.90729,0.433077,3.0,3.0
ENG-Premier League,2324,22035,2023-12-06 20:15:00,Manchester City,Aston Villa,away,1.00198,2.1922,0.0,1.0
ENG-Premier League,2324,22050,2023-12-10 14:00:00,Manchester City,Luton,away,2.23353,0.689037,2.0,1.0
ENG-Premier League,2324,22061,2023-12-16 15:00:00,Manchester City,Crystal Palace,home,2.41646,1.64977,2.0,2.0
ENG-Premier League,2324,22081,2023-12-27 20:15:00,Manchester City,Everton,away,2.28321,1.23529,3.0,1.0
ENG-Premier League,2324,22090,2023-12-30 15:00:00,Manchester City,Sheffield United,home,2.24229,0.263211,2.0,0.0
ENG-Premier League,2324,22100,2024-01-13 17:30:00,Manchester City,Newcastle United,away,2.55452,1.23638,3.0,2.0
ENG-Premier League,2324,22114,2024-01-31 19:30:00,Manchester City,Burnley,home,1.84756,1.49114,3.0,1.0
ENG-Premier League,2324,22117,2024-02-05 20:00:00,Manchester City,Brentford,away,2.10785,0.865741,3.0,1.0
ENG-Premier League,2324,22130,2024-02-10 12:30:00,Manchester City,Everton,home,1.58971,0.192072,2.0,0.0
ENG-Premier League,2324,22140,2024-02-17 17:30:00,Manchester City,Chelsea,home,2.77713,1.82903,1.0,1.0
ENG-Premier League,2324,22074,2024-02-20 18:30:00,Manchester City,Brentford,home,2.53766,0.503799,1.0,0.0
ENG-Premier League,2324,22145,2024-02-24 17:30:00,Manchester City,Bournemouth,away,1.79636,0.925889,1.0,0.0
ENG-Premier League,2324,22160,2024-03-03 15:30:00,Manchester City,Manchester United,home,2.64173,0.153764,3.0,1.0
ENG-Premier League,2324,22171,2024-03-10 15:45:00,Manchester City,Liverpool,away,1.37289,2.25492,1.0,1.0
ENG-Premier League,2324,22190,2024-03-31 16:30:00,Manchester City,Arsenal,home,1.22009,0.511402,0.0,0.0
ENG-Premier League,2324,22204,2024-04-03 19:15:00,Manchester City,Aston Villa,home,3.87704,1.18643,4.0,1.0
ENG-Premier League,2324,22207,2024-04-06 11:30:00,Manchester City,Crystal Palace,away,2.26381,1.49472,4.0,2.0
ENG-Premier League,2324,22221,2024-04-13 14:00:00,Manchester City,Luton,home,4.64245,0.809775,5.0,1.0
ENG-Premier League,2324,22176,2024-04-25 19:00:00,Manchester City,Brighton,away,1.90507,0.572021,4.0,0.0
ENG-Premier League,2324,22242,2024-04-28 15:30:00,Manchester City,Nottingham Forest,away,0.932063,2.17312,2.0,0.0
ENG-Premier League,2324,22253,2024-05-04 16:30:00,Manchester City,Wolverhampton Wanderers,home,4.52542,0.396887,5.0,1.0
ENG-Premier League,2324,22258,2024-05-11 11:30:00,Manchester City,Fulham,away,3.15218,0.0886245,4.0,0.0
ENG-Premier League,2324,22233,2024-05-14 19:00:00,Manchester City,Tottenham,away,2.70331,1.84285,2.0,0.0
ENG-Premier League,2324,22273,2024-05-19 15:00:00,Manchester City,West Ham,home,2.31504,0.240159,3.0,1.0
ENG-Premier League,2425,26610,2024-08-18 15:30:00,Manchester City,Chelsea,away,1.18038,1.06123,2.0,0.0
ENG-Premier League,2425,26615,2024-08-24 14:00:00,Manchester City,Ipswich,home,3.07818,0.479999,4.0,1.0
ENG-Premier League,2425,26628,2024-08-31 16:30:00,Manchester City,West Ham,away,3.19297,0.947201,3.0,1.0
ENG-Premier League,2425,26637,2024-09-14 14:00:00,Manchester City,Brentford,home,1.55279,1.05094,2.0,1.0
ENG-Premier League,2425,26651,2024-09-22 15:30:00,Manchester City,Arsenal,home,2.75588,1.28411,2.0,2.0
ENG-Premier League,2425,26652,2024-09-28 11:30:00,Manchester City,Newcastle United,away,1.26516,1.34344,1.0,1.0
ENG-Premier League,2425,26664,2024-10-05 14:00:00,Manchester City,Fulham,home,1.36684,2.75846,3.0,2.0
ENG-Premier League,2425,26681,2024-10-20 13:00:00,Manchester City,Wolverhampton Wanderers,away,1.36569,0.761217,2.0,1.0
ENG-Premier League,2425,26683,2024-10-26 14:00:00,Manchester City,Southampton,home,3.16286,0.369989,1.0,0.0
ENG-Premier League,2425,26692,2024-11-02 15:00:00,Manchester City,Bournemouth,away,2.3527,2.4493,1.0,2.0
ENG-Premier League,2425,26703,2024-11-09 17:30:00,Manchester City,Brighton,away,2.60334,2.87116,1.0,2.0
ENG-Premier League,2425,26720,2024-11-23 17:30:00,Manchester City,Tottenham,home,2.15899,3.30449,0.0,4.0
ENG-Premier League,2425,26726,2024-12-01 16:00:00,Manchester City,Liverpool,away,0.745015,3.70054,0.0,2.0
ENG-Premier League,2425,26739,2024-12-04 19:30:00,Manchester City,Nottingham Forest,home,3.20169,0.802155,3.0,0.0
ENG-Premier League,2425,26747,2024-12-07 15:00:00,Manchester City,Crystal Palace,away,1.5846,1.21476,2.0,2.0
ENG-Premier League,2425,26753,2024-12-15 16:30:00,Manchester City,Manchester United,home,0.638103,2.04662,1.0,2.0
ENG-Premier League,2425,26762,2024-12-21 12:30:00,Manchester City,Aston Villa,away,1.09627,2.05988,1.0,2.0
ENG-Premier League,2425,26777,2024-12-26 12:30:00,Manchester City,Everton,home,2.51965,0.653289,1.0,1.0
ENG-Premier League,2425,26788,2024-12-29 14:30:00,Manchester City,Leicester,away,1.58002,1.84208,2.0,0.0
ENG-Premier League,2425,26798,2025-01-04 15:00:00,Manchester City,West Ham,home,1.97986,1.53286,4.0,1.0
ENG-Premier League,2425,26803,2025-01-14 19:30:00,Manchester City,Brentford,away,2.65315,2.39088,2.0,2.0
ENG-Premier League,2425,26816,2025-01-19 16:30:00,Manchester City,Ipswich,away,3.20228,0.795637,6.0,0.0
ENG-Premier League,2425,26828,2025-01-25 17:30:00,Manchester City,Chelsea,home,2.23213,1.49843,3.0,1.0
ENG-Premier League,2425,26833,2025-02-02 16:30:00,Manchester City,Arsenal,away,0.743191,1.53202,1.0,5.0
ENG-Premier League,2425,26848,2025-02-15 15:00:00,Manchester City,Newcastle United,home,2.12004,0.157211,4.0,0.0
ENG-Premier League,2425,26859,2025-02-23 16:30:00,Manchester City,Liverpool,home,0.58248,0.807058,0.0,2.0
ENG-Premier League,2425,26865,2025-02-26 19:30:00,Manchester City,Tottenham,away,2.38641,1.28426,1.0,0.0
ENG-Premier League,2425,26878,2025-03-08 12:30:00,Manchester City,Nottingham Forest,away,0.721234,0.501476,0.0,1.0
ENG-Premier League,2425,26889,2025-03-15 15:00:00,Manchester City,Brighton,home,2.02642,2.11119,2.0,2.0
ENG-Premier League,2425,26898,2025-04-02 19:45:00,Manchester City,Leicester,home,2.07165,0.104741,2.0,0.0
ENG-Premier League,2425,26909,2025-04-06 15:30:00,Manchester City,Manchester United,away,0.687894,1.23317,0.0,0.0
ENG-Premier League,2425,26917,2025-04-12 11:30:00,Manchester City,Crystal Palace,home,4.59724,1.33808,5.0,2.0
ENG-Premier League,2425,26925,2025-04-19 14:00:00,Manchester City,Everton,away,1.87989,0.81683,2.0,0.0
ENG-Premier League,2425,26937,2025-04-22 19:00:00,Manchester City,Aston Villa,home,1.36232,1.85906,2.0,1.0
ENG-Premier League,2425,26942,2025-05-02 19:00:00,Manchester City,Wolverhampton Wanderers,home,0.859463,0.622455,1.0,0.0
ENG-Premier League,2425,26959,2025-05-10 14:00:00,Manchester City,Southampton,away,1.58463,0.136995,0.0,0.0
ENG-Premier League,2425,26970,2025-05-20 19:00:00,Manchester City,Bournemouth,home,1.59779,0.962014,3.0,1.0
ENG-Premier League,2425,26981,2025-05-25 15:00:00,Manchester City,Fulham,away,2.45923,2.21797,2.0,0.0
ENG-Premier League,2526,28783,2025-08-16 16:30:00,Manchester City,Wolverhampton Wanderers,away,2.29903,0.519436,4.0,0.0
ENG-Premier League,2526,28789,2025-08-23 11:30:00,Manchester City,Tottenham,home,1.2475,1.28015,0.0,2.0
ENG-Premier League,2526,28805,2025-08-31 13:00:00,Manchester City,Brighton,away,2.13418,2.20864,1.0,2.0
ENG-Premier League,2526,28817,2025-09-14 15:30:00,Manchester City,Manchester United,home,1.99725,1.51915,3.0,0.0
ENG-Premier League,2526,28827,2025-09-21 15:30:00,Manchester City,Arsenal,away,1.1227,0.718575,1.0,1.0
ENG-Premier League,2526,28833,2025-09-27 14:00:00,Manchester City,Burnley,home,3.22133,0.509491,5.0,1.0
ENG-Premier League,2526,28841,2025-10-05 15:30:00,Manchester City,Brentford,away,1.09647,0.693758,1.0,0.0
ENG-Premier League,2526,28853,2025-10-18 14:00:00,Manchester City,Everton,home,2.4799,0.794622,2.0,0.0
ENG-Premier League,2526,28860,2025-10-26 13:00:00,Manchester City,Aston Villa,away,1.36914,0.843906,0.0,1.0
ENG-Premier League,2526,28873,2025-11-02 16:30:00,Manchester City,Bournemouth,home,2.48999,0.899846,3.0,1.0
ENG-Premier League,2526,28883,2025-11-09 16:30:00,Manchester City,Liverpool,home,1.59542,1.0281,3.0,0.0
ENG-Premier League,2526,28896,2025-11-22 17:30:00,Manchester City,Newcastle United,away,2.45648,2.40555,1.0,2.0
ENG-Premier League,2526,28903,2025-11-29 15:00:00,Manchester City,Leeds,home,2.85292,1.75142,3.0,2.0
ENG-Premier League,2526,28912,2025-12-02 19:30:00,Manchester City,Fulham,away,1.96225,0.972635,5.0,4.0
ENG-Premier League,2526,28924,2025-12-06 15:00:00,Manchester City,Sunderland,home,2.41605,0.626486,3.0,0.0
ENG-Premier League,2526,28932,2025-12-14 14:00:00,Manchester City,Crystal Palace,away,1.35317,1.30092,3.0,0.0
ENG-Premier League,2526,28944,2025-12-20 15:00:00,Manchester City,West Ham,home,3.58188,1.02143,3.0,0.0
ENG-Premier League,2526,28955,2025-12-27 12:30:00,Manchester City,Nottingham Forest,away,1.46468,0.600141,2.0,1.0
ENG-Premier League,2526,28966,2026-01-01 20:00:00,Manchester City,Sunderland,away,2.44247,0.962141,0.0,0.0
ENG-Premier League,2526,28977,2026-01-04 17:30:00,Manchester City,Chelsea,home,1.03049,2.03726,1.0,1.0
ENG-Premier League,2526,28985,2026-01-07 19:30:00,Manchester City,Brighton,home,2.95904,1.33162,1.0,1.0
ENG-Premier League,2526,28993,2026-01-17 12:30:00,Manchester City,Manchester United,away,0.387015,3.07278,0.0,2.0
ENG-Premier League,2526,29005,2026-01-24 15:00:00,Manchester City,Wolverhampton Wanderers,home,1.0654,0.542683,2.0,0.0
ENG-Premier League,2526,29016,2026-02-01 16:30:00,Manchester City,Tottenham,away,2.03614,1.49738,2.0,2.0
ENG-Premier League,2526,29024,2026-02-08 16:30:00,Manchester City,Liverpool,away,2.41476,1.26652,2.0,1.0
ENG-Premier League,2526,29033,2026-02-11 19:30:00,Manchester City,Fulham,home,1.67722,1.05283,3.0,0.0
ENG-Premier League,2526,29043,2026-02-21 20:00:00,Manchester City,Newcastle United,home,2.22648,0.507954,2.0,1.0
ENG-Premier League,2526,29053,2026-02-28 17:30:00,Manchester City,Leeds,away,2.46834,1.37824,1.0,0.0
ENG-Premier League,2526,29064,2026-03-04 19:30:00,Manchester City,Nottingham Forest,home,2.72655,1.23642,2.0,2.0
ENG-Premier League,2526,29077,2026-03-14 20:00:00,Manchester City,West Ham,away,1.9546,0.488982,1.0,1.0
ENG-Premier League,2526,29095,2026-04-12 15:30:00,Manchester City,Chelsea,away,2.40839,1.22108,3.0,0.0
ENG-Premier League,2526,29104,2026-04-19 15:30:00,Manchester City,Arsenal,home,2.61528,2.28964,2.0,1.0
ENG-Premier League,2526,29111,2026-04-22 19:00:00,Manchester City,Burnley,away,3.40888,0.973776,1.0,0.0
ENG-Premier League,2526,29123,2026-05-04 20:00:00,Manchester City,Everton,away,1.41706,1.68558,3.0,3.0
ENG-Premier League,2526,29133,2026-05-09 17:30:00,Manchester City,Brentford,home,4.37429,0.670038,3.0,0.0
ENG-Premier League,2526,29084,2026-05-13 20:00:00,Manchester City,Crystal Palace,home,1.95679,0.428862,3.0,0.0
ENG-Premier League,2526,29138,2026-05-19 19:30:00,Manchester City,Bournemouth,away,1.26917,1.71486,1.0,1.0
ENG-Premier League,2526,29153,2026-05-24 15:00:00,Manchester City,Aston Villa,home,1.38085,2.4397,1.0,2.0
ENG-Premier League,1920,11652,2019-08-11 16:30:00,Manchester United,Chelsea,home,2.37442,1.09534,4.0,0.0
ENG-Premier League,1920,11662,2019-08-19 20:00:00,Manchester United,Wolverhampton Wanderers,away,1.14332,0.307356,1.0,1.0
ENG-Premier League,1920,11669,2019-08-24 15:00:00,Manchester United,Crystal Palace,home,2.23561,0.676993,1.0,2.0
ENG-Premier League,1920,11673,2019-08-31 12:30:00,Manchester United,Southampton,away,1.90356,0.769616,1.0,1.0
ENG-Premier League,1920,11684,2019-09-14 14:00:00,Manchester United,Leicester,home,1.10019,0.459141,1.0,0.0
ENG-Premier League,1920,11700,2019-09-22 13:00:00,Manchester United,West Ham,away,1.27826,0.51376,0.0,2.0
ENG-Premier League,1920,11712,2019-09-30 19:00:00,Manchester United,Arsenal,home,1.1335,1.70399,1.0,1.0
ENG-Premier League,1920,11721,2019-10-06 16:30:00,Manchester United,Newcastle United,away,0.969204,0.650296,0.0,1.0
ENG-Premier League,1920,11729,2019-10-20 16:30:00,Manchester United,Liverpool,home,0.791862,1.03212,1.0,1.0
ENG-Premier League,1920,11739,2019-10-27 16:30:00,Manchester United,Norwich,away,4.51232,0.8924,3.0,1.0
ENG-Premier League,1920,11745,2019-11-02 12:30:00,Manchester United,Bournemouth,away,0.641129,1.86862,0.0,1.0
ENG-Premier League,1920,11761,2019-11-10 14:00:00,Manchester United,Brighton,home,3.65299,1.1342,3.0,1.0
ENG-Premier League,1920,11770,2019-11-24 16:30:00,Manchester United,Sheffield United,away,1.33065,1.56025,3.0,3.0
ENG-Premier League,1920,11782,2019-12-01 16:30:00,Manchester United,Aston Villa,home,1.84804,1.29701,2.0,2.0
ENG-Premier League,1920,11788,2019-12-04 19:30:00,Manchester United,Tottenham,home,1.47683,0.542315,2.0,1.0
ENG-Premier League,1920,11797,2019-12-07 17:30:00,Manchester United,Manchester City,away,1.63385,2.07108,2.0,1.0
ENG-Premier League,1920,11809,2019-12-15 14:00:00,Manchester United,Everton,home,1.48327,0.276759,1.0,1.0
ENG-Premier League,1920,11821,2019-12-22 14:00:00,Manchester United,Watford,away,1.5309,1.59291,0.0,2.0
ENG-Premier League,1920,11829,2019-12-26 17:30:00,Manchester United,Newcastle United,home,1.99638,1.05018,4.0,1.0
ENG-Premier League,1920,11835,2019-12-28 19:45:00,Manchester United,Burnley,away,2.10542,0.386662,2.0,0.0
ENG-Premier League,1920,11844,2020-01-01 20:00:00,Manchester United,Arsenal,away,0.715563,1.90747,0.0,2.0
ENG-Premier League,1920,11862,2020-01-11 15:00:00,Manchester United,Norwich,home,3.13456,0.275987,4.0,0.0
ENG-Premier League,1920,11865,2020-01-19 16:30:00,Manchester United,Liverpool,away,1.4185,2.00655,0.0,2.0
ENG-Premier League,1920,11879,2020-01-22 20:15:00,Manchester United,Burnley,home,1.416,0.717284,0.0,2.0
ENG-Premier League,1920,11888,2020-02-01 17:30:00,Manchester United,Wolverhampton Wanderers,home,1.18608,1.54211,0.0,0.0
ENG-Premier League,1920,11896,2020-02-17 20:00:00,Manchester United,Chelsea,away,0.681814,0.940204,2.0,0.0
ENG-Premier League,1920,11910,2020-02-23 14:00:00,Manchester United,Watford,home,2.5042,0.294956,3.0,0.0
ENG-Premier League,1920,11916,2020-03-01 14:00:00,Manchester United,Everton,away,1.12561,2.41259,1.0,1.0
ENG-Premier League,1920,11932,2020-03-08 16:30:00,Manchester United,Manchester City,home,1.7389,0.585469,2.0,0.0
ENG-Premier League,1920,11936,2020-06-19 19:15:00,Manchester United,Tottenham,away,1.77307,0.534852,1.0,1.0
ENG-Premier League,1920,11950,2020-06-24 17:00:00,Manchester United,Sheffield United,home,2.8416,0.108082,3.0,0.0
ENG-Premier League,1920,11956,2020-06-30 19:15:00,Manchester United,Brighton,away,1.20903,0.31013,3.0,0.0
ENG-Premier League,1920,11967,2020-07-04 14:00:00,Manchester United,Bournemouth,home,2.63259,1.52161,5.0,2.0
ENG-Premier League,1920,11974,2020-07-09 19:15:00,Manchester United,Aston Villa,away,2.86531,0.598873,3.0,0.0
ENG-Premier League,1920,11987,2020-07-13 19:00:00,Manchester United,Southampton,home,1.5033,1.8051,2.0,2.0
ENG-Premier League,1920,11996,2020-07-16 19:15:00,Manchester United,Crystal Palace,away,1.90448,0.572141,2.0,0.0
ENG-Premier League,1920,12007,2020-07-22 17:00:00,Manchester United,West Ham,home,0.984161,1.29009,1.0,1.0
ENG-Premier League,1920,12018,2020-07-26 15:00:00,Manchester United,Leicester,away,1.41019,0.754668,2.0,0.0
ENG-Premier League,2021,14098,2020-09-19 16:30:00,Manchester United,Crystal Palace,home,1.09737,1.91456,1.0,3.0
ENG-Premier League,2021,14106,2020-09-26 11:30:00,Manchester United,Brighton,away,1.57583,2.97659,3.0,2.0
ENG-Premier League,2021,14471,2020-10-04 15:30:00,Manchester United,Tottenham,home,0.873435,3.3017,1.0,6.0
ENG-Premier League,2021,14481,2020-10-17 19:00:00,Manchester United,Newcastle United,away,2.21729,0.867496,4.0,1.0
ENG-Premier League,2021,14491,2020-10-24 16:30:00,Manchester United,Chelsea,home,0.648427,0.219906,0.0,0.0
ENG-Premier League,2021,14500,2020-11-01 16:30:00,Manchester United,Arsenal,home,0.394113,0.998072,0.0,1.0
ENG-Premier League,2021,14509,2020-11-07 12:30:00,Manchester United,Everton,away,1.59642,0.376464,3.0,1.0
ENG-Premier League,2021,14520,2020-11-21 20:00:00,Manchester United,West Bromwich Albion,home,2.42994,0.438646,1.0,0.0
ENG-Premier League,2021,14534,2020-11-29 14:00:00,Manchester United,Southampton,away,2.47547,0.498783,3.0,2.0
ENG-Premier League,2021,14544,2020-12-05 17:30:00,Manchester United,West Ham,away,1.78708,2.53006,3.0,1.0
ENG-Premier League,2021,14549,2020-12-12 17:30:00,Manchester United,Manchester City,home,0.591617,1.28434,0.0,0.0
ENG-Premier League,2021,14560,2020-12-17 20:00:00,Manchester United,Sheffield United,away,1.78667,1.23525,3.0,2.0
ENG-Premier League,2021,14570,2020-12-20 16:30:00,Manchester United,Leeds,home,4.77743,1.63467,6.0,2.0
ENG-Premier League,2021,14579,2020-12-26 12:30:00,Manchester United,Leicester,away,2.08423,1.0396,2.0,2.0
ENG-Premier League,2021,14592,2020-12-29 20:00:00,Manchester United,Wolverhampton Wanderers,home,1.48207,0.411046,1.0,0.0
ENG-Premier League,2021,14596,2021-01-01 20:00:00,Manchester United,Aston Villa,home,2.46473,1.56434,2.0,1.0
ENG-Premier League,2021,14088,2021-01-12 22:15:00,Manchester United,Burnley,away,1.23996,0.648582,1.0,0.0
ENG-Premier League,2021,14620,2021-01-17 16:30:00,Manchester United,Liverpool,away,1.18929,1.20205,0.0,0.0
ENG-Premier League,2021,14607,2021-01-20 20:15:00,Manchester United,Fulham,away,1.68401,0.753669,2.0,1.0
ENG-Premier League,2021,14628,2021-01-27 20:15:00,Manchester United,Sheffield United,home,0.9931,0.689548,1.0,2.0
ENG-Premier League,2021,14635,2021-01-30 17:30:00,Manchester United,Arsenal,away,1.51332,0.747166,0.0,0.0
ENG-Premier League,2021,14651,2021-02-02 20:15:00,Manchester United,Southampton,home,5.0325,0.507893,9.0,0.0
ENG-Premier League,2021,14660,2021-02-06 20:00:00,Manchester United,Everton,home,1.71769,1.5571,3.0,3.0
ENG-Premier League,2021,14673,2021-02-14 14:00:00,Manchester United,West Bromwich Albion,away,0.423885,0.945964,1.0,1.0
ENG-Premier League,2021,14681,2021-02-21 19:00:00,Manchester United,Newcastle United,home,1.7256,0.341778,3.0,1.0
ENG-Premier League,2021,14685,2021-02-28 16:30:00,Manchester United,Chelsea,away,0.35954,1.17294,0.0,0.0
ENG-Premier League,2021,14717,2021-03-03 20:15:00,Manchester United,Crystal Palace,away,0.584016,0.742397,0.0,0.0
ENG-Premier League,2021,14700,2021-03-07 16:30:00,Manchester United,Manchester City,away,2.11411,1.27561,2.0,0.0
ENG-Premier League,2021,14711,2021-03-14 19:15:00,Manchester United,West Ham,home,1.70128,0.463737,1.0,0.0
ENG-Premier League,2021,14731,2021-04-04 18:30:00,Manchester United,Brighton,home,1.73474,1.41071,2.0,1.0
ENG-Premier League,2021,14742,2021-04-11 15:30:00,Manchester United,Tottenham,away,2.09737,0.921801,3.0,1.0
ENG-Premier League,2021,14751,2021-04-18 15:00:00,Manchester United,Burnley,home,2.87455,0.959804,3.0,1.0
ENG-Premier League,2021,14758,2021-04-25 13:00:00,Manchester United,Leeds,away,1.11635,0.216834,0.0,0.0
ENG-Premier League,2021,14776,2021-05-09 13:05:00,Manchester United,Aston Villa,away,1.88793,0.565472,3.0,1.0
ENG-Premier League,2021,14788,2021-05-11 17:00:00,Manchester United,Leicester,home,0.212874,0.991522,1.0,2.0
ENG-Premier League,2021,14770,2021-05-13 19:15:00,Manchester United,Liverpool,home,1.71328,2.938,2.0,4.0
ENG-Premier League,2021,14800,2021-05-18 17:00:00,Manchester United,Fulham,home,0.92243,0.872643,1.0,1.0
ENG-Premier League,2021,14814,2021-05-23 15:00:00,Manchester United,Wolverhampton Wanderers,away,2.05229,0.701256,2.0,1.0
ENG-Premier League,2122,16377,2021-08-14 11:30:00,Manchester United,Leeds,home,1.64248,0.568342,5.0,1.0
ENG-Premier League,2122,16392,2021-08-22 13:00:00,Manchester United,Southampton,away,2.26173,0.587526,1.0,1.0
ENG-Premier League,2122,16405,2021-08-29 15:30:00,Manchester United,Wolverhampton Wanderers,away,0.944083,1.79575,1.0,0.0
ENG-Premier League,2122,16410,2021-09-11 14:00:00,Manchester United,Newcastle United,home,2.77326,0.622042,4.0,1.0
ENG-Premier League,2122,16424,2021-09-19 13:00:00,Manchester United,West Ham,away,1.8954,1.6671,2.0,1.0
ENG-Premier League,2122,16431,2021-09-25 11:30:00,Manchester United,Aston Villa,home,1.9251,1.57249,0.0,1.0
ENG-Premier League,2122,16442,2021-10-02 11:30:00,Manchester United,Everton,home,1.0496,1.32211,1.0,1.0
ENG-Premier League,2122,16450,2021-10-16 14:00:00,Manchester United,Leicester,away,1.02494,2.96611,2.0,4.0
ENG-Premier League,2122,16463,2021-10-24 15:30:00,Manchester United,Liverpool,home,1.35584,4.04765,0.0,5.0
ENG-Premier League,2122,16473,2021-10-30 16:30:00,Manchester United,Tottenham,away,1.38612,1.15787,3.0,0.0
ENG-Premier League,2122,16483,2021-11-06 12:30:00,Manchester United,Manchester City,home,0.759561,2.04202,0.0,2.0
ENG-Premier League,2122,16494,2021-11-20 15:00:00,Manchester United,Watford,away,1.66794,2.73393,1.0,4.0
ENG-Premier League,2122,16500,2021-11-28 16:30:00,Manchester United,Chelsea,away,0.563367,2.34525,1.0,1.0
ENG-Premier League,2122,16512,2021-12-02 20:15:00,Manchester United,Arsenal,home,1.85597,1.16638,3.0,2.0
ENG-Premier League,2122,16519,2021-12-05 14:00:00,Manchester United,Crystal Palace,home,0.870376,0.520593,1.0,0.0
ENG-Premier League,2122,16535,2021-12-11 17:30:00,Manchester United,Norwich,away,2.09817,0.986107,1.0,0.0
ENG-Premier League,2122,16561,2021-12-27 20:00:00,Manchester United,Newcastle United,away,1.75587,1.26586,1.0,1.0
ENG-Premier League,2122,16574,2021-12-30 20:15:00,Manchester United,Burnley,home,1.80776,0.871738,3.0,1.0
ENG-Premier League,2122,16583,2022-01-03 17:30:00,Manchester United,Wolverhampton Wanderers,home,0.768752,0.840925,0.0,1.0
ENG-Premier League,2122,16586,2022-01-15 17:30:00,Manchester United,Aston Villa,away,1.35378,1.82784,2.0,2.0
ENG-Premier League,2122,16537,2022-01-19 20:00:00,Manchester United,Brentford,away,2.05969,2.081,3.0,1.0
ENG-Premier League,2122,16603,2022-01-22 15:00:00,Manchester United,West Ham,home,1.75857,0.238027,1.0,0.0
ENG-Premier League,2122,16608,2022-02-08 20:00:00,Manchester United,Burnley,away,1.83387,0.772721,1.0,1.0
ENG-Premier League,2122,16621,2022-02-12 12:30:00,Manchester United,Southampton,home,2.99207,0.677386,1.0,1.0
ENG-Premier League,2122,16549,2022-02-15 20:15:00,Manchester United,Brighton,home,2.74936,1.26179,2.0,0.0
ENG-Premier League,2122,16630,2022-02-20 14:00:00,Manchester United,Leeds,away,2.60999,1.74476,4.0,2.0
ENG-Premier League,2122,16643,2022-02-26 15:00:00,Manchester United,Watford,home,2.41457,0.437185,0.0,0.0
ENG-Premier League,2122,16650,2022-03-06 16:30:00,Manchester United,Manchester City,away,0.361782,2.74434,1.0,4.0
ENG-Premier League,2122,16663,2022-03-12 17:30:00,Manchester United,Tottenham,home,1.0181,1.62374,3.0,2.0
ENG-Premier League,2122,16679,2022-04-02 16:30:00,Manchester United,Leicester,home,0.902127,1.07638,1.0,1.0
ENG-Premier League,2122,16692,2022-04-09 11:30:00,Manchester United,Everton,away,0.762357,0.357295,0.0,1.0
ENG-Premier League,2122,16702,2022-04-16 14:00:00,Manchester United,Norwich,home,1.66737,1.79754,3.0,2.0
ENG-Premier League,2122,16669,2022-04-19 19:00:00,Manchester United,Liverpool,away,0.110227,2.25967,0.0,4.0
ENG-Premier League,2122,16715,2022-04-23 11:30:00,Manchester United,Arsenal,away,2.04244,2.54173,1.0,3.0
ENG-Premier League,2122,16742,2022-04-28 18:45:00,Manchester United,Chelsea,home,0.618456,2.46868,1.0,1.0
ENG-Premier League,2122,16722,2022-05-02 19:00:00,Manchester United,Brentford,home,1.84111,0.681425,3.0,0.0
ENG-Premier League,2122,16733,2022-05-07 16:30:00,Manchester United,Brighton,away,0.930715,2.82636,0.0,4.0
ENG-Premier League,2122,16751,2022-05-22 15:00:00,Manchester United,Crystal Palace,away,0.782005,0.354618,0.0,1.0
ENG-Premier League,2223,18209,2022-08-07 13:00:00,Manchester United,Brighton,home,1.42103,1.7289,1.0,2.0
ENG-Premier League,2223,18218,2022-08-13 16:30:00,Manchester United,Brentford,away,0.896038,1.38785,0.0,4.0
ENG-Premier League,2223,18231,2022-08-22 19:00:00,Manchester United,Liverpool,home,2.01764,1.52301,2.0,1.0
ENG-Premier League,2223,18232,2022-08-27 11:30:00,Manchester United,Southampton,away,1.34359,1.35887,1.0,0.0
ENG-Premier League,2223,18251,2022-09-01 19:00:00,Manchester United,Leicester,away,1.09969,0.615266,1.0,0.0
ENG-Premier League,2223,18261,2022-09-04 15:30:00,Manchester United,Arsenal,home,2.02904,1.42238,3.0,1.0
ENG-Premier League,2223,18289,2022-10-02 13:00:00,Manchester United,Manchester City,away,1.71335,3.01103,3.0,6.0
ENG-Premier League,2223,18297,2022-10-09 18:00:00,Manchester United,Everton,away,1.82612,0.365844,2.0,1.0
ENG-Premier League,2223,18308,2022-10-16 13:00:00,Manchester United,Newcastle United,home,1.41606,0.78815,0.0,0.0
ENG-Premier League,2223,18321,2022-10-19 19:15:00,Manchester United,Tottenham,home,1.70973,0.658526,2.0,0.0
ENG-Premier League,2223,18323,2022-10-22 15:30:00,Manchester United,Chelsea,away,0.730935,1.20238,1.0,1.0
ENG-Premier League,2223,18340,2022-10-30 16:15:00,Manchester United,West Ham,home,1.7514,1.00033,1.0,0.0
ENG-Premier League,2223,18342,2022-11-06 14:00:00,Manchester United,Aston Villa,away,0.517189,0.578563,1.0,3.0
ENG-Premier League,2223,18354,2022-11-13 16:30:00,Manchester United,Fulham,away,3.37664,1.70218,2.0,1.0
ENG-Premier League,2223,18370,2022-12-27 20:00:00,Manchester United,Nottingham Forest,home,2.13668,0.477076,3.0,0.0
ENG-Premier League,2223,18381,2022-12-31 12:30:00,Manchester United,Wolverhampton Wanderers,away,2.44728,0.587672,1.0,0.0
ENG-Premier League,2223,18390,2023-01-03 20:00:00,Manchester United,Bournemouth,home,2.97383,0.679022,3.0,0.0
ENG-Premier League,2223,18397,2023-01-14 12:30:00,Manchester United,Manchester City,home,1.98228,0.73695,2.0,1.0
ENG-Premier League,2223,18270,2023-01-18 15:30:00,Manchester United,Crystal Palace,away,1.39437,0.413339,1.0,1.0
ENG-Premier League,2223,18402,2023-01-22 16:30:00,Manchester United,Arsenal,away,0.272246,2.90273,2.0,3.0
ENG-Premier League,2223,18417,2023-02-04 15:00:00,Manchester United,Crystal Palace,home,2.07035,1.3798,2.0,1.0
ENG-Premier League,2223,18279,2023-02-08 19:00:00,Manchester United,Leeds,home,2.00007,0.554798,2.0,2.0
ENG-Premier League,2223,18426,2023-02-12 14:00:00,Manchester United,Leeds,away,1.30375,1.89163,2.0,0.0
ENG-Premier League,2223,18437,2023-02-19 14:00:00,Manchester United,Leicester,home,4.24663,1.39678,3.0,0.0
ENG-Premier League,2223,18457,2023-03-05 16:30:00,Manchester United,Liverpool,away,0.837542,3.44269,0.0,7.0
ENG-Premier League,2223,18468,2023-03-12 14:00:00,Manchester United,Southampton,home,0.910911,1.18053,0.0,0.0
ENG-Premier League,2223,18489,2023-04-02 15:30:00,Manchester United,Newcastle United,away,0.334127,3.33162,0.0,2.0
ENG-Premier League,2223,18448,2023-04-05 19:00:00,Manchester United,Brentford,home,1.1445,0.64499,1.0,0.0
ENG-Premier League,2223,18498,2023-04-08 11:30:00,Manchester United,Everton,home,4.38578,0.949183,2.0,0.0
ENG-Premier League,2223,18507,2023-04-16 15:30:00,Manchester United,Nottingham Forest,away,3.33747,1.05289,2.0,0.0
ENG-Premier League,2223,18525,2023-04-27 19:15:00,Manchester United,Tottenham,away,1.96508,2.37239,2.0,2.0
ENG-Premier League,2223,18540,2023-04-30 13:00:00,Manchester United,Aston Villa,home,1.3056,0.434738,1.0,0.0
ENG-Premier League,2223,18475,2023-05-04 19:00:00,Manchester United,Brighton,away,1.32105,2.09953,0.0,1.0
ENG-Premier League,2223,18550,2023-05-07 18:00:00,Manchester United,West Ham,away,1.1942,1.76618,0.0,1.0
ENG-Premier League,2223,18560,2023-05-13 14:00:00,Manchester United,Wolverhampton Wanderers,home,3.10118,0.268789,2.0,0.0
ENG-Premier League,2223,18562,2023-05-20 14:00:00,Manchester United,Bournemouth,away,1.71783,0.815723,1.0,0.0
ENG-Premier League,2223,18520,2023-05-25 19:00:00,Manchester United,Chelsea,home,4.92231,1.68364,4.0,1.0
ENG-Premier League,2223,18580,2023-05-28 15:30:00,Manchester United,Fulham,home,2.74766,1.88167,2.0,1.0
ENG-Premier League,2324,22284,2023-08-14 19:00:00,Manchester United,Wolverhampton Wanderers,home,1.97087,1.72228,1.0,0.0
ENG-Premier League,2324,22290,2023-08-19 16:30:00,Manchester United,Tottenham,away,2.44604,2.53904,0.0,2.0
ENG-Premier League,2324,22300,2023-08-26 14:00:00,Manchester United,Nottingham Forest,home,3.02803,0.960354,3.0,2.0
ENG-Premier League,2324,21934,2023-09-03 15:30:00,Manchester United,Arsenal,away,0.966109,1.90973,1.0,3.0
ENG-Premier League,2324,21940,2023-09-16 14:00:00,Manchester United,Brighton,home,0.719951,1.93908,1.0,3.0
ENG-Premier League,2324,21950,2023-09-23 19:00:00,Manchester United,Burnley,away,0.840273,0.935444,1.0,0.0
ENG-Premier League,2324,21957,2023-09-30 14:00:00,Manchester United,Crystal Palace,home,1.55408,1.19015,0.0,1.0
ENG-Premier League,2324,21972,2023-10-07 14:00:00,Manchester United,Brentford,home,1.29356,1.02509,2.0,1.0
ENG-Premier League,2324,21983,2023-10-21 19:00:00,Manchester United,Sheffield United,away,1.46187,1.41074,2.0,1.0
ENG-Premier League,2324,21992,2023-10-29 15:30:00,Manchester United,Manchester City,home,0.714628,4.54595,0.0,3.0
ENG-Premier League,2324,21998,2023-11-04 12:30:00,Manchester United,Fulham,away,0.697095,1.18241,1.0,0.0
ENG-Premier League,2324,22012,2023-11-11 15:00:00,Manchester United,Luton,home,2.74105,0.408265,1.0,0.0
ENG-Premier League,2324,22017,2023-11-26 16:30:00,Manchester United,Everton,away,2.07334,2.49764,3.0,0.0
ENG-Premier League,2324,22032,2023-12-02 20:00:00,Manchester United,Newcastle United,away,0.422674,2.90191,0.0,1.0
ENG-Premier League,2324,22044,2023-12-06 20:15:00,Manchester United,Chelsea,home,4.03949,2.3512,2.0,1.0
ENG-Premier League,2324,22051,2023-12-09 15:00:00,Manchester United,Bournemouth,home,1.11296,1.9742,0.0,3.0
ENG-Premier League,2324,22060,2023-12-17 16:30:00,Manchester United,Liverpool,away,0.632715,1.97111,0.0,0.0
ENG-Premier League,2324,22072,2023-12-23 12:30:00,Manchester United,West Ham,away,0.730496,1.51468,0.0,2.0
ENG-Premier League,2324,22082,2023-12-26 20:00:00,Manchester United,Aston Villa,home,1.20104,1.83637,3.0,2.0
ENG-Premier League,2324,22091,2023-12-30 17:30:00,Manchester United,Nottingham Forest,away,0.651905,0.744348,1.0,2.0
ENG-Premier League,2324,22099,2024-01-14 16:30:00,Manchester United,Tottenham,home,0.923233,1.31224,2.0,2.0
ENG-Premier League,2324,22111,2024-02-01 20:15:00,Manchester United,Wolverhampton Wanderers,away,3.22698,2.27609,4.0,3.0
ENG-Premier League,2324,22122,2024-02-04 14:00:00,Manchester United,West Ham,home,0.96721,1.1807,3.0,0.0
ENG-Premier League,2324,22125,2024-02-11 16:30:00,Manchester United,Aston Villa,away,2.44591,2.64675,2.0,1.0
ENG-Premier League,2324,22139,2024-02-18 16:30:00,Manchester United,Luton,away,3.58973,1.57234,2.0,1.0
ENG-Premier League,2324,22152,2024-02-24 15:00:00,Manchester United,Fulham,home,1.96036,1.1385,1.0,2.0
ENG-Premier League,2324,22160,2024-03-03 15:30:00,Manchester United,Manchester City,away,0.153764,2.64173,1.0,3.0
ENG-Premier League,2324,22172,2024-03-09 12:30:00,Manchester United,Everton,home,2.9016,1.8214,2.0,0.0
ENG-Premier League,2324,22187,2024-03-30 20:00:00,Manchester United,Brentford,away,0.989565,3.16487,1.0,1.0
ENG-Premier League,2324,22201,2024-04-04 19:15:00,Manchester United,Chelsea,away,1.56686,3.48048,3.0,4.0
ENG-Premier League,2324,22211,2024-04-07 14:30:00,Manchester United,Liverpool,home,0.814509,4.43457,2.0,2.0
ENG-Premier League,2324,22215,2024-04-13 16:30:00,Manchester United,Bournemouth,away,1.52274,2.38519,2.0,2.0
ENG-Premier League,2324,22182,2024-04-24 19:00:00,Manchester United,Sheffield United,home,3.51311,1.20517,4.0,2.0
ENG-Premier League,2324,22239,2024-04-27 14:00:00,Manchester United,Burnley,home,3.06197,1.89591,1.0,1.0
ENG-Premier League,2324,22250,2024-05-06 19:00:00,Manchester United,Crystal Palace,away,0.341417,2.0656,0.0,4.0
ENG-Premier League,2324,22259,2024-05-12 15:30:00,Manchester United,Arsenal,home,0.551669,1.73104,0.0,1.0
ENG-Premier League,2324,22231,2024-05-15 19:00:00,Manchester United,Newcastle United,home,1.49706,2.27657,3.0,2.0
ENG-Premier League,2324,22267,2024-05-19 15:00:00,Manchester United,Brighton,away,1.00404,1.9717,2.0,0.0
ENG-Premier League,2425,26602,2024-08-16 19:00:00,Manchester United,Fulham,home,2.04268,0.418711,1.0,0.0
ENG-Premier League,2425,26612,2024-08-24 11:30:00,Manchester United,Brighton,away,1.28556,2.14153,1.0,2.0
ENG-Premier League,2425,26631,2024-09-01 15:00:00,Manchester United,Liverpool,home,1.50087,2.10397,0.0,3.0
ENG-Premier League,2425,26632,2024-09-14 11:30:00,Manchester United,Southampton,away,3.02693,1.35593,3.0,0.0
ENG-Premier League,2425,26649,2024-09-21 16:30:00,Manchester United,Crystal Palace,away,2.35056,1.66928,0.0,0.0
ENG-Premier League,2425,26660,2024-09-29 15:30:00,Manchester United,Tottenham,home,0.600721,5.4072,0.0,3.0
ENG-Premier League,2425,26670,2024-10-06 13:00:00,Manchester United,Aston Villa,away,0.448537,0.532809,0.0,0.0
ENG-Premier League,2425,26675,2024-10-19 14:00:00,Manchester United,Brentford,home,1.76555,0.892843,2.0,1.0
ENG-Premier League,2425,26690,2024-10-27 14:00:00,Manchester United,West Ham,away,2.62598,2.99312,1.0,2.0
ENG-Premier League,2425,26697,2024-11-03 16:30:00,Manchester United,Chelsea,home,2.1605,1.21071,1.0,1.0
ENG-Premier League,2425,26708,2024-11-10 14:00:00,Manchester United,Leicester,home,1.2369,0.417295,3.0,0.0
ENG-Premier League,2425,26718,2024-11-24 16:30:00,Manchester United,Ipswich,away,1.26912,1.98714,1.0,1.0
ENG-Premier League,2425,26727,2024-12-01 13:30:00,Manchester United,Everton,home,1.76161,0.766749,4.0,0.0
ENG-Premier League,2425,26733,2024-12-04 20:15:00,Manchester United,Arsenal,away,0.256083,2.96684,0.0,2.0
ENG-Premier League,2425,26744,2024-12-07 17:30:00,Manchester United,Nottingham Forest,home,1.4697,0.651217,2.0,3.0
ENG-Premier League,2425,26753,2024-12-15 16:30:00,Manchester United,Manchester City,away,2.04662,0.638103,2.0,1.0
ENG-Premier League,2425,26769,2024-12-22 14:00:00,Manchester United,Bournemouth,home,2.28533,1.82831,0.0,3.0
ENG-Premier League,2425,26781,2024-12-26 17:30:00,Manchester United,Wolverhampton Wanderers,away,0.358876,0.826489,0.0,2.0
ENG-Premier League,2425,26789,2024-12-30 20:00:00,Manchester United,Newcastle United,home,1.00073,2.2424,0.0,2.0
ENG-Premier League,2425,26797,2025-01-05 16:30:00,Manchester United,Liverpool,away,1.67469,2.862,2.0,2.0
ENG-Premier League,2425,26811,2025-01-16 20:00:00,Manchester United,Southampton,home,3.10847,1.36705,3.0,1.0
ENG-Premier League,2425,26818,2025-01-19 14:00:00,Manchester United,Brighton,home,1.31823,2.17172,1.0,3.0
ENG-Premier League,2425,26826,2025-01-26 19:00:00,Manchester United,Fulham,away,0.201988,0.560571,1.0,0.0
ENG-Premier League,2425,26838,2025-02-02 14:00:00,Manchester United,Crystal Palace,home,1.50706,2.44633,0.0,2.0
ENG-Premier League,2425,26850,2025-02-16 16:30:00,Manchester United,Tottenham,away,1.42652,1.97109,0.0,1.0
ENG-Premier League,2425,26855,2025-02-22 12:30:00,Manchester United,Everton,away,0.645685,2.10444,2.0,2.0
ENG-Premier League,2425,26871,2025-02-26 19:30:00,Manchester United,Ipswich,home,1.40202,1.04498,3.0,2.0
ENG-Premier League,2425,26877,2025-03-09 16:30:00,Manchester United,Arsenal,home,1.31107,1.82996,1.0,1.0
ENG-Premier League,2425,26888,2025-03-16 19:00:00,Manchester United,Leicester,away,1.13892,1.30455,3.0,0.0
ENG-Premier League,2425,26894,2025-04-01 20:00:00,Manchester United,Nottingham Forest,away,1.86688,0.512063,0.0,1.0
ENG-Premier League,2425,26909,2025-04-06 15:30:00,Manchester United,Manchester City,home,1.23317,0.687894,0.0,0.0
ENG-Premier League,2425,26918,2025-04-13 15:30:00,Manchester United,Newcastle United,away,0.786568,2.6383,1.0,4.0
ENG-Premier League,2425,26929,2025-04-20 13:00:00,Manchester United,Wolverhampton Wanderers,home,1.13966,0.187814,0.0,1.0
ENG-Premier League,2425,26932,2025-04-27 13:00:00,Manchester United,Bournemouth,away,1.91039,0.60995,1.0,1.0
ENG-Premier League,2425,26947,2025-05-04 13:00:00,Manchester United,Brentford,away,1.13404,3.58737,3.0,4.0
ENG-Premier League,2425,26956,2025-05-11 13:15:00,Manchester United,West Ham,home,2.31287,2.15985,0.0,2.0
ENG-Premier League,2425,26966,2025-05-16 19:15:00,Manchester United,Chelsea,away,0.337632,1.29571,0.0,1.0
ENG-Premier League,2425,26974,2025-05-25 15:00:00,Manchester United,Aston Villa,home,2.96259,0.335222,2.0,0.0
ENG-Premier League,2526,28786,2025-08-17 15:30:00,Manchester United,Arsenal,home,1.37653,1.3304,0.0,1.0
ENG-Premier League,2526,28796,2025-08-24 15:30:00,Manchester United,Fulham,away,1.54603,1.65333,1.0,1.0
ENG-Premier League,2526,28802,2025-08-30 14:00:00,Manchester United,Burnley,home,4.02237,1.32618,3.0,2.0
ENG-Premier League,2526,28817,2025-09-14 15:30:00,Manchester United,Manchester City,away,1.51915,1.99725,0.0,3.0
ENG-Premier League,2526,28824,2025-09-20 16:30:00,Manchester United,Chelsea,home,1.34458,0.469843,2.0,1.0
ENG-Premier League,2526,28828,2025-09-27 11:30:00,Manchester United,Brentford,away,2.23609,2.78726,1.0,3.0
ENG-Premier League,2526,28845,2025-10-04 14:00:00,Manchester United,Sunderland,home,1.9298,0.807119,2.0,0.0
ENG-Premier League,2526,28852,2025-10-19 15:30:00,Manchester United,Liverpool,away,2.53117,2.60972,2.0,1.0
ENG-Premier League,2526,28865,2025-10-25 16:30:00,Manchester United,Brighton,home,1.96231,0.947154,4.0,2.0
ENG-Premier League,2526,28874,2025-11-01 15:00:00,Manchester United,Nottingham Forest,away,0.91622,1.55066,2.0,2.0
ENG-Premier League,2526,28886,2025-11-08 12:30:00,Manchester United,Tottenham,away,0.820256,1.35532,2.0,2.0
ENG-Premier League,2526,28895,2025-11-24 20:00:00,Manchester United,Everton,home,2.2737,0.155063,0.0,1.0
ENG-Premier League,2526,28901,2025-11-30 12:00:00,Manchester United,Crystal Palace,away,1.47768,2.13561,2.0,1.0
ENG-Premier League,2526,28915,2025-12-04 20:00:00,Manchester United,West Ham,home,2.27674,1.36584,1.0,1.0
ENG-Premier League,2526,28927,2025-12-08 20:00:00,Manchester United,Wolverhampton Wanderers,away,4.04708,0.262147,4.0,1.0
ENG-Premier League,2526,28934,2025-12-15 20:00:00,Manchester United,Bournemouth,home,3.21204,2.35196,4.0,4.0
ENG-Premier League,2526,28939,2025-12-21 16:30:00,Manchester United,Aston Villa,away,1.30455,1.86917,1.0,2.0
ENG-Premier League,2526,28954,2025-12-26 20:00:00,Manchester United,Newcastle United,home,0.940811,1.12998,1.0,0.0
ENG-Premier League,2526,28964,2025-12-30 20:15:00,Manchester United,Wolverhampton Wanderers,home,1.13306,1.21784,1.0,1.0
ENG-Premier League,2526,28976,2026-01-04 12:30:00,Manchester United,Leeds,away,1.94781,0.970138,1.0,1.0
ENG-Premier League,2526,28982,2026-01-07 20:15:00,Manchester United,Burnley,away,2.52488,0.31971,2.0,2.0
ENG-Premier League,2526,28993,2026-01-17 12:30:00,Manchester United,Manchester City,home,3.07278,0.387015,2.0,0.0
ENG-Premier League,2526,28999,2026-01-25 16:30:00,Manchester United,Arsenal,away,0.640902,1.42411,3.0,2.0
ENG-Premier League,2526,29012,2026-02-01 14:00:00,Manchester United,Fulham,home,1.84362,1.71998,3.0,2.0
ENG-Premier League,2526,29025,2026-02-07 12:30:00,Manchester United,Tottenham,home,2.16576,0.593404,2.0,0.0
ENG-Premier League,2526,29037,2026-02-10 20:15:00,Manchester United,West Ham,away,0.735767,1.30746,1.0,1.0
ENG-Premier League,2526,29042,2026-02-23 20:00:00,Manchester United,Everton,away,1.4547,0.560924,1.0,0.0
ENG-Premier League,2526,29055,2026-03-01 14:00:00,Manchester United,Crystal Palace,home,2.34609,0.384699,2.0,1.0
ENG-Premier League,2526,29065,2026-03-04 20:15:00,Manchester United,Newcastle United,away,1.80571,1.96637,1.0,2.0
ENG-Premier League,2526,29074,2026-03-15 14:00:00,Manchester United,Aston Villa,home,1.67823,1.21071,3.0,1.0
ENG-Premier League,2526,29078,2026-03-20 20:00:00,Manchester United,Bournemouth,away,1.74574,1.76664,2.0,2.0
ENG-Premier League,2526,29088,2026-04-13 19:00:00,Manchester United,Leeds,home,1.36555,2.95118,1.0,2.0
ENG-Premier League,2526,29100,2026-04-18 19:00:00,Manchester United,Chelsea,away,0.436043,1.28109,1.0,0.0
ENG-Premier League,2526,29114,2026-04-27 19:00:00,Manchester United,Brentford,home,1.84852,1.30383,2.0,1.0
ENG-Premier League,2526,29125,2026-05-03 15:30:00,Manchester United,Liverpool,home,2.55612,1.02814,3.0,2.0
ENG-Premier League,2526,29135,2026-05-09 15:00:00,Manchester United,Sunderland,away,0.535981,1.2376,0.0,0.0
ENG-Premier League,2526,29145,2026-05-17 12:30:00,Manchester United,Nottingham Forest,home,4.28532,1.84418,3.0,2.0
ENG-Premier League,2526,29148,2026-05-24 15:00:00,Manchester United,Brighton,away,2.32868,0.702398,3.0,0.0
ENG-Premier League,1920,11650,2019-08-11 14:00:00,Newcastle United,Arsenal,home,0.380551,1.13309,0.0,1.0
ENG-Premier League,1920,11657,2019-08-17 15:00:00,Newcastle United,Norwich,away,0.920429,2.09572,1.0,3.0
ENG-Premier League,1920,11672,2019-08-25 16:30:00,Newcastle United,Tottenham,away,0.51428,1.25927,1.0,0.0
ENG-Premier League,1920,11679,2019-08-31 15:00:00,Newcastle United,Watford,home,1.04131,1.1068,1.0,1.0
ENG-Premier League,1920,11683,2019-09-14 11:30:00,Newcastle United,Liverpool,away,0.291073,2.93281,1.0,3.0
ENG-Premier League,1920,11699,2019-09-21 16:30:00,Newcastle United,Brighton,home,1.09807,1.21592,0.0,0.0
ENG-Premier League,1920,11710,2019-09-29 15:30:00,Newcastle United,Leicester,away,0.054134,1.82438,0.0,5.0
ENG-Premier League,1920,11721,2019-10-06 16:30:00,Newcastle United,Manchester United,home,0.650296,0.969204,1.0,0.0
ENG-Premier League,1920,11725,2019-10-19 15:00:00,Newcastle United,Chelsea,away,0.197082,2.30068,0.0,1.0
ENG-Premier League,1920,11738,2019-10-27 14:00:00,Newcastle United,Wolverhampton Wanderers,home,0.603104,1.93255,1.0,1.0
ENG-Premier League,1920,11752,2019-11-02 15:00:00,Newcastle United,West Ham,away,1.93192,1.53597,3.0,2.0
ENG-Premier League,1920,11756,2019-11-09 15:00:00,Newcastle United,Bournemouth,home,2.3306,1.9213,2.0,1.0
ENG-Premier League,1920,11764,2019-11-25 20:00:00,Newcastle United,Aston Villa,away,0.69784,2.6985,0.0,2.0
ENG-Premier League,1920,11777,2019-11-30 12:30:00,Newcastle United,Manchester City,home,0.208252,2.44389,2.0,2.0
ENG-Premier League,1920,11786,2019-12-05 19:30:00,Newcastle United,Sheffield United,away,0.533775,1.09175,2.0,0.0
ENG-Premier League,1920,11798,2019-12-08 14:00:00,Newcastle United,Southampton,home,1.10449,1.89255,2.0,1.0
ENG-Premier League,1920,11804,2019-12-14 15:00:00,Newcastle United,Burnley,away,1.08726,1.43602,0.0,1.0
ENG-Premier League,1920,11818,2019-12-21 15:00:00,Newcastle United,Crystal Palace,home,0.714368,0.985368,1.0,0.0
ENG-Premier League,1920,11829,2019-12-26 17:30:00,Newcastle United,Manchester United,away,1.05018,1.99638,1.0,4.0
ENG-Premier League,1920,11838,2019-12-28 15:00:00,Newcastle United,Everton,home,1.63211,2.82576,1.0,2.0
ENG-Premier League,1920,11849,2020-01-01 15:00:00,Newcastle United,Leicester,home,0.780118,2.43642,0.0,3.0
ENG-Premier League,1920,11853,2020-01-11 15:00:00,Newcastle United,Wolverhampton Wanderers,away,0.184495,2.04805,1.0,1.0
ENG-Premier League,1920,11868,2020-01-18 17:30:00,Newcastle United,Chelsea,home,0.892988,2.05436,1.0,0.0
ENG-Premier League,1920,11877,2020-01-21 19:30:00,Newcastle United,Everton,away,0.570931,2.05254,2.0,2.0
ENG-Premier League,1920,11889,2020-02-01 15:00:00,Newcastle United,Norwich,home,0.937293,2.39985,0.0,0.0
ENG-Premier League,1920,11893,2020-02-16 16:30:00,Newcastle United,Arsenal,away,1.16662,3.02257,0.0,4.0
ENG-Premier League,1920,11905,2020-02-22 15:00:00,Newcastle United,Crystal Palace,away,0.164495,1.75552,0.0,1.0
ENG-Premier League,1920,11918,2020-02-29 15:00:00,Newcastle United,Burnley,home,1.11713,0.617612,0.0,0.0
ENG-Premier League,1920,11930,2020-03-07 15:00:00,Newcastle United,Southampton,away,3.06384,0.348871,1.0,0.0
ENG-Premier League,1920,11938,2020-06-21 13:00:00,Newcastle United,Sheffield United,home,2.15148,0.57107,3.0,0.0
ENG-Premier League,1920,11949,2020-06-24 17:00:00,Newcastle United,Aston Villa,home,0.661808,1.22985,1.0,1.0
ENG-Premier League,1920,11955,2020-07-01 17:00:00,Newcastle United,Bournemouth,away,2.23457,1.27503,4.0,1.0
ENG-Premier League,1920,11968,2020-07-05 13:15:00,Newcastle United,West Ham,home,1.49121,2.03065,2.0,2.0
ENG-Premier League,1920,11979,2020-07-08 17:00:00,Newcastle United,Manchester City,away,0.21643,3.28662,0.0,5.0
ENG-Premier League,1920,11991,2020-07-11 11:30:00,Newcastle United,Watford,away,1.49134,3.12855,1.0,2.0
ENG-Premier League,1920,12000,2020-07-15 17:00:00,Newcastle United,Tottenham,home,1.05748,1.7498,1.0,3.0
ENG-Premier League,1920,12005,2020-07-20 17:00:00,Newcastle United,Brighton,away,0.929091,0.855896,0.0,0.0
ENG-Premier League,1920,12016,2020-07-26 15:00:00,Newcastle United,Liverpool,home,0.339294,0.56818,1.0,3.0
ENG-Premier League,2021,14091,2020-09-12 19:00:00,Newcastle United,West Ham,away,1.65911,0.861445,2.0,0.0
ENG-Premier League,2021,14101,2020-09-20 13:00:00,Newcastle United,Brighton,home,0.520678,1.8766,0.0,3.0
ENG-Premier League,2021,14111,2020-09-27 13:00:00,Newcastle United,Tottenham,away,0.942726,3.18765,1.0,1.0
ENG-Premier League,2021,14472,2020-10-03 19:00:00,Newcastle United,Burnley,home,1.95629,0.438849,3.0,1.0
ENG-Premier League,2021,14481,2020-10-17 19:00:00,Newcastle United,Manchester United,home,0.867496,2.21729,1.0,4.0
ENG-Premier League,2021,14494,2020-10-25 16:30:00,Newcastle United,Wolverhampton Wanderers,away,0.253685,0.758626,1.0,1.0
ENG-Premier League,2021,14501,2020-11-01 14:00:00,Newcastle United,Everton,home,2.6311,1.21805,2.0,1.0
ENG-Premier League,2021,14512,2020-11-06 20:00:00,Newcastle United,Southampton,away,0.175633,0.985828,0.0,2.0
ENG-Premier League,2021,14521,2020-11-21 12:30:00,Newcastle United,Chelsea,home,0.368286,1.81923,0.0,2.0
ENG-Premier League,2021,14530,2020-11-27 20:00:00,Newcastle United,Crystal Palace,away,1.27929,0.534893,2.0,0.0
ENG-Premier League,2021,14550,2020-12-12 15:00:00,Newcastle United,West Bromwich Albion,home,0.904163,0.57319,2.0,1.0
ENG-Premier League,2021,14558,2020-12-16 18:00:00,Newcastle United,Leeds,away,1.44437,2.95137,2.0,5.0
ENG-Premier League,2021,14571,2020-12-19 20:00:00,Newcastle United,Fulham,home,1.26725,1.10645,1.0,1.0
ENG-Premier League,2021,14581,2020-12-26 20:00:00,Newcastle United,Manchester City,away,0.200953,3.19575,0.0,2.0
ENG-Premier League,2021,14591,2020-12-30 20:00:00,Newcastle United,Liverpool,home,0.817935,1.32047,0.0,0.0
ENG-Premier League,2021,14597,2021-01-03 14:15:00,Newcastle United,Leicester,home,0.264584,0.702081,1.0,2.0
ENG-Premier League,2021,14610,2021-01-12 18:00:00,Newcastle United,Sheffield United,away,1.04745,2.01315,0.0,1.0
ENG-Premier League,2021,14615,2021-01-18 20:00:00,Newcastle United,Arsenal,away,0.168796,2.30744,0.0,3.0
ENG-Premier League,2021,14535,2021-01-23 20:00:00,Newcastle United,Aston Villa,away,0.400364,2.6026,0.0,2.0
ENG-Premier League,2021,14631,2021-01-26 18:00:00,Newcastle United,Leeds,home,1.1364,0.785914,1.0,2.0
ENG-Premier League,2021,14644,2021-01-30 12:30:00,Newcastle United,Everton,away,2.08832,0.966012,2.0,0.0
ENG-Premier League,2021,14652,2021-02-02 20:15:00,Newcastle United,Crystal Palace,home,1.90755,0.809312,1.0,2.0
ENG-Premier League,2021,14661,2021-02-06 15:00:00,Newcastle United,Southampton,home,0.910553,1.43445,3.0,2.0
ENG-Premier League,2021,14667,2021-02-15 20:00:00,Newcastle United,Chelsea,away,0.432603,2.5428,0.0,2.0
ENG-Premier League,2021,14681,2021-02-21 19:00:00,Newcastle United,Manchester United,away,0.341778,1.7256,1.0,3.0
ENG-Premier League,2021,14688,2021-02-27 20:00:00,Newcastle United,Wolverhampton Wanderers,home,1.9519,1.27827,1.0,1.0
ENG-Premier League,2021,14703,2021-03-07 12:00:00,Newcastle United,West Bromwich Albion,away,0.454577,1.46503,0.0,0.0
ENG-Premier League,2021,14712,2021-03-12 20:00:00,Newcastle United,Aston Villa,home,0.873171,0.748665,1.0,1.0
ENG-Premier League,2021,14715,2021-03-20 20:00:00,Newcastle United,Brighton,away,0.100945,0.951921,0.0,3.0
ENG-Premier League,2021,14732,2021-04-04 13:05:00,Newcastle United,Tottenham,home,3.30098,2.43683,2.0,2.0
ENG-Premier League,2021,14736,2021-04-11 11:00:00,Newcastle United,Burnley,away,1.34279,1.84262,2.0,1.0
ENG-Premier League,2021,14752,2021-04-17 11:30:00,Newcastle United,West Ham,home,2.4314,2.06741,3.0,2.0
ENG-Premier League,2021,14760,2021-04-24 11:30:00,Newcastle United,Liverpool,away,0.860694,2.84708,1.0,1.0
ENG-Premier League,2021,14771,2021-05-02 13:00:00,Newcastle United,Arsenal,home,0.172988,1.78751,0.0,2.0
ENG-Premier League,2021,14779,2021-05-07 19:00:00,Newcastle United,Leicester,away,2.87261,2.315,4.0,2.0
ENG-Premier League,2021,14791,2021-05-14 19:00:00,Newcastle United,Manchester City,home,2.18312,1.477,3.0,4.0
ENG-Premier League,2021,14801,2021-05-19 17:00:00,Newcastle United,Sheffield United,home,1.82508,0.882242,1.0,0.0
ENG-Premier League,2021,14807,2021-05-23 15:00:00,Newcastle United,Fulham,away,1.60157,0.98902,2.0,0.0
ENG-Premier League,2122,16384,2021-08-15 13:00:00,Newcastle United,West Ham,home,1.67926,3.00939,2.0,4.0
ENG-Premier League,2122,16388,2021-08-21 14:00:00,Newcastle United,Aston Villa,away,0.63163,1.18426,0.0,2.0
ENG-Premier League,2122,16397,2021-08-28 14:00:00,Newcastle United,Southampton,home,1.19077,3.46036,2.0,2.0
ENG-Premier League,2122,16410,2021-09-11 14:00:00,Newcastle United,Manchester United,away,0.622042,2.77326,1.0,4.0
ENG-Premier League,2122,16416,2021-09-17 19:00:00,Newcastle United,Leeds,home,1.17668,1.42995,1.0,1.0
ENG-Premier League,2122,16427,2021-09-25 14:00:00,Newcastle United,Watford,away,2.52338,0.904061,1.0,1.0
ENG-Premier League,2122,16445,2021-10-02 14:00:00,Newcastle United,Wolverhampton Wanderers,away,0.865217,1.15849,1.0,2.0
ENG-Premier League,2122,16452,2021-10-17 15:30:00,Newcastle United,Tottenham,home,0.645658,1.55008,2.0,3.0
ENG-Premier League,2122,16460,2021-10-23 14:00:00,Newcastle United,Crystal Palace,away,0.721813,2.25588,1.0,1.0
ENG-Premier League,2122,16471,2021-10-30 14:00:00,Newcastle United,Chelsea,home,0.157616,2.16608,0.0,3.0
ENG-Premier League,2122,16478,2021-11-06 17:30:00,Newcastle United,Brighton,away,0.227321,1.43123,1.0,1.0
ENG-Premier League,2122,16491,2021-11-20 15:00:00,Newcastle United,Brentford,home,2.18388,1.23275,3.0,3.0
ENG-Premier League,2122,16496,2021-11-27 12:30:00,Newcastle United,Arsenal,away,0.185383,2.84493,0.0,2.0
ENG-Premier League,2122,16513,2021-11-30 19:30:00,Newcastle United,Norwich,home,1.15636,1.51084,1.0,1.0
ENG-Premier League,2122,16520,2021-12-04 15:00:00,Newcastle United,Burnley,home,1.70609,0.604599,1.0,0.0
ENG-Premier League,2122,16532,2021-12-12 14:00:00,Newcastle United,Leicester,away,0.511934,2.05771,0.0,4.0
ENG-Premier League,2122,16544,2021-12-16 20:00:00,Newcastle United,Liverpool,away,0.2064,2.93912,1.0,3.0
ENG-Premier League,2122,16550,2021-12-19 14:15:00,Newcastle United,Manchester City,home,0.174208,3.64686,0.0,4.0
ENG-Premier League,2122,16561,2021-12-27 20:00:00,Newcastle United,Manchester United,home,1.26586,1.75587,1.0,1.0
ENG-Premier League,2122,16591,2022-01-15 15:00:00,Newcastle United,Watford,home,1.03855,1.49623,1.0,1.0
ENG-Premier League,2122,16601,2022-01-22 15:00:00,Newcastle United,Leeds,away,1.15904,1.12992,1.0,0.0
ENG-Premier League,2122,16612,2022-02-08 19:45:00,Newcastle United,Everton,home,2.68732,0.823607,3.0,1.0
ENG-Premier League,2122,16622,2022-02-13 14:00:00,Newcastle United,Aston Villa,home,0.527571,0.455206,1.0,0.0
ENG-Premier League,2122,16634,2022-02-19 12:30:00,Newcastle United,West Ham,away,0.932574,0.847948,1.0,1.0
ENG-Premier League,2122,16637,2022-02-26 15:00:00,Newcastle United,Brentford,away,2.25373,0.494232,2.0,0.0
ENG-Premier League,2122,16651,2022-03-05 15:00:00,Newcastle United,Brighton,home,1.58028,1.64995,2.0,1.0
ENG-Premier League,2122,16584,2022-03-10 19:30:00,Newcastle United,Southampton,away,0.812233,1.79835,2.0,1.0
ENG-Premier League,2122,16659,2022-03-13 14:00:00,Newcastle United,Chelsea,away,0.246037,1.07072,0.0,1.0
ENG-Premier League,2122,16571,2022-03-17 19:45:00,Newcastle United,Everton,away,0.75803,0.708809,0.0,1.0
ENG-Premier League,2122,16678,2022-04-03 15:30:00,Newcastle United,Tottenham,away,0.538152,3.6081,1.0,5.0
ENG-Premier League,2122,16689,2022-04-08 19:00:00,Newcastle United,Wolverhampton Wanderers,home,1.43878,0.306867,1.0,0.0
ENG-Premier League,2122,16701,2022-04-17 13:15:00,Newcastle United,Leicester,home,2.54294,0.541084,2.0,1.0
ENG-Premier League,2122,16671,2022-04-20 18:45:00,Newcastle United,Crystal Palace,home,0.767855,0.432788,1.0,0.0
ENG-Premier League,2122,16706,2022-04-23 14:00:00,Newcastle United,Norwich,away,1.87558,0.657661,3.0,0.0
ENG-Premier League,2122,16721,2022-04-30 11:30:00,Newcastle United,Liverpool,home,0.115353,2.73435,0.0,1.0
ENG-Premier League,2122,16727,2022-05-08 15:30:00,Newcastle United,Manchester City,away,0.995099,4.05613,0.0,5.0
ENG-Premier League,2122,16741,2022-05-16 19:00:00,Newcastle United,Arsenal,home,1.68299,0.492454,2.0,0.0
ENG-Premier League,2122,16749,2022-05-22 15:00:00,Newcastle United,Burnley,away,1.74291,1.49164,2.0,1.0
ENG-Premier League,2223,18206,2022-08-06 14:00:00,Newcastle United,Nottingham Forest,home,1.8591,0.235825,2.0,0.0
ENG-Premier League,2223,18213,2022-08-13 14:00:00,Newcastle United,Brighton,away,0.183952,1.60835,0.0,0.0
ENG-Premier League,2223,18230,2022-08-21 15:30:00,Newcastle United,Manchester City,home,2.2127,3.67382,3.0,3.0
ENG-Premier League,2223,18240,2022-08-28 13:00:00,Newcastle United,Wolverhampton Wanderers,away,1.93362,1.13248,1.0,1.0
ENG-Premier League,2223,18250,2022-08-31 19:00:00,Newcastle United,Liverpool,away,0.643546,1.76119,1.0,2.0
ENG-Premier League,2223,18253,2022-09-03 14:00:00,Newcastle United,Crystal Palace,home,2.90672,0.920595,0.0,0.0
ENG-Premier League,2223,18275,2022-09-17 14:00:00,Newcastle United,Bournemouth,home,1.54758,0.976948,1.0,1.0
ENG-Premier League,2223,18285,2022-10-01 14:00:00,Newcastle United,Fulham,away,4.67198,0.683701,4.0,1.0
ENG-Premier League,2223,18299,2022-10-08 14:00:00,Newcastle United,Brentford,home,2.44631,1.13466,5.0,1.0
ENG-Premier League,2223,18308,2022-10-16 13:00:00,Newcastle United,Manchester United,away,0.78815,1.41606,0.0,0.0
ENG-Premier League,2223,18319,2022-10-19 18:30:00,Newcastle United,Everton,home,1.13393,0.0609567,1.0,0.0
ENG-Premier League,2223,18329,2022-10-23 15:30:00,Newcastle United,Tottenham,away,1.1294,1.56513,2.0,1.0
ENG-Premier League,2223,18341,2022-10-29 14:00:00,Newcastle United,Aston Villa,home,4.18808,0.270814,4.0,0.0
ENG-Premier League,2223,18348,2022-11-06 14:00:00,Newcastle United,Southampton,away,1.42101,1.65228,4.0,1.0
ENG-Premier League,2223,18357,2022-11-12 17:30:00,Newcastle United,Chelsea,home,1.3601,0.359105,1.0,0.0
ENG-Premier League,2223,18369,2022-12-26 15:00:00,Newcastle United,Leicester,away,1.76382,0.31099,3.0,0.0
ENG-Premier League,2223,18377,2022-12-31 15:00:00,Newcastle United,Leeds,home,2.78846,0.517099,0.0,0.0
ENG-Premier League,2223,18382,2023-01-03 19:45:00,Newcastle United,Arsenal,away,0.959523,0.970637,0.0,0.0
ENG-Premier League,2223,18398,2023-01-15 14:00:00,Newcastle United,Fulham,home,1.96256,0.989872,1.0,0.0
ENG-Premier League,2223,18404,2023-01-21 17:30:00,Newcastle United,Crystal Palace,away,1.44384,0.333154,0.0,0.0
ENG-Premier League,2223,18418,2023-02-04 17:30:00,Newcastle United,West Ham,home,1.22883,1.27831,1.0,1.0
ENG-Premier League,2223,18423,2023-02-11 17:30:00,Newcastle United,Bournemouth,away,1.54853,1.54458,1.0,1.0
ENG-Premier League,2223,18438,2023-02-18 17:30:00,Newcastle United,Liverpool,home,1.74852,2.16549,0.0,2.0
ENG-Premier League,2223,18458,2023-03-04 12:30:00,Newcastle United,Manchester City,away,0.359809,1.34144,0.0,2.0
ENG-Premier League,2223,18469,2023-03-12 16:30:00,Newcastle United,Wolverhampton Wanderers,home,2.45527,0.709895,2.0,1.0
ENG-Premier League,2223,18479,2023-03-17 20:00:00,Newcastle United,Nottingham Forest,away,2.50027,0.531985,2.0,1.0
ENG-Premier League,2223,18489,2023-04-02 15:30:00,Newcastle United,Manchester United,home,3.33162,0.334127,2.0,0.0
ENG-Premier League,2223,18268,2023-04-05 19:00:00,Newcastle United,West Ham,away,2.84091,0.83342,5.0,1.0
ENG-Premier League,2223,18493,2023-04-08 14:00:00,Newcastle United,Brentford,away,1.02337,2.06521,2.0,1.0
ENG-Premier League,2223,18502,2023-04-15 11:30:00,Newcastle United,Aston Villa,away,0.425086,1.91802,0.0,3.0
ENG-Premier League,2223,18521,2023-04-23 13:00:00,Newcastle United,Tottenham,home,3.98532,0.883001,6.0,1.0
ENG-Premier League,2223,18522,2023-04-27 18:45:00,Newcastle United,Everton,away,2.86368,0.777008,4.0,1.0
ENG-Premier League,2223,18541,2023-04-30 13:00:00,Newcastle United,Southampton,home,3.91457,0.897175,3.0,1.0
ENG-Premier League,2223,18547,2023-05-07 15:30:00,Newcastle United,Arsenal,home,1.37224,1.29061,0.0,2.0
ENG-Premier League,2223,18558,2023-05-13 11:30:00,Newcastle United,Leeds,away,2.35118,2.01567,2.0,2.0
ENG-Premier League,2223,18449,2023-05-18 18:30:00,Newcastle United,Brighton,home,4.11359,0.593493,4.0,1.0
ENG-Premier League,2223,18567,2023-05-22 19:00:00,Newcastle United,Leicester,home,2.05089,0.0839072,0.0,0.0
ENG-Premier League,2223,18575,2023-05-28 15:30:00,Newcastle United,Chelsea,away,1.51899,2.01924,1.0,1.0
ENG-Premier League,2324,22281,2023-08-12 16:30:00,Newcastle United,Aston Villa,home,4.32208,1.486,5.0,1.0
ENG-Premier League,2324,22291,2023-08-19 19:00:00,Newcastle United,Manchester City,away,0.257154,1.22528,0.0,1.0
ENG-Premier League,2324,22304,2023-08-27 15:30:00,Newcastle United,Liverpool,home,1.62037,0.856121,1.0,2.0
ENG-Premier League,2324,21931,2023-09-02 16:30:00,Newcastle United,Brighton,away,0.90476,1.32258,1.0,3.0
ENG-Premier League,2324,21943,2023-09-16 16:30:00,Newcastle United,Brentford,home,1.50126,0.633678,1.0,0.0
ENG-Premier League,2324,21954,2023-09-24 15:30:00,Newcastle United,Sheffield United,away,5.1082,0.579392,8.0,0.0
ENG-Premier League,2324,21958,2023-09-30 14:00:00,Newcastle United,Burnley,home,3.08516,0.801849,2.0,0.0
ENG-Premier League,2324,21973,2023-10-08 13:00:00,Newcastle United,West Ham,away,1.97865,0.931345,2.0,2.0
ENG-Premier League,2324,21981,2023-10-21 14:00:00,Newcastle United,Crystal Palace,home,3.73336,1.08795,4.0,0.0
ENG-Premier League,2324,21994,2023-10-28 16:30:00,Newcastle United,Wolverhampton Wanderers,away,2.31987,0.863393,2.0,2.0
ENG-Premier League,2324,22001,2023-11-04 17:30:00,Newcastle United,Arsenal,home,1.12355,0.535473,1.0,0.0
ENG-Premier League,2324,22005,2023-11-11 17:30:00,Newcastle United,Bournemouth,away,0.306141,2.78424,0.0,2.0
ENG-Premier League,2324,22021,2023-11-25 15:00:00,Newcastle United,Chelsea,home,2.15227,0.968061,4.0,1.0
ENG-Premier League,2324,22032,2023-12-02 20:00:00,Newcastle United,Manchester United,home,2.90191,0.422674,1.0,0.0
ENG-Premier League,2324,22037,2023-12-07 19:30:00,Newcastle United,Everton,away,1.29564,2.95393,0.0,3.0
ENG-Premier League,2324,22053,2023-12-10 16:30:00,Newcastle United,Tottenham,away,1.61368,4.40118,1.0,4.0
ENG-Premier League,2324,22062,2023-12-16 15:00:00,Newcastle United,Fulham,home,4.27933,0.471042,3.0,0.0
ENG-Premier League,2324,22069,2023-12-23 15:00:00,Newcastle United,Luton,away,1.41488,1.81844,0.0,1.0
ENG-Premier League,2324,22083,2023-12-26 12:30:00,Newcastle United,Nottingham Forest,home,2.79106,3.1074,1.0,3.0
ENG-Premier League,2324,22088,2024-01-01 19:00:00,Newcastle United,Liverpool,away,0.910974,6.67151,2.0,4.0
ENG-Premier League,2324,22100,2024-01-13 17:30:00,Newcastle United,Manchester City,home,1.23638,2.55452,2.0,3.0
ENG-Premier League,2324,22105,2024-01-30 20:15:00,Newcastle United,Aston Villa,away,3.3224,1.44485,3.0,1.0
ENG-Premier League,2324,22123,2024-02-03 15:00:00,Newcastle United,Luton,home,2.37353,2.67463,4.0,4.0
ENG-Premier League,2324,22131,2024-02-10 17:30:00,Newcastle United,Nottingham Forest,away,0.511375,0.968075,3.0,2.0
ENG-Premier League,2324,22141,2024-02-17 15:00:00,Newcastle United,Bournemouth,home,2.38425,2.08098,2.0,2.0
ENG-Premier League,2324,22146,2024-02-24 20:00:00,Newcastle United,Arsenal,away,0.217373,2.59336,1.0,4.0
ENG-Premier League,2324,22161,2024-03-02 15:00:00,Newcastle United,Wolverhampton Wanderers,home,3.33495,0.507769,3.0,0.0
ENG-Premier League,2324,22169,2024-03-11 20:00:00,Newcastle United,Chelsea,away,0.568435,1.78315,2.0,3.0
ENG-Premier League,2324,22191,2024-03-30 12:30:00,Newcastle United,West Ham,home,3.80922,0.994584,4.0,3.0
ENG-Premier League,2324,22202,2024-04-02 18:30:00,Newcastle United,Everton,home,2.65009,1.69834,1.0,1.0
ENG-Premier League,2324,22209,2024-04-06 14:00:00,Newcastle United,Fulham,away,1.18012,0.834564,1.0,0.0
ENG-Premier League,2324,22222,2024-04-13 11:30:00,Newcastle United,Tottenham,home,3.1483,0.737596,4.0,0.0
ENG-Premier League,2324,22178,2024-04-24 19:00:00,Newcastle United,Crystal Palace,away,0.55129,1.43661,0.0,2.0
ENG-Premier League,2324,22240,2024-04-27 14:00:00,Newcastle United,Sheffield United,home,2.93477,1.82408,5.0,1.0
ENG-Premier League,2324,22248,2024-05-04 14:00:00,Newcastle United,Burnley,away,4.25643,1.28632,4.0,1.0
ENG-Premier League,2324,22260,2024-05-11 14:00:00,Newcastle United,Brighton,home,2.45163,1.91556,1.0,1.0
ENG-Premier League,2324,22231,2024-05-15 19:00:00,Newcastle United,Manchester United,away,2.27657,1.49706,2.0,3.0
ENG-Premier League,2324,22266,2024-05-19 15:00:00,Newcastle United,Brentford,away,3.65044,1.70157,4.0,2.0
ENG-Premier League,2425,26606,2024-08-17 14:00:00,Newcastle United,Southampton,home,0.433489,1.95483,1.0,0.0
ENG-Premier League,2425,26620,2024-08-25 13:00:00,Newcastle United,Bournemouth,away,1.89287,2.53513,1.0,1.0
ENG-Premier League,2425,26629,2024-09-01 12:30:00,Newcastle United,Tottenham,home,1.58694,1.63304,2.0,1.0
ENG-Premier League,2425,26641,2024-09-15 15:30:00,Newcastle United,Wolverhampton Wanderers,away,1.48343,1.46969,2.0,1.0
ENG-Premier League,2425,26646,2024-09-21 14:00:00,Newcastle United,Fulham,away,1.09768,3.21141,1.0,3.0
ENG-Premier League,2425,26652,2024-09-28 11:30:00,Newcastle United,Manchester City,home,1.34344,1.26516,1.0,1.0
ENG-Premier League,2425,26669,2024-10-05 16:30:00,Newcastle United,Everton,away,1.79048,0.692214,0.0,0.0
ENG-Premier League,2425,26676,2024-10-19 14:00:00,Newcastle United,Brighton,home,1.93657,1.6779,0.0,1.0
ENG-Premier League,2425,26688,2024-10-27 14:00:00,Newcastle United,Chelsea,away,1.74225,1.61794,1.0,2.0
ENG-Premier League,2425,26694,2024-11-02 12:30:00,Newcastle United,Arsenal,home,0.859715,0.911305,1.0,0.0
ENG-Premier League,2425,26704,2024-11-10 14:00:00,Newcastle United,Nottingham Forest,away,1.86904,1.17852,3.0,1.0
ENG-Premier League,2425,26713,2024-11-25 20:00:00,Newcastle United,West Ham,home,1.49781,0.942824,0.0,2.0
ENG-Premier League,2425,26725,2024-11-30 15:00:00,Newcastle United,Crystal Palace,away,0.020989,2.29595,1.0,1.0
ENG-Premier League,2425,26740,2024-12-04 19:30:00,Newcastle United,Liverpool,home,1.52057,2.22766,3.0,3.0
ENG-Premier League,2425,26743,2024-12-07 15:00:00,Newcastle United,Brentford,away,1.95645,1.746,2.0,4.0
ENG-Premier League,2425,26760,2024-12-14 15:00:00,Newcastle United,Leicester,home,3.95461,0.186759,4.0,0.0
ENG-Premier League,2425,26771,2024-12-21 15:00:00,Newcastle United,Ipswich,away,3.23386,1.06427,4.0,0.0
ENG-Premier League,2425,26778,2024-12-26 15:00:00,Newcastle United,Aston Villa,home,2.82867,0.225522,3.0,0.0
ENG-Premier League,2425,26789,2024-12-30 20:00:00,Newcastle United,Manchester United,away,2.2424,1.00073,2.0,0.0
ENG-Premier League,2425,26800,2025-01-04 12:30:00,Newcastle United,Tottenham,away,2.42963,1.00333,2.0,1.0
ENG-Premier League,2425,26810,2025-01-15 19:30:00,Newcastle United,Wolverhampton Wanderers,home,2.13327,1.47433,3.0,0.0
ENG-Premier League,2425,26819,2025-01-18 12:30:00,Newcastle United,Bournemouth,home,0.837801,2.70174,1.0,4.0
ENG-Premier League,2425,26829,2025-01-25 15:00:00,Newcastle United,Southampton,away,3.08319,0.825621,3.0,1.0
ENG-Premier League,2425,26839,2025-02-01 15:00:00,Newcastle United,Fulham,home,1.22716,1.60881,1.0,2.0
ENG-Premier League,2425,26848,2025-02-15 15:00:00,Newcastle United,Manchester City,away,0.157211,2.12004,0.0,4.0
ENG-Premier League,2425,26860,2025-02-23 14:00:00,Newcastle United,Nottingham Forest,home,3.45858,2.38603,4.0,3.0
ENG-Premier League,2425,26870,2025-02-26 20:15:00,Newcastle United,Liverpool,away,0.45882,1.40027,0.0,2.0
ENG-Premier League,2425,26880,2025-03-10 20:00:00,Newcastle United,West Ham,away,1.62976,0.823986,1.0,0.0
ENG-Premier League,2425,26899,2025-04-02 19:45:00,Newcastle United,Brentford,home,2.26584,1.53201,2.0,1.0
ENG-Premier League,2425,26908,2025-04-07 19:00:00,Newcastle United,Leicester,away,3.44111,0.354575,3.0,0.0
ENG-Premier League,2425,26918,2025-04-13 15:30:00,Newcastle United,Manchester United,home,2.6383,0.786568,4.0,1.0
ENG-Premier League,2425,26890,2025-04-16 18:30:00,Newcastle United,Crystal Palace,home,2.32947,2.37548,5.0,0.0
ENG-Premier League,2425,26922,2025-04-19 16:30:00,Newcastle United,Aston Villa,away,1.27176,3.05371,1.0,4.0
ENG-Premier League,2425,26938,2025-04-26 14:00:00,Newcastle United,Ipswich,home,4.11539,0.127203,3.0,0.0
ENG-Premier League,2425,26944,2025-05-04 13:00:00,Newcastle United,Brighton,away,1.63777,0.687863,1.0,1.0
ENG-Premier League,2425,26957,2025-05-11 11:00:00,Newcastle United,Chelsea,home,1.6703,0.646426,2.0,0.0
ENG-Premier League,2425,26962,2025-05-18 15:30:00,Newcastle United,Arsenal,away,2.24634,1.15958,0.0,1.0
ENG-Premier League,2425,26973,2025-05-25 15:00:00,Newcastle United,Everton,home,1.1591,1.07279,0.0,1.0
ENG-Premier League,2526,28779,2025-08-16 11:30:00,Newcastle United,Aston Villa,away,1.40098,0.318601,0.0,0.0
ENG-Premier League,2526,28797,2025-08-25 19:00:00,Newcastle United,Liverpool,home,1.96342,0.646559,2.0,3.0
ENG-Premier League,2526,28803,2025-08-30 16:30:00,Newcastle United,Leeds,away,0.303635,0.6773,0.0,0.0
ENG-Premier League,2526,28809,2025-09-13 14:00:00,Newcastle United,Wolverhampton Wanderers,home,1.19186,0.375942,1.0,0.0
ENG-Premier League,2526,28823,2025-09-21 13:00:00,Newcastle United,Bournemouth,away,0.153629,0.55066,0.0,0.0
ENG-Premier League,2526,28836,2025-09-28 15:30:00,Newcastle United,Arsenal,home,0.739851,2.07048,1.0,2.0
ENG-Premier League,2526,28846,2025-10-05 13:00:00,Newcastle United,Nottingham Forest,home,3.81662,0.337689,2.0,0.0
ENG-Premier League,2526,28848,2025-10-18 14:00:00,Newcastle United,Brighton,away,1.28313,0.857104,1.0,2.0
ENG-Premier League,2526,28866,2025-10-25 14:00:00,Newcastle United,Fulham,home,2.76806,1.52001,2.0,1.0
ENG-Premier League,2526,28877,2025-11-02 14:00:00,Newcastle United,West Ham,away,0.523615,1.41383,1.0,3.0
ENG-Premier League,2526,28879,2025-11-09 14:00:00,Newcastle United,Brentford,away,0.432277,2.73729,1.0,3.0
ENG-Premier League,2526,28896,2025-11-22 17:30:00,Newcastle United,Manchester City,home,2.40555,2.45648,2.0,1.0
ENG-Premier League,2526,28902,2025-11-29 17:30:00,Newcastle United,Everton,away,2.45882,1.01125,4.0,1.0
ENG-Premier League,2526,28916,2025-12-02 20:15:00,Newcastle United,Tottenham,home,1.88558,1.05205,2.0,2.0
ENG-Premier League,2526,28925,2025-12-06 15:00:00,Newcastle United,Burnley,home,1.80708,1.58375,2.0,1.0
ENG-Premier League,2526,28936,2025-12-14 14:00:00,Newcastle United,Sunderland,away,0.169329,0.630045,0.0,1.0
ENG-Premier League,2526,28945,2025-12-20 12:30:00,Newcastle United,Chelsea,home,2.87863,1.0261,2.0,2.0
ENG-Premier League,2526,28954,2025-12-26 20:00:00,Newcastle United,Manchester United,away,1.12998,0.940811,0.0,1.0
ENG-Premier League,2526,28960,2025-12-30 19:30:00,Newcastle United,Burnley,away,2.49248,1.32551,3.0,1.0
ENG-Premier League,2526,28968,2026-01-04 15:00:00,Newcastle United,Crystal Palace,home,2.72764,1.27825,2.0,0.0
ENG-Premier League,2526,28986,2026-01-07 20:15:00,Newcastle United,Leeds,home,2.43495,2.35318,4.0,3.0
ENG-Premier League,2526,28997,2026-01-18 14:00:00,Newcastle United,Wolverhampton Wanderers,away,0.813313,0.390216,0.0,0.0
ENG-Premier League,2526,29006,2026-01-25 14:00:00,Newcastle United,Aston Villa,home,1.95484,1.32143,0.0,2.0
ENG-Premier League,2526,29014,2026-01-31 20:00:00,Newcastle United,Liverpool,away,0.284319,3.09973,1.0,4.0
ENG-Premier League,2526,29026,2026-02-07 17:30:00,Newcastle United,Brentford,home,3.3215,1.65022,2.0,3.0
ENG-Premier League,2526,29036,2026-02-10 19:30:00,Newcastle United,Tottenham,away,2.46991,1.68925,2.0,1.0
ENG-Premier League,2526,29043,2026-02-21 20:00:00,Newcastle United,Manchester City,away,0.507954,2.22648,1.0,2.0
ENG-Premier League,2526,29056,2026-02-28 15:00:00,Newcastle United,Everton,home,1.11889,2.40731,2.0,3.0
ENG-Premier League,2526,29065,2026-03-04 20:15:00,Newcastle United,Manchester United,home,1.96637,1.80571,2.0,1.0
ENG-Premier League,2526,29071,2026-03-14 17:30:00,Newcastle United,Chelsea,away,1.03251,1.72508,1.0,0.0
ENG-Premier League,2526,29085,2026-03-22 12:00:00,Newcastle United,Sunderland,home,1.26705,2.66657,1.0,2.0
ENG-Premier League,2526,29096,2026-04-12 13:00:00,Newcastle United,Crystal Palace,away,1.27299,3.13933,1.0,2.0
ENG-Premier League,2526,29105,2026-04-18 14:00:00,Newcastle United,Bournemouth,home,1.61167,3.36662,1.0,2.0
ENG-Premier League,2526,29109,2026-04-25 16:30:00,Newcastle United,Arsenal,away,0.868897,0.639189,0.0,1.0
ENG-Premier League,2526,29126,2026-05-02 15:00:00,Newcastle United,Brighton,home,3.12933,1.87112,3.0,1.0
ENG-Premier League,2526,29134,2026-05-10 14:00:00,Newcastle United,Nottingham Forest,away,1.65067,1.46434,1.0,1.0
ENG-Premier League,2526,29146,2026-05-17 17:30:00,Newcastle United,West Ham,home,2.1336,0.957771,3.0,1.0
ENG-Premier League,2526,29151,2026-05-24 15:00:00,Newcastle United,Fulham,away,0.24232,1.72878,0.0,2.0
ENG-Premier League,1920,11643,2019-08-09 20:00:00,Norwich,Liverpool,away,0.842407,2.23456,1.0,4.0
ENG-Premier League,1920,11657,2019-08-17 15:00:00,Norwich,Newcastle United,home,2.09572,0.920429,3.0,1.0
ENG-Premier League,1920,11664,2019-08-24 12:30:00,Norwich,Chelsea,home,1.07904,1.89428,2.0,3.0
ENG-Premier League,1920,11674,2019-08-31 15:00:00,Norwich,West Ham,away,1.1674,2.20657,0.0,2.0
ENG-Premier League,1920,11689,2019-09-14 16:30:00,Norwich,Manchester City,home,1.7413,2.34436,3.0,2.0
ENG-Premier League,1920,11696,2019-09-21 14:00:00,Norwich,Burnley,away,0.801428,2.39312,0.0,2.0
ENG-Premier League,1920,11709,2019-09-28 14:00:00,Norwich,Crystal Palace,away,0.712129,1.80497,0.0,2.0
ENG-Premier League,1920,11717,2019-10-05 15:00:00,Norwich,Aston Villa,home,1.84838,3.67827,1.0,5.0
ENG-Premier League,1920,11724,2019-10-19 15:00:00,Norwich,Bournemouth,away,0.402873,0.675554,0.0,0.0
ENG-Premier League,1920,11739,2019-10-27 16:30:00,Norwich,Manchester United,home,0.8924,4.51232,1.0,3.0
ENG-Premier League,1920,11746,2019-11-02 15:00:00,Norwich,Brighton,away,0.455082,2.65496,0.0,2.0
ENG-Premier League,1920,11757,2019-11-08 20:00:00,Norwich,Watford,home,0.62104,1.36017,0.0,2.0
ENG-Premier League,1920,11768,2019-11-23 15:00:00,Norwich,Everton,away,1.80849,0.812693,2.0,0.0
ENG-Premier League,1920,11781,2019-12-01 14:00:00,Norwich,Arsenal,home,0.810596,1.96157,2.0,2.0
ENG-Premier League,1920,11790,2019-12-04 19:30:00,Norwich,Southampton,away,0.896647,2.00232,1.0,2.0
ENG-Premier League,1920,11799,2019-12-08 14:00:00,Norwich,Sheffield United,home,0.585805,0.712899,1.0,2.0
ENG-Premier League,1920,11807,2019-12-14 15:00:00,Norwich,Leicester,away,1.16408,1.06421,1.0,1.0
ENG-Premier League,1920,11819,2019-12-21 15:00:00,Norwich,Wolverhampton Wanderers,home,1.26536,1.65224,1.0,2.0
ENG-Premier League,1920,11823,2019-12-26 15:00:00,Norwich,Aston Villa,away,1.45005,0.654194,0.0,1.0
ENG-Premier League,1920,11839,2019-12-28 17:30:00,Norwich,Tottenham,home,0.268052,1.82189,2.0,2.0
ENG-Premier League,1920,11850,2020-01-01 17:30:00,Norwich,Crystal Palace,home,1.66454,1.29896,1.0,1.0
ENG-Premier League,1920,11862,2020-01-11 15:00:00,Norwich,Manchester United,away,0.275987,3.13456,0.0,4.0
ENG-Premier League,1920,11869,2020-01-18 15:00:00,Norwich,Bournemouth,home,1.76046,0.558298,1.0,0.0
ENG-Premier League,1920,11880,2020-01-22 19:30:00,Norwich,Tottenham,away,1.42472,2.22282,1.0,2.0
ENG-Premier League,1920,11889,2020-02-01 15:00:00,Norwich,Newcastle United,away,2.39985,0.937293,0.0,0.0
ENG-Premier League,1920,11899,2020-02-15 17:30:00,Norwich,Liverpool,home,0.383495,2.07331,0.0,1.0
ENG-Premier League,1920,11912,2020-02-23 14:00:00,Norwich,Wolverhampton Wanderers,away,0.360646,3.25033,0.0,3.0
ENG-Premier League,1920,11919,2020-02-28 20:00:00,Norwich,Leicester,home,0.591716,1.42581,1.0,0.0
ENG-Premier League,1920,11929,2020-03-07 15:00:00,Norwich,Sheffield United,away,2.55449,1.17263,0.0,1.0
ENG-Premier League,1920,11937,2020-06-19 17:00:00,Norwich,Southampton,home,0.654932,1.87099,0.0,3.0
ENG-Premier League,1920,11948,2020-06-24 17:00:00,Norwich,Everton,home,0.382813,0.654912,0.0,1.0
ENG-Premier League,1920,11953,2020-07-01 17:00:00,Norwich,Arsenal,away,0.153871,1.76496,0.0,4.0
ENG-Premier League,1920,11969,2020-07-04 11:30:00,Norwich,Brighton,home,0.545069,0.903046,0.0,1.0
ENG-Premier League,1920,11981,2020-07-07 17:00:00,Norwich,Watford,away,1.13378,0.725199,1.0,2.0
ENG-Premier League,1920,11988,2020-07-11 11:30:00,Norwich,West Ham,home,0.613251,3.81088,0.0,4.0
ENG-Premier League,1920,11995,2020-07-14 19:15:00,Norwich,Chelsea,away,0.0631109,3.05119,0.0,1.0
ENG-Premier League,1920,12008,2020-07-18 16:30:00,Norwich,Burnley,home,0.576602,1.8233,0.0,2.0
ENG-Premier League,1920,12017,2020-07-26 15:00:00,Norwich,Manchester City,away,0.786563,3.56749,0.0,5.0
ENG-Premier League,2122,16383,2021-08-14 16:30:00,Norwich,Liverpool,home,1.3333,1.78728,0.0,3.0
ENG-Premier League,2122,16387,2021-08-21 14:00:00,Norwich,Manchester City,away,0.0250088,2.43928,0.0,5.0
ENG-Premier League,2122,16398,2021-08-28 14:00:00,Norwich,Leicester,home,1.44084,1.27371,1.0,2.0
ENG-Premier League,2122,16407,2021-09-11 14:00:00,Norwich,Arsenal,away,0.577292,2.68515,0.0,1.0
ENG-Premier League,2122,16418,2021-09-18 14:00:00,Norwich,Watford,home,0.782665,2.42487,1.0,3.0
ENG-Premier League,2122,16428,2021-09-25 14:00:00,Norwich,Everton,away,0.800903,2.26681,0.0,2.0
ENG-Premier League,2122,16437,2021-10-02 14:00:00,Norwich,Burnley,away,0.673617,0.584725,0.0,0.0
ENG-Premier League,2122,16453,2021-10-16 14:00:00,Norwich,Brighton,home,1.16088,1.17572,0.0,0.0
ENG-Premier League,2122,16459,2021-10-23 11:30:00,Norwich,Chelsea,away,0.267429,3.10509,0.0,7.0
ENG-Premier League,2122,16472,2021-10-31 14:00:00,Norwich,Leeds,home,0.661887,1.16855,1.0,2.0
ENG-Premier League,2122,16477,2021-11-06 15:00:00,Norwich,Brentford,away,1.15797,2.79229,2.0,1.0
ENG-Premier League,2122,16492,2021-11-20 15:00:00,Norwich,Southampton,home,0.43778,1.13118,2.0,1.0
ENG-Premier League,2122,16505,2021-11-27 15:00:00,Norwich,Wolverhampton Wanderers,home,1.4047,0.297157,0.0,0.0
ENG-Premier League,2122,16513,2021-11-30 19:30:00,Norwich,Newcastle United,away,1.51084,1.15636,1.0,1.0
ENG-Premier League,2122,16522,2021-12-05 14:00:00,Norwich,Tottenham,away,1.06562,2.00668,0.0,3.0
ENG-Premier League,2122,16535,2021-12-11 17:30:00,Norwich,Manchester United,home,0.986107,2.09817,0.0,1.0
ENG-Premier League,2122,16541,2021-12-14 19:45:00,Norwich,Aston Villa,home,0.502647,1.96261,0.0,2.0
ENG-Premier League,2122,16562,2021-12-26 15:00:00,Norwich,Arsenal,home,0.154212,2.87539,0.0,5.0
ENG-Premier League,2122,16570,2021-12-28 15:00:00,Norwich,Crystal Palace,away,0.594134,2.38978,0.0,3.0
ENG-Premier League,2122,16554,2022-01-12 21:45:00,Norwich,West Ham,away,0.343347,2.89217,0.0,2.0
ENG-Premier League,2122,16592,2022-01-15 15:00:00,Norwich,Everton,home,1.00153,0.541027,2.0,1.0
ENG-Premier League,2122,16605,2022-01-21 20:00:00,Norwich,Watford,away,0.925212,1.30606,3.0,0.0
ENG-Premier League,2122,16609,2022-02-09 19:45:00,Norwich,Crystal Palace,home,0.296411,1.22883,1.0,1.0
ENG-Premier League,2122,16623,2022-02-12 17:30:00,Norwich,Manchester City,home,0.356755,4.44653,0.0,4.0
ENG-Premier League,2122,16631,2022-02-19 15:00:00,Norwich,Liverpool,away,0.66975,3.15449,1.0,3.0
ENG-Premier League,2122,16644,2022-02-25 20:00:00,Norwich,Southampton,away,0.424877,3.08863,0.0,2.0
ENG-Premier League,2122,16652,2022-03-05 15:00:00,Norwich,Brentford,home,0.77334,2.22064,1.0,3.0
ENG-Premier League,2122,16672,2022-03-10 19:30:00,Norwich,Chelsea,home,0.965723,2.1308,1.0,3.0
ENG-Premier League,2122,16662,2022-03-13 14:00:00,Norwich,Leeds,away,1.40148,3.11755,1.0,2.0
ENG-Premier League,2122,16685,2022-04-02 14:00:00,Norwich,Brighton,away,0.494112,2.38297,0.0,0.0
ENG-Premier League,2122,16688,2022-04-10 13:00:00,Norwich,Burnley,home,1.6723,1.44652,2.0,0.0
ENG-Premier League,2122,16702,2022-04-16 14:00:00,Norwich,Manchester United,away,1.79754,1.66737,2.0,3.0
ENG-Premier League,2122,16706,2022-04-23 14:00:00,Norwich,Newcastle United,home,0.657661,1.87558,0.0,3.0
ENG-Premier League,2122,16725,2022-04-30 14:00:00,Norwich,Aston Villa,away,0.352212,2.31192,0.0,2.0
ENG-Premier League,2122,16726,2022-05-08 13:00:00,Norwich,West Ham,home,0.77895,3.25894,0.0,4.0
ENG-Premier League,2122,16582,2022-05-11 18:45:00,Norwich,Leicester,away,1.21966,2.57058,0.0,3.0
ENG-Premier League,2122,16736,2022-05-15 13:00:00,Norwich,Wolverhampton Wanderers,away,1.53212,0.999066,1.0,1.0
ENG-Premier League,2122,16755,2022-05-22 15:00:00,Norwich,Tottenham,home,0.310789,3.815,0.0,5.0
ENG-Premier League,2223,18206,2022-08-06 14:00:00,Nottingham Forest,Newcastle United,away,0.235825,1.8591,0.0,2.0
ENG-Premier League,2223,18219,2022-08-14 13:00:00,Nottingham Forest,West Ham,home,1.9717,2.08634,1.0,0.0
ENG-Premier League,2223,18224,2022-08-20 14:00:00,Nottingham Forest,Everton,away,0.918315,1.43408,1.0,1.0
ENG-Premier League,2223,18241,2022-08-28 15:30:00,Nottingham Forest,Tottenham,home,0.801369,2.44473,0.0,2.0
ENG-Premier League,2223,18246,2022-08-31 18:30:00,Nottingham Forest,Manchester City,away,0.729752,3.83759,0.0,6.0
ENG-Premier League,2223,18254,2022-09-03 14:00:00,Nottingham Forest,Bournemouth,home,1.32895,0.905041,2.0,3.0
ENG-Premier League,2223,18273,2022-09-16 19:00:00,Nottingham Forest,Fulham,home,1.41541,1.3496,2.0,3.0
ENG-Premier League,2223,18287,2022-10-03 19:00:00,Nottingham Forest,Leicester,away,1.22169,1.2497,0.0,4.0
ENG-Premier League,2223,18300,2022-10-10 19:00:00,Nottingham Forest,Aston Villa,home,0.221346,0.657187,1.0,1.0
ENG-Premier League,2223,18311,2022-10-15 14:00:00,Nottingham Forest,Wolverhampton Wanderers,away,1.24761,1.22368,0.0,1.0
ENG-Premier League,2223,18315,2022-10-18 18:30:00,Nottingham Forest,Brighton,away,0.195003,2.10188,0.0,0.0
ENG-Premier League,2223,18327,2022-10-22 11:30:00,Nottingham Forest,Liverpool,home,2.50163,2.19752,1.0,0.0
ENG-Premier League,2223,18332,2022-10-30 14:00:00,Nottingham Forest,Arsenal,away,0.206127,3.00699,0.0,5.0
ENG-Premier League,2223,18347,2022-11-05 15:00:00,Nottingham Forest,Brentford,home,1.29696,1.2204,2.0,2.0
ENG-Premier League,2223,18358,2022-11-12 15:00:00,Nottingham Forest,Crystal Palace,home,1.23752,1.14552,1.0,0.0
ENG-Premier League,2223,18370,2022-12-27 20:00:00,Nottingham Forest,Manchester United,away,0.477076,2.13668,0.0,3.0
ENG-Premier League,2223,18378,2023-01-01 16:30:00,Nottingham Forest,Chelsea,home,0.985219,1.37305,1.0,1.0
ENG-Premier League,2223,18391,2023-01-04 19:30:00,Nottingham Forest,Southampton,away,1.22324,0.62937,1.0,0.0
ENG-Premier League,2223,18399,2023-01-14 15:00:00,Nottingham Forest,Leicester,home,1.75313,0.803421,2.0,0.0
ENG-Premier League,2223,18403,2023-01-21 15:00:00,Nottingham Forest,Bournemouth,away,1.57544,1.80549,1.0,1.0
ENG-Premier League,2223,18419,2023-02-05 14:00:00,Nottingham Forest,Leeds,home,0.3325,1.12331,1.0,0.0
ENG-Premier League,2223,18425,2023-02-11 15:00:00,Nottingham Forest,Fulham,away,0.686824,1.69704,0.0,2.0
ENG-Premier League,2223,18439,2023-02-18 15:00:00,Nottingham Forest,Manchester City,home,1.12735,2.80966,1.0,1.0
ENG-Premier League,2223,18451,2023-02-25 15:00:00,Nottingham Forest,West Ham,away,0.350849,3.05032,0.0,4.0
ENG-Premier League,2223,18459,2023-03-05 14:00:00,Nottingham Forest,Everton,home,0.799733,1.70877,2.0,2.0
ENG-Premier League,2223,18470,2023-03-11 15:00:00,Nottingham Forest,Tottenham,away,1.62805,1.73482,1.0,3.0
ENG-Premier League,2223,18479,2023-03-17 20:00:00,Nottingham Forest,Newcastle United,home,0.531985,2.50027,1.0,2.0
ENG-Premier League,2223,18490,2023-04-01 14:00:00,Nottingham Forest,Wolverhampton Wanderers,home,1.11441,0.383739,1.0,1.0
ENG-Premier League,2223,18271,2023-04-04 18:45:00,Nottingham Forest,Leeds,away,0.613917,2.43248,1.0,2.0
ENG-Premier League,2223,18492,2023-04-08 14:00:00,Nottingham Forest,Aston Villa,away,0.232452,1.42718,0.0,2.0
ENG-Premier League,2223,18507,2023-04-16 15:30:00,Nottingham Forest,Manchester United,home,1.05289,3.33747,0.0,2.0
ENG-Premier League,2223,18519,2023-04-22 14:00:00,Nottingham Forest,Liverpool,away,0.724666,3.32745,2.0,3.0
ENG-Premier League,2223,18524,2023-04-26 18:30:00,Nottingham Forest,Brighton,home,2.43846,2.33064,3.0,1.0
ENG-Premier League,2223,18534,2023-04-29 14:00:00,Nottingham Forest,Brentford,away,0.939693,1.32059,1.0,2.0
ENG-Premier League,2223,18548,2023-05-08 19:00:00,Nottingham Forest,Southampton,home,1.91326,3.31096,4.0,3.0
ENG-Premier League,2223,18555,2023-05-13 14:00:00,Nottingham Forest,Chelsea,away,1.96797,0.999181,2.0,2.0
ENG-Premier League,2223,18568,2023-05-20 16:30:00,Nottingham Forest,Arsenal,home,1.1397,0.4902,1.0,0.0
ENG-Premier League,2223,18576,2023-05-28 15:30:00,Nottingham Forest,Crystal Palace,away,0.436439,1.00786,1.0,1.0
ENG-Premier League,2324,22276,2023-08-12 11:30:00,Nottingham Forest,Arsenal,away,0.966305,0.84262,1.0,2.0
ENG-Premier League,2324,22285,2023-08-18 18:45:00,Nottingham Forest,Sheffield United,home,1.37181,0.551038,2.0,1.0
ENG-Premier League,2324,22300,2023-08-26 14:00:00,Nottingham Forest,Manchester United,away,0.960354,3.02803,2.0,3.0
ENG-Premier League,2324,21930,2023-09-02 14:00:00,Nottingham Forest,Chelsea,away,1.1505,2.28442,1.0,0.0
ENG-Premier League,2324,21944,2023-09-18 18:45:00,Nottingham Forest,Burnley,home,0.705795,0.807651,1.0,1.0
ENG-Premier League,2324,21946,2023-09-23 14:00:00,Nottingham Forest,Manchester City,away,0.729109,1.33984,0.0,2.0
ENG-Premier League,2324,21963,2023-10-01 13:00:00,Nottingham Forest,Brentford,home,0.800317,1.75862,1.0,1.0
ENG-Premier League,2324,21968,2023-10-07 16:30:00,Nottingham Forest,Crystal Palace,away,1.22105,0.982452,0.0,0.0
ENG-Premier League,2324,21982,2023-10-21 14:00:00,Nottingham Forest,Luton,home,3.27549,1.49555,2.0,2.0
ENG-Premier League,2324,21991,2023-10-29 14:00:00,Nottingham Forest,Liverpool,away,0.642014,2.70428,0.0,3.0
ENG-Premier League,2324,22002,2023-11-05 14:00:00,Nottingham Forest,Aston Villa,home,0.592447,1.33116,2.0,0.0
ENG-Premier League,2324,22013,2023-11-12 14:00:00,Nottingham Forest,West Ham,away,1.42128,2.06402,2.0,3.0
ENG-Premier League,2324,22022,2023-11-25 15:00:00,Nottingham Forest,Brighton,home,2.22655,1.21792,2.0,3.0
ENG-Premier League,2324,22033,2023-12-02 17:30:00,Nottingham Forest,Everton,home,0.673085,0.623789,0.0,1.0
ENG-Premier League,2324,22038,2023-12-06 19:30:00,Nottingham Forest,Fulham,away,0.218659,3.09427,0.0,5.0
ENG-Premier League,2324,22054,2023-12-09 15:00:00,Nottingham Forest,Wolverhampton Wanderers,away,1.21801,1.02199,1.0,1.0
ENG-Premier League,2324,22063,2023-12-15 20:00:00,Nottingham Forest,Tottenham,home,1.70569,1.60738,0.0,2.0
ENG-Premier League,2324,22070,2023-12-23 15:00:00,Nottingham Forest,Bournemouth,home,0.791806,1.89067,2.0,3.0
ENG-Premier League,2324,22083,2023-12-26 12:30:00,Nottingham Forest,Newcastle United,away,3.1074,2.79106,3.0,1.0
ENG-Premier League,2324,22091,2023-12-30 17:30:00,Nottingham Forest,Manchester United,home,0.744348,0.651905,2.0,1.0
ENG-Premier League,2324,22104,2024-01-20 17:30:00,Nottingham Forest,Brentford,away,1.22251,1.94219,2.0,3.0
ENG-Premier League,2324,22108,2024-01-30 19:30:00,Nottingham Forest,Arsenal,home,0.631618,1.39143,1.0,2.0
ENG-Premier League,2324,22115,2024-02-04 14:00:00,Nottingham Forest,Bournemouth,away,0.456548,1.1895,1.0,1.0
ENG-Premier League,2324,22131,2024-02-10 17:30:00,Nottingham Forest,Newcastle United,home,0.968075,0.511375,2.0,3.0
ENG-Premier League,2324,22142,2024-02-17 15:00:00,Nottingham Forest,West Ham,home,2.66942,0.520016,2.0,0.0
ENG-Premier League,2324,22147,2024-02-24 15:00:00,Nottingham Forest,Aston Villa,away,2.25569,3.48861,2.0,4.0
ENG-Premier League,2324,22162,2024-03-02 15:00:00,Nottingham Forest,Liverpool,home,0.971466,1.32259,0.0,1.0
ENG-Premier League,2324,22168,2024-03-10 14:00:00,Nottingham Forest,Brighton,away,0.687034,0.534518,0.0,1.0
ENG-Premier League,2324,22181,2024-03-16 15:00:00,Nottingham Forest,Luton,away,1.95268,0.853782,1.0,1.0
ENG-Premier League,2324,22192,2024-03-30 15:00:00,Nottingham Forest,Crystal Palace,home,0.784652,0.900972,1.0,1.0
ENG-Premier League,2324,22198,2024-04-02 18:30:00,Nottingham Forest,Fulham,home,1.94619,1.04304,3.0,1.0
ENG-Premier League,2324,22213,2024-04-07 19:00:00,Nottingham Forest,Tottenham,away,2.00122,1.61978,1.0,3.0
ENG-Premier League,2324,22223,2024-04-13 14:00:00,Nottingham Forest,Wolverhampton Wanderers,home,1.76244,1.45688,2.0,2.0
ENG-Premier League,2324,22228,2024-04-21 12:30:00,Nottingham Forest,Everton,away,1.18916,0.473233,0.0,2.0
ENG-Premier League,2324,22242,2024-04-28 15:30:00,Nottingham Forest,Manchester City,home,2.17312,0.932063,0.0,2.0
ENG-Premier League,2324,22254,2024-05-04 14:00:00,Nottingham Forest,Sheffield United,away,1.93818,2.48986,3.0,1.0
ENG-Premier League,2324,22261,2024-05-11 16:30:00,Nottingham Forest,Chelsea,home,2.44569,2.41068,2.0,3.0
ENG-Premier League,2324,22268,2024-05-19 15:00:00,Nottingham Forest,Burnley,away,1.57962,1.08222,2.0,1.0
ENG-Premier League,2425,26607,2024-08-17 14:00:00,Nottingham Forest,Bournemouth,home,1.24405,1.90915,1.0,1.0
ENG-Premier League,2425,26616,2024-08-24 14:00:00,Nottingham Forest,Southampton,away,2.86475,0.214952,1.0,0.0
ENG-Premier League,2425,26627,2024-08-31 14:00:00,Nottingham Forest,Wolverhampton Wanderers,home,1.41069,0.937632,1.0,1.0
ENG-Premier League,2425,26635,2024-09-14 14:00:00,Nottingham Forest,Liverpool,away,0.589532,1.17044,1.0,0.0
ENG-Premier League,2425,26650,2024-09-22 13:00:00,Nottingham Forest,Brighton,away,1.36923,1.56836,2.0,2.0
ENG-Premier League,2425,26653,2024-09-28 14:00:00,Nottingham Forest,Fulham,home,0.614351,1.43592,0.0,1.0
ENG-Premier League,2425,26668,2024-10-06 13:00:00,Nottingham Forest,Chelsea,away,1.66654,2.27752,1.0,1.0
ENG-Premier League,2425,26677,2024-10-21 19:00:00,Nottingham Forest,Crystal Palace,home,1.88573,0.835001,1.0,0.0
ENG-Premier League,2425,26682,2024-10-25 19:00:00,Nottingham Forest,Leicester,away,2.54488,0.832415,3.0,1.0
ENG-Premier League,2425,26698,2024-11-02 15:00:00,Nottingham Forest,West Ham,home,2.35011,0.132317,3.0,0.0
ENG-Premier League,2425,26704,2024-11-10 14:00:00,Nottingham Forest,Newcastle United,home,1.17852,1.86904,1.0,3.0
ENG-Premier League,2425,26714,2024-11-23 15:00:00,Nottingham Forest,Arsenal,away,0.403136,1.66016,0.0,3.0
ENG-Premier League,2425,26728,2024-11-30 15:00:00,Nottingham Forest,Ipswich,home,1.76587,0.462771,1.0,0.0
ENG-Premier League,2425,26739,2024-12-04 19:30:00,Nottingham Forest,Manchester City,away,0.802155,3.20169,0.0,3.0
ENG-Premier League,2425,26744,2024-12-07 17:30:00,Nottingham Forest,Manchester United,away,0.651217,1.4697,3.0,2.0
ENG-Premier League,2425,26761,2024-12-14 17:30:00,Nottingham Forest,Aston Villa,home,2.2861,0.389423,2.0,1.0
ENG-Premier League,2425,26766,2024-12-21 15:00:00,Nottingham Forest,Brentford,away,0.964897,0.769004,2.0,0.0
ENG-Premier League,2425,26779,2024-12-26 15:00:00,Nottingham Forest,Tottenham,home,1.30018,1.05758,1.0,0.0
ENG-Premier League,2425,26785,2024-12-29 15:00:00,Nottingham Forest,Everton,away,2.02753,0.615191,2.0,0.0
ENG-Premier League,2425,26801,2025-01-06 20:00:00,Nottingham Forest,Wolverhampton Wanderers,away,2.57227,1.90463,3.0,0.0
ENG-Premier League,2425,26807,2025-01-14 20:00:00,Nottingham Forest,Liverpool,home,0.5292,2.72291,1.0,1.0
ENG-Premier League,2425,26820,2025-01-19 14:00:00,Nottingham Forest,Southampton,home,2.36419,1.25922,3.0,2.0
ENG-Premier League,2425,26822,2025-01-25 15:00:00,Nottingham Forest,Bournemouth,away,0.996166,2.8254,0.0,5.0
ENG-Premier League,2425,26840,2025-02-01 12:30:00,Nottingham Forest,Brighton,home,4.0677,0.756296,7.0,0.0
ENG-Premier League,2425,26845,2025-02-15 15:00:00,Nottingham Forest,Fulham,away,0.331301,2.20993,1.0,2.0
ENG-Premier League,2425,26860,2025-02-23 14:00:00,Nottingham Forest,Newcastle United,away,2.38603,3.45858,3.0,4.0
ENG-Premier League,2425,26864,2025-02-26 19:30:00,Nottingham Forest,Arsenal,home,0.508611,1.31766,0.0,0.0
ENG-Premier League,2425,26878,2025-03-08 12:30:00,Nottingham Forest,Manchester City,home,0.501476,0.721234,1.0,0.0
ENG-Premier League,2425,26887,2025-03-15 15:00:00,Nottingham Forest,Ipswich,away,1.30722,0.520839,4.0,2.0
ENG-Premier League,2425,26894,2025-04-01 20:00:00,Nottingham Forest,Manchester United,home,0.512063,1.86688,1.0,0.0
ENG-Premier League,2425,26902,2025-04-05 16:30:00,Nottingham Forest,Aston Villa,away,0.96769,2.63349,1.0,2.0
ENG-Premier League,2425,26920,2025-04-12 14:00:00,Nottingham Forest,Everton,home,0.423949,1.26036,0.0,1.0
ENG-Premier League,2425,26930,2025-04-21 19:00:00,Nottingham Forest,Tottenham,away,0.557682,2.4024,2.0,1.0
ENG-Premier League,2425,26939,2025-05-01 18:30:00,Nottingham Forest,Brentford,home,0.670607,1.52054,0.0,2.0
ENG-Premier League,2425,26949,2025-05-05 19:00:00,Nottingham Forest,Crystal Palace,away,0.63684,2.34037,1.0,1.0
ENG-Premier League,2425,26958,2025-05-11 13:15:00,Nottingham Forest,Leicester,home,1.76909,1.22949,2.0,2.0
ENG-Premier League,2425,26971,2025-05-18 13:15:00,Nottingham Forest,West Ham,away,2.14756,0.850457,2.0,1.0
ENG-Premier League,2425,26972,2025-05-25 15:00:00,Nottingham Forest,Chelsea,home,1.58014,1.30874,0.0,1.0
ENG-Premier League,2526,28785,2025-08-17 13:00:00,Nottingham Forest,Brentford,home,1.7555,1.32516,3.0,1.0
ENG-Premier League,2526,28794,2025-08-24 13:00:00,Nottingham Forest,Crystal Palace,away,1.32987,1.10188,1.0,1.0
ENG-Premier League,2526,28804,2025-08-31 13:00:00,Nottingham Forest,West Ham,home,0.716018,2.236,0.0,3.0
ENG-Premier League,2526,28808,2025-09-13 11:30:00,Nottingham Forest,Arsenal,away,0.293681,2.8817,0.0,3.0
ENG-Premier League,2526,28822,2025-09-20 14:00:00,Nottingham Forest,Burnley,away,0.830779,1.14159,1.0,1.0
ENG-Premier League,2526,28834,2025-09-27 16:30:00,Nottingham Forest,Sunderland,home,1.4203,1.94154,0.0,1.0
ENG-Premier League,2526,28846,2025-10-05 13:00:00,Nottingham Forest,Newcastle United,away,0.337689,3.81662,0.0,2.0
ENG-Premier League,2526,28854,2025-10-18 11:30:00,Nottingham Forest,Chelsea,home,2.0555,2.5583,0.0,3.0
ENG-Premier League,2526,28858,2025-10-26 13:00:00,Nottingham Forest,Bournemouth,away,0.305493,0.656601,0.0,2.0
ENG-Premier League,2526,28874,2025-11-01 15:00:00,Nottingham Forest,Manchester United,home,1.55066,0.91622,2.0,2.0
ENG-Premier League,2526,28884,2025-11-09 14:00:00,Nottingham Forest,Leeds,home,2.49097,0.419461,3.0,1.0
ENG-Premier League,2526,28894,2025-11-22 15:00:00,Nottingham Forest,Liverpool,away,1.19459,1.79273,3.0,0.0
ENG-Premier League,2526,28904,2025-11-30 14:05:00,Nottingham Forest,Brighton,home,0.960325,2.0572,0.0,2.0
ENG-Premier League,2526,28917,2025-12-03 19:30:00,Nottingham Forest,Wolverhampton Wanderers,away,1.12389,1.02461,1.0,0.0
ENG-Premier League,2526,28921,2025-12-06 15:00:00,Nottingham Forest,Everton,away,0.31234,1.25348,0.0,3.0
ENG-Premier League,2526,28935,2025-12-14 14:00:00,Nottingham Forest,Tottenham,home,2.32658,0.380246,3.0,0.0
ENG-Premier League,2526,28942,2025-12-22 20:00:00,Nottingham Forest,Fulham,away,0.486296,1.70568,0.0,1.0
ENG-Premier League,2526,28955,2025-12-27 12:30:00,Nottingham Forest,Manchester City,home,0.600141,1.46468,1.0,2.0
ENG-Premier League,2526,28965,2025-12-30 19:30:00,Nottingham Forest,Everton,home,1.75445,1.69525,0.0,2.0
ENG-Premier League,2526,28972,2026-01-03 12:30:00,Nottingham Forest,Aston Villa,away,0.8982,1.42988,1.0,3.0
ENG-Premier League,2526,28987,2026-01-06 20:00:00,Nottingham Forest,West Ham,away,1.26683,1.73697,2.0,1.0
ENG-Premier League,2526,28994,2026-01-17 17:30:00,Nottingham Forest,Arsenal,home,0.318481,2.86323,0.0,0.0
ENG-Premier League,2526,29000,2026-01-25 14:00:00,Nottingham Forest,Brentford,away,1.38958,2.00413,2.0,0.0
ENG-Premier League,2526,29013,2026-02-01 14:00:00,Nottingham Forest,Crystal Palace,home,0.987254,1.648,1.0,1.0
ENG-Premier League,2526,29023,2026-02-06 20:00:00,Nottingham Forest,Leeds,away,1.6608,3.38179,1.0,3.0
ENG-Premier League,2526,29034,2026-02-11 19:30:00,Nottingham Forest,Wolverhampton Wanderers,home,3.69094,0.406959,0.0,0.0
ENG-Premier League,2526,29044,2026-02-22 14:00:00,Nottingham Forest,Liverpool,home,0.934768,2.39634,0.0,1.0
ENG-Premier League,2526,29050,2026-03-01 14:00:00,Nottingham Forest,Brighton,away,0.83055,1.20107,1.0,2.0
ENG-Premier League,2526,29064,2026-03-04 19:30:00,Nottingham Forest,Manchester City,away,1.23642,2.72655,2.0,2.0
ENG-Premier League,2526,29075,2026-03-15 14:00:00,Nottingham Forest,Fulham,home,0.821011,0.933988,0.0,0.0
ENG-Premier League,2526,29086,2026-03-22 14:15:00,Nottingham Forest,Tottenham,away,1.54408,1.6189,3.0,0.0
ENG-Premier League,2526,29089,2026-04-12 13:00:00,Nottingham Forest,Aston Villa,home,0.85045,1.36297,1.0,1.0
ENG-Premier League,2526,29106,2026-04-19 13:00:00,Nottingham Forest,Burnley,home,1.4425,0.601418,4.0,1.0
ENG-Premier League,2526,29115,2026-04-24 19:00:00,Nottingham Forest,Sunderland,away,1.54208,0.614323,5.0,0.0
ENG-Premier League,2526,29122,2026-05-04 15:00:00,Nottingham Forest,Chelsea,away,2.31019,2.17132,3.0,1.0
ENG-Premier League,2526,29134,2026-05-10 14:00:00,Nottingham Forest,Newcastle United,home,1.46434,1.65067,1.0,1.0
ENG-Premier League,2526,29145,2026-05-17 12:30:00,Nottingham Forest,Manchester United,away,1.84418,4.28532,2.0,3.0
ENG-Premier League,2526,29154,2026-05-24 15:00:00,Nottingham Forest,Bournemouth,home,2.05852,1.33684,1.0,1.0
ENG-Premier League,1920,11645,2019-08-10 15:00:00,Sheffield United,Bournemouth,away,1.59864,1.34099,1.0,1.0
ENG-Premier League,1920,11660,2019-08-18 14:00:00,Sheffield United,Crystal Palace,home,1.84778,0.241912,1.0,0.0
ENG-Premier League,1920,11665,2019-08-24 15:00:00,Sheffield United,Leicester,home,0.654318,0.704879,1.0,2.0
ENG-Premier League,1920,11675,2019-08-31 15:00:00,Sheffield United,Chelsea,away,1.04649,2.30579,2.0,2.0
ENG-Premier League,1920,11686,2019-09-14 14:00:00,Sheffield United,Southampton,home,1.88034,1.57659,0.0,1.0
ENG-Premier League,1920,11698,2019-09-21 14:00:00,Sheffield United,Everton,away,0.508011,1.26041,2.0,0.0
ENG-Premier League,1920,11703,2019-09-28 11:30:00,Sheffield United,Liverpool,home,1.17022,1.97079,0.0,1.0
ENG-Premier League,1920,11719,2019-10-05 15:00:00,Sheffield United,Watford,away,0.353724,1.44318,0.0,0.0
ENG-Premier League,1920,11730,2019-10-21 20:00:00,Sheffield United,Arsenal,home,0.895722,0.949735,1.0,0.0
ENG-Premier League,1920,11742,2019-10-26 15:00:00,Sheffield United,West Ham,away,1.16171,2.33891,1.0,1.0
ENG-Premier League,1920,11750,2019-11-02 15:00:00,Sheffield United,Burnley,home,2.58392,0.716613,3.0,0.0
ENG-Premier League,1920,11759,2019-11-09 15:00:00,Sheffield United,Tottenham,away,0.923443,1.5104,1.0,1.0
ENG-Premier League,1920,11770,2019-11-24 16:30:00,Sheffield United,Manchester United,home,1.56025,1.33065,3.0,3.0
ENG-Premier League,1920,11780,2019-12-01 14:00:00,Sheffield United,Wolverhampton Wanderers,away,1.47296,1.27422,1.0,1.0
ENG-Premier League,1920,11786,2019-12-05 19:30:00,Sheffield United,Newcastle United,home,1.09175,0.533775,0.0,2.0
ENG-Premier League,1920,11799,2019-12-08 14:00:00,Sheffield United,Norwich,away,0.712899,0.585805,2.0,1.0
ENG-Premier League,1920,11810,2019-12-14 15:00:00,Sheffield United,Aston Villa,home,1.888,0.97258,2.0,0.0
ENG-Premier League,1920,11815,2019-12-21 15:00:00,Sheffield United,Brighton,away,1.65933,0.428371,1.0,0.0
ENG-Premier League,1920,11830,2019-12-26 15:00:00,Sheffield United,Watford,home,2.04481,0.596611,1.0,1.0
ENG-Premier League,1920,11837,2019-12-29 18:00:00,Sheffield United,Manchester City,away,1.23346,1.08628,0.0,2.0
ENG-Premier League,1920,11847,2020-01-02 20:00:00,Sheffield United,Liverpool,away,0.634607,3.0465,0.0,2.0
ENG-Premier League,1920,11855,2020-01-10 20:00:00,Sheffield United,West Ham,home,2.02768,0.90477,1.0,0.0
ENG-Premier League,1920,11863,2020-01-18 15:00:00,Sheffield United,Arsenal,away,1.18444,1.22882,1.0,1.0
ENG-Premier League,1920,11875,2020-01-21 19:30:00,Sheffield United,Manchester City,home,0.774943,2.873,0.0,1.0
ENG-Premier League,1920,11885,2020-02-01 15:00:00,Sheffield United,Crystal Palace,away,0.860755,0.970063,1.0,0.0
ENG-Premier League,1920,11900,2020-02-09 14:00:00,Sheffield United,Bournemouth,home,2.04467,1.07183,2.0,1.0
ENG-Premier League,1920,11909,2020-02-22 15:00:00,Sheffield United,Brighton,home,1.6597,1.06035,1.0,1.0
ENG-Premier League,1920,11929,2020-03-07 15:00:00,Sheffield United,Norwich,home,1.17263,2.55449,1.0,0.0
ENG-Premier League,1920,11913,2020-06-17 17:00:00,Sheffield United,Aston Villa,away,0.235909,1.00877,0.0,0.0
ENG-Premier League,1920,11938,2020-06-21 13:00:00,Sheffield United,Newcastle United,away,0.57107,2.15148,0.0,3.0
ENG-Premier League,1920,11950,2020-06-24 17:00:00,Sheffield United,Manchester United,away,0.108082,2.8416,0.0,3.0
ENG-Premier League,1920,11960,2020-07-02 17:00:00,Sheffield United,Tottenham,home,1.59994,1.01524,3.0,1.0
ENG-Premier League,1920,11963,2020-07-05 11:00:00,Sheffield United,Burnley,away,1.63343,1.31966,1.0,1.0
ENG-Premier League,1920,11980,2020-07-08 17:00:00,Sheffield United,Wolverhampton Wanderers,home,0.470483,0.326909,1.0,0.0
ENG-Premier League,1920,11989,2020-07-11 16:30:00,Sheffield United,Chelsea,home,2.00632,1.17509,3.0,0.0
ENG-Premier League,1920,11998,2020-07-16 17:00:00,Sheffield United,Leicester,away,0.660214,3.05752,0.0,2.0
ENG-Premier League,1920,12009,2020-07-20 17:00:00,Sheffield United,Everton,home,0.468461,0.624814,0.0,1.0
ENG-Premier League,1920,12015,2020-07-26 15:00:00,Sheffield United,Southampton,away,1.41051,1.64306,1.0,3.0
ENG-Premier League,2021,14094,2020-09-14 17:00:00,Sheffield United,Wolverhampton Wanderers,home,0.949316,1.61307,0.0,2.0
ENG-Premier League,2021,14104,2020-09-21 17:00:00,Sheffield United,Aston Villa,away,0.849709,0.80527,0.0,1.0
ENG-Premier League,2021,14110,2020-09-27 11:00:00,Sheffield United,Leeds,home,1.53278,1.46641,0.0,1.0
ENG-Premier League,2021,14465,2020-10-04 13:00:00,Sheffield United,Arsenal,away,0.144994,0.667131,1.0,2.0
ENG-Premier League,2021,14482,2020-10-18 11:00:00,Sheffield United,Fulham,home,1.66363,1.35611,1.0,1.0
ENG-Premier League,2021,14490,2020-10-24 19:00:00,Sheffield United,Liverpool,away,1.39788,2.40286,1.0,2.0
ENG-Premier League,2021,14502,2020-10-31 12:30:00,Sheffield United,Manchester City,home,0.687544,1.89643,0.0,1.0
ENG-Premier League,2021,14507,2020-11-07 17:30:00,Sheffield United,Chelsea,away,0.743967,2.87622,1.0,4.0
ENG-Premier League,2021,14522,2020-11-22 14:00:00,Sheffield United,West Ham,home,0.692374,2.1142,0.0,1.0
ENG-Premier League,2021,14527,2020-11-28 20:00:00,Sheffield United,West Bromwich Albion,away,3.36544,1.71644,0.0,1.0
ENG-Premier League,2021,14541,2020-12-06 14:15:00,Sheffield United,Leicester,home,0.290743,1.3904,1.0,2.0
ENG-Premier League,2021,14551,2020-12-13 12:00:00,Sheffield United,Southampton,away,0.219115,2.27973,0.0,3.0
ENG-Premier League,2021,14560,2020-12-17 20:00:00,Sheffield United,Manchester United,home,1.23525,1.78667,2.0,3.0
ENG-Premier League,2021,14565,2020-12-20 12:00:00,Sheffield United,Brighton,away,1.03713,2.90097,1.0,1.0
ENG-Premier League,2021,14582,2020-12-26 20:00:00,Sheffield United,Everton,home,1.25106,0.568803,0.0,1.0
ENG-Premier League,2021,14587,2020-12-29 18:00:00,Sheffield United,Burnley,away,0.492578,0.973831,0.0,1.0
ENG-Premier League,2021,14604,2021-01-02 15:00:00,Sheffield United,Crystal Palace,away,0.323158,0.598888,0.0,2.0
ENG-Premier League,2021,14610,2021-01-12 18:00:00,Sheffield United,Newcastle United,home,2.01315,1.04745,1.0,0.0
ENG-Premier League,2021,14622,2021-01-17 14:00:00,Sheffield United,Tottenham,home,0.978133,1.28385,1.0,3.0
ENG-Premier League,2021,14628,2021-01-27 20:15:00,Sheffield United,Manchester United,away,0.689548,0.9931,2.0,1.0
ENG-Premier League,2021,14642,2021-01-30 15:00:00,Sheffield United,Manchester City,away,0.154537,1.53116,0.0,1.0
ENG-Premier League,2021,14649,2021-02-02 18:00:00,Sheffield United,West Bromwich Albion,home,1.35804,1.61871,2.0,1.0
ENG-Premier League,2021,14662,2021-02-07 19:15:00,Sheffield United,Chelsea,home,0.623045,1.64144,1.0,2.0
ENG-Premier League,2021,14674,2021-02-15 18:00:00,Sheffield United,West Ham,away,0.926652,2.32735,0.0,3.0
ENG-Premier League,2021,14679,2021-02-20 20:00:00,Sheffield United,Fulham,away,0.977747,1.21006,0.0,1.0
ENG-Premier League,2021,14694,2021-02-28 19:15:00,Sheffield United,Liverpool,home,0.777149,2.80551,0.0,2.0
ENG-Premier League,2021,14721,2021-03-03 18:00:00,Sheffield United,Aston Villa,home,0.716254,1.44176,1.0,0.0
ENG-Premier League,2021,14701,2021-03-06 15:00:00,Sheffield United,Southampton,home,0.908155,2.37386,0.0,2.0
ENG-Premier League,2021,14710,2021-03-14 14:00:00,Sheffield United,Leicester,away,0.0934777,4.54571,0.0,5.0
ENG-Premier League,2021,14729,2021-04-03 14:00:00,Sheffield United,Leeds,away,0.867652,2.50597,1.0,2.0
ENG-Premier League,2021,14741,2021-04-11 18:00:00,Sheffield United,Arsenal,home,0.315121,1.93838,0.0,3.0
ENG-Premier League,2021,14754,2021-04-17 19:15:00,Sheffield United,Wolverhampton Wanderers,away,0.295925,1.22604,0.0,1.0
ENG-Premier League,2021,14762,2021-04-24 19:00:00,Sheffield United,Brighton,home,0.786324,2.06038,1.0,0.0
ENG-Premier League,2021,14773,2021-05-02 18:15:00,Sheffield United,Tottenham,away,0.469026,2.26016,0.0,4.0
ENG-Premier League,2021,14782,2021-05-08 14:00:00,Sheffield United,Crystal Palace,home,0.639325,2.25382,0.0,2.0
ENG-Premier League,2021,14787,2021-05-16 18:00:00,Sheffield United,Everton,away,1.391,1.24609,1.0,0.0
ENG-Premier League,2021,14801,2021-05-19 17:00:00,Sheffield United,Newcastle United,away,0.882242,1.82508,0.0,1.0
ENG-Premier League,2021,14812,2021-05-23 15:00:00,Sheffield United,Burnley,home,0.420006,0.558508,1.0,0.0
ENG-Premier League,2324,22280,2023-08-12 14:00:00,Sheffield United,Crystal Palace,home,0.422704,2.27616,0.0,1.0
ENG-Premier League,2324,22285,2023-08-18 18:45:00,Sheffield United,Nottingham Forest,away,0.551038,1.37181,1.0,2.0
ENG-Premier League,2324,22303,2023-08-27 13:00:00,Sheffield United,Manchester City,home,0.762232,3.84804,1.0,2.0
ENG-Premier League,2324,21926,2023-09-02 11:30:00,Sheffield United,Everton,home,1.575,2.73871,2.0,2.0
ENG-Premier League,2324,21936,2023-09-16 14:00:00,Sheffield United,Tottenham,away,0.790655,2.15909,1.0,2.0
ENG-Premier League,2324,21954,2023-09-24 15:30:00,Sheffield United,Newcastle United,home,0.579392,5.1082,0.0,8.0
ENG-Premier League,2324,21960,2023-09-30 14:00:00,Sheffield United,West Ham,away,0.911997,3.19753,0.0,2.0
ENG-Premier League,2324,21970,2023-10-07 14:00:00,Sheffield United,Fulham,away,0.251809,2.26612,1.0,3.0
ENG-Premier League,2324,21983,2023-10-21 19:00:00,Sheffield United,Manchester United,home,1.41074,1.46187,1.0,2.0
ENG-Premier League,2324,21986,2023-10-28 14:00:00,Sheffield United,Arsenal,away,0.0281554,3.03496,0.0,5.0
ENG-Premier League,2324,22003,2023-11-04 15:00:00,Sheffield United,Wolverhampton Wanderers,home,1.10165,1.14803,2.0,1.0
ENG-Premier League,2324,22008,2023-11-12 14:00:00,Sheffield United,Brighton,away,0.84434,1.08601,1.0,1.0
ENG-Premier League,2324,22023,2023-11-25 15:00:00,Sheffield United,Bournemouth,home,0.816227,3.13975,1.0,3.0
ENG-Premier League,2324,22028,2023-12-02 15:00:00,Sheffield United,Burnley,away,0.618131,2.60469,0.0,5.0
ENG-Premier League,2324,22040,2023-12-06 19:30:00,Sheffield United,Liverpool,home,0.834172,1.80116,0.0,2.0
ENG-Premier League,2324,22052,2023-12-09 15:00:00,Sheffield United,Brentford,home,0.841976,0.644638,1.0,0.0
ENG-Premier League,2324,22059,2023-12-16 15:00:00,Sheffield United,Chelsea,away,0.44014,3.27322,0.0,2.0
ENG-Premier League,2324,22065,2023-12-22 20:00:00,Sheffield United,Aston Villa,away,0.646159,1.21861,1.0,1.0
ENG-Premier League,2324,22084,2023-12-26 15:00:00,Sheffield United,Luton,home,3.61788,0.715575,2.0,3.0
ENG-Premier League,2324,22090,2023-12-30 15:00:00,Sheffield United,Manchester City,away,0.263211,2.24229,0.0,2.0
ENG-Premier League,2324,22101,2024-01-21 14:00:00,Sheffield United,West Ham,home,2.61362,2.4241,2.0,2.0
ENG-Premier League,2324,22112,2024-01-30 20:00:00,Sheffield United,Crystal Palace,away,0.768467,1.1601,2.0,3.0
ENG-Premier League,2324,22124,2024-02-03 17:30:00,Sheffield United,Aston Villa,home,1.52784,2.99015,0.0,5.0
ENG-Premier League,2324,22129,2024-02-10 15:00:00,Sheffield United,Luton,away,1.98283,1.76215,3.0,1.0
ENG-Premier League,2324,22143,2024-02-18 14:00:00,Sheffield United,Brighton,home,0.586214,3.35549,0.0,5.0
ENG-Premier League,2324,22154,2024-02-25 13:30:00,Sheffield United,Wolverhampton Wanderers,away,0.654342,1.21618,0.0,1.0
ENG-Premier League,2324,22163,2024-03-04 20:00:00,Sheffield United,Arsenal,home,0.201374,2.47294,0.0,6.0
ENG-Premier League,2324,22165,2024-03-09 15:00:00,Sheffield United,Bournemouth,away,1.91752,3.92657,2.0,2.0
ENG-Premier League,2324,22193,2024-03-30 15:00:00,Sheffield United,Fulham,home,1.78824,1.10254,3.0,3.0
ENG-Premier League,2324,22203,2024-04-04 18:30:00,Sheffield United,Liverpool,away,0.720948,2.51772,1.0,3.0
ENG-Premier League,2324,22212,2024-04-07 16:30:00,Sheffield United,Chelsea,home,1.74265,0.521789,2.0,2.0
ENG-Premier League,2324,22217,2024-04-13 14:00:00,Sheffield United,Brentford,away,0.834498,1.09071,0.0,2.0
ENG-Premier League,2324,22232,2024-04-20 14:00:00,Sheffield United,Burnley,home,1.97816,2.42338,1.0,4.0
ENG-Premier League,2324,22182,2024-04-24 19:00:00,Sheffield United,Manchester United,away,1.20517,3.51311,2.0,4.0
ENG-Premier League,2324,22240,2024-04-27 14:00:00,Sheffield United,Newcastle United,away,1.82408,2.93477,1.0,5.0
ENG-Premier League,2324,22254,2024-05-04 14:00:00,Sheffield United,Nottingham Forest,home,2.48986,1.93818,1.0,3.0
ENG-Premier League,2324,22257,2024-05-11 14:00:00,Sheffield United,Everton,away,0.465523,1.82411,0.0,1.0
ENG-Premier League,2324,22274,2024-05-19 15:00:00,Sheffield United,Tottenham,home,0.697312,3.19675,0.0,3.0
ENG-Premier League,1920,11646,2019-08-10 15:00:00,Southampton,Burnley,away,1.08752,0.909241,0.0,3.0
ENG-Premier League,1920,11658,2019-08-17 15:00:00,Southampton,Liverpool,home,2.14047,1.52022,1.0,2.0
ENG-Premier League,1920,11666,2019-08-24 15:00:00,Southampton,Brighton,away,2.07795,0.997711,2.0,0.0
ENG-Premier League,1920,11673,2019-08-31 12:30:00,Southampton,Manchester United,home,0.769616,1.90356,1.0,1.0
ENG-Premier League,1920,11686,2019-09-14 14:00:00,Southampton,Sheffield United,away,1.57659,1.88034,1.0,0.0
ENG-Premier League,1920,11693,2019-09-20 19:00:00,Southampton,Bournemouth,home,2.18021,1.29773,1.0,3.0
ENG-Premier League,1920,11704,2019-09-28 14:00:00,Southampton,Tottenham,away,1.16256,1.19008,1.0,2.0
ENG-Premier League,1920,11718,2019-10-06 14:00:00,Southampton,Chelsea,home,1.27044,2.15201,1.0,4.0
ENG-Premier League,1920,11732,2019-10-19 15:00:00,Southampton,Wolverhampton Wanderers,away,1.37695,0.887495,1.0,1.0
ENG-Premier League,1920,11740,2019-10-25 20:00:00,Southampton,Leicester,home,0.457334,4.38046,0.0,9.0
ENG-Premier League,1920,11749,2019-11-02 15:00:00,Southampton,Manchester City,away,0.893889,3.36132,1.0,2.0
ENG-Premier League,1920,11758,2019-11-09 15:00:00,Southampton,Everton,home,0.742281,2.08883,1.0,2.0
ENG-Premier League,1920,11763,2019-11-23 15:00:00,Southampton,Arsenal,away,2.60312,1.60823,2.0,2.0
ENG-Premier League,1920,11778,2019-11-30 17:30:00,Southampton,Watford,home,1.9671,0.504005,2.0,1.0
ENG-Premier League,1920,11790,2019-12-04 19:30:00,Southampton,Norwich,home,2.00232,0.896647,2.0,1.0
ENG-Premier League,1920,11798,2019-12-08 14:00:00,Southampton,Newcastle United,away,1.89255,1.10449,1.0,2.0
ENG-Premier League,1920,11811,2019-12-14 17:30:00,Southampton,West Ham,home,0.805884,0.90324,0.0,1.0
ENG-Premier League,1920,11813,2019-12-21 15:00:00,Southampton,Aston Villa,away,2.63444,0.921054,3.0,1.0
ENG-Premier League,1920,11825,2019-12-26 15:00:00,Southampton,Chelsea,away,0.981321,0.859973,2.0,0.0
ENG-Premier League,1920,11840,2019-12-28 15:00:00,Southampton,Crystal Palace,home,1.47937,0.137837,1.0,1.0
ENG-Premier League,1920,11851,2020-01-01 15:00:00,Southampton,Tottenham,home,1.51192,1.078,1.0,0.0
ENG-Premier League,1920,11861,2020-01-11 15:00:00,Southampton,Leicester,away,2.40601,0.780114,2.0,1.0
ENG-Premier League,1920,11870,2020-01-18 15:00:00,Southampton,Wolverhampton Wanderers,home,0.786974,2.1772,2.0,3.0
ENG-Premier League,1920,11882,2020-01-21 19:30:00,Southampton,Crystal Palace,away,1.1306,0.674589,2.0,0.0
ENG-Premier League,1920,11887,2020-02-01 15:00:00,Southampton,Liverpool,away,0.716298,3.7195,0.0,4.0
ENG-Premier League,1920,11901,2020-02-15 12:30:00,Southampton,Burnley,home,0.694025,0.892699,1.0,2.0
ENG-Premier League,1920,11908,2020-02-22 15:00:00,Southampton,Aston Villa,home,3.02926,0.47235,2.0,0.0
ENG-Premier League,1920,11922,2020-02-29 15:00:00,Southampton,West Ham,away,0.868573,2.78682,1.0,3.0
ENG-Premier League,1920,11930,2020-03-07 15:00:00,Southampton,Newcastle United,home,0.348871,3.06384,0.0,1.0
ENG-Premier League,1920,11937,2020-06-19 17:00:00,Southampton,Norwich,away,1.87099,0.654932,3.0,0.0
ENG-Premier League,1920,11952,2020-06-25 17:00:00,Southampton,Arsenal,home,0.738305,2.18595,0.0,2.0
ENG-Premier League,1920,11961,2020-06-28 15:30:00,Southampton,Watford,away,1.3364,0.365347,3.0,1.0
ENG-Premier League,1920,11970,2020-07-05 18:00:00,Southampton,Manchester City,home,0.628765,3.39575,1.0,0.0
ENG-Premier League,1920,11978,2020-07-09 17:00:00,Southampton,Everton,away,2.29684,0.671442,1.0,1.0
ENG-Premier League,1920,11987,2020-07-13 19:00:00,Southampton,Manchester United,away,1.8051,1.5033,2.0,2.0
ENG-Premier League,1920,12002,2020-07-16 19:15:00,Southampton,Brighton,home,2.33745,0.67264,1.0,1.0
ENG-Premier League,1920,12004,2020-07-19 13:00:00,Southampton,Bournemouth,away,2.24527,0.583117,2.0,0.0
ENG-Premier League,1920,12015,2020-07-26 15:00:00,Southampton,Sheffield United,home,1.64306,1.41051,3.0,1.0
ENG-Premier League,2021,14087,2020-09-12 14:00:00,Southampton,Crystal Palace,away,1.26267,1.39569,0.0,1.0
ENG-Premier League,2021,14100,2020-09-20 11:00:00,Southampton,Tottenham,home,2.27708,2.28004,2.0,5.0
ENG-Premier League,2021,14109,2020-09-26 19:00:00,Southampton,Burnley,away,0.706632,0.347136,1.0,0.0
ENG-Premier League,2021,14473,2020-10-04 11:00:00,Southampton,West Bromwich Albion,home,0.949079,0.161283,2.0,0.0
ENG-Premier League,2021,14475,2020-10-17 14:00:00,Southampton,Chelsea,away,1.42348,1.98708,3.0,3.0
ENG-Premier League,2021,14492,2020-10-25 14:00:00,Southampton,Everton,home,0.74151,0.287054,2.0,0.0
ENG-Premier League,2021,14495,2020-11-01 12:00:00,Southampton,Aston Villa,away,1.00333,2.44855,4.0,3.0
ENG-Premier League,2021,14512,2020-11-06 20:00:00,Southampton,Newcastle United,home,0.985828,0.175633,2.0,0.0
ENG-Premier League,2021,14524,2020-11-23 20:00:00,Southampton,Wolverhampton Wanderers,away,1.0785,1.57479,1.0,1.0
ENG-Premier League,2021,14534,2020-11-29 14:00:00,Southampton,Manchester United,home,0.498783,2.47547,2.0,3.0
ENG-Premier League,2021,14536,2020-12-07 20:00:00,Southampton,Brighton,away,1.34801,2.03376,2.0,1.0
ENG-Premier League,2021,14551,2020-12-13 12:00:00,Southampton,Sheffield United,home,2.27973,0.219115,3.0,0.0
ENG-Premier League,2021,14555,2020-12-16 18:00:00,Southampton,Arsenal,away,1.11296,0.661135,1.0,1.0
ENG-Premier League,2021,14572,2020-12-19 15:00:00,Southampton,Manchester City,home,0.586972,1.15599,0.0,1.0
ENG-Premier League,2021,14577,2020-12-26 15:00:00,Southampton,Fulham,away,0.119709,0.781855,0.0,0.0
ENG-Premier League,2021,14588,2020-12-29 18:00:00,Southampton,West Ham,home,0.670996,1.07246,0.0,0.0
ENG-Premier League,2021,14598,2021-01-04 20:00:00,Southampton,Liverpool,home,0.500436,1.37204,1.0,0.0
ENG-Premier League,2021,14619,2021-01-16 20:00:00,Southampton,Leicester,away,0.378147,2.12019,0.0,2.0
ENG-Premier League,2021,14632,2021-01-26 20:15:00,Southampton,Arsenal,home,0.99504,2.4339,1.0,3.0
ENG-Premier League,2021,14641,2021-01-30 20:00:00,Southampton,Aston Villa,home,2.22557,0.795508,0.0,1.0
ENG-Premier League,2021,14651,2021-02-02 20:15:00,Southampton,Manchester United,away,0.507893,5.0325,0.0,9.0
ENG-Premier League,2021,14661,2021-02-06 15:00:00,Southampton,Newcastle United,away,1.43445,0.910553,2.0,3.0
ENG-Premier League,2021,14672,2021-02-14 12:00:00,Southampton,Wolverhampton Wanderers,home,0.8536,1.09361,1.0,2.0
ENG-Premier League,2021,14682,2021-02-20 12:30:00,Southampton,Chelsea,home,0.496603,1.44849,1.0,1.0
ENG-Premier League,2021,14608,2021-02-23 20:00:00,Southampton,Leeds,away,1.47981,1.84753,0.0,3.0
ENG-Premier League,2021,14686,2021-03-01 20:00:00,Southampton,Everton,away,0.665743,1.42054,0.0,1.0
ENG-Premier League,2021,14701,2021-03-06 15:00:00,Southampton,Sheffield United,away,2.37386,0.908155,2.0,0.0
ENG-Premier League,2021,14761,2021-03-10 18:00:00,Southampton,Manchester City,away,1.60561,3.10503,2.0,5.0
ENG-Premier League,2021,14713,2021-03-14 12:00:00,Southampton,Brighton,home,1.03495,0.895967,1.0,2.0
ENG-Premier League,2021,14733,2021-04-04 11:00:00,Southampton,Burnley,home,2.40272,1.50285,3.0,2.0
ENG-Premier League,2021,14743,2021-04-12 17:00:00,Southampton,West Bromwich Albion,away,1.5002,2.77089,0.0,3.0
ENG-Premier League,2021,14722,2021-04-21 19:00:00,Southampton,Tottenham,away,1.06134,1.28824,1.0,2.0
ENG-Premier League,2021,14772,2021-04-30 19:00:00,Southampton,Leicester,home,0.954057,2.51518,1.0,1.0
ENG-Premier League,2021,14780,2021-05-08 19:15:00,Southampton,Liverpool,away,1.2289,2.26367,0.0,2.0
ENG-Premier League,2021,14753,2021-05-11 21:00:00,Southampton,Crystal Palace,home,1.58872,1.32586,3.0,1.0
ENG-Premier League,2021,14792,2021-05-15 14:00:00,Southampton,Fulham,home,2.29146,0.875957,3.0,1.0
ENG-Premier League,2021,14802,2021-05-18 17:00:00,Southampton,Leeds,home,1.3084,1.58132,0.0,2.0
ENG-Premier League,2021,14813,2021-05-23 15:00:00,Southampton,West Ham,away,1.35179,1.98344,0.0,3.0
ENG-Premier League,2122,16380,2021-08-14 14:00:00,Southampton,Everton,away,0.580601,2.38863,1.0,3.0
ENG-Premier League,2122,16392,2021-08-22 13:00:00,Southampton,Manchester United,home,0.587526,2.26173,1.0,1.0
ENG-Premier League,2122,16397,2021-08-28 14:00:00,Southampton,Newcastle United,away,3.46036,1.19077,2.0,2.0
ENG-Premier League,2122,16411,2021-09-11 14:00:00,Southampton,West Ham,home,0.692135,0.725407,0.0,0.0
ENG-Premier League,2122,16421,2021-09-18 14:00:00,Southampton,Manchester City,away,0.490923,1.22451,0.0,0.0
ENG-Premier League,2122,16433,2021-09-26 13:00:00,Southampton,Wolverhampton Wanderers,home,0.909342,0.909833,0.0,1.0
ENG-Premier League,2122,16438,2021-10-02 14:00:00,Southampton,Chelsea,away,1.52634,3.79243,1.0,3.0
ENG-Premier League,2122,16454,2021-10-16 14:00:00,Southampton,Leeds,home,1.83082,0.446173,1.0,0.0
ENG-Premier League,2122,16464,2021-10-23 14:00:00,Southampton,Burnley,home,1.42567,0.673195,2.0,2.0
ENG-Premier League,2122,16474,2021-10-30 14:00:00,Southampton,Watford,away,1.90757,0.852556,1.0,0.0
ENG-Premier League,2122,16484,2021-11-05 20:00:00,Southampton,Aston Villa,home,0.89818,0.536077,1.0,0.0
ENG-Premier League,2122,16492,2021-11-20 15:00:00,Southampton,Norwich,away,1.13118,0.43778,1.0,2.0
ENG-Premier League,2122,16503,2021-11-27 15:00:00,Southampton,Liverpool,away,0.966132,3.07278,0.0,4.0
ENG-Premier League,2122,16514,2021-12-01 19:30:00,Southampton,Leicester,home,1.91169,1.4401,2.0,2.0
ENG-Premier League,2122,16521,2021-12-04 15:00:00,Southampton,Brighton,home,1.34236,1.4872,1.0,1.0
ENG-Premier League,2122,16526,2021-12-11 15:00:00,Southampton,Arsenal,away,0.502215,2.08429,0.0,3.0
ENG-Premier League,2122,16542,2021-12-15 19:30:00,Southampton,Crystal Palace,away,0.625183,1.49244,2.0,2.0
ENG-Premier League,2122,16564,2021-12-26 15:00:00,Southampton,West Ham,away,1.35643,1.53745,3.0,2.0
ENG-Premier League,2122,16575,2021-12-28 15:00:00,Southampton,Tottenham,home,0.353043,2.80917,1.0,1.0
ENG-Premier League,2122,16551,2022-01-11 21:45:00,Southampton,Brentford,home,1.59306,0.621466,4.0,1.0
ENG-Premier League,2122,16595,2022-01-15 15:00:00,Southampton,Wolverhampton Wanderers,away,0.91728,2.29917,1.0,3.0
ENG-Premier League,2122,16604,2022-01-22 17:30:00,Southampton,Manchester City,home,1.00222,1.62907,1.0,1.0
ENG-Premier League,2122,16613,2022-02-09 19:45:00,Southampton,Tottenham,away,1.73293,1.74286,3.0,2.0
ENG-Premier League,2122,16621,2022-02-12 12:30:00,Southampton,Manchester United,away,0.677386,2.99207,1.0,1.0
ENG-Premier League,2122,16633,2022-02-19 15:00:00,Southampton,Everton,home,2.72851,0.19991,2.0,0.0
ENG-Premier League,2122,16644,2022-02-25 20:00:00,Southampton,Norwich,home,3.08863,0.424877,2.0,0.0
ENG-Premier League,2122,16646,2022-03-05 15:00:00,Southampton,Aston Villa,away,1.32947,2.85379,0.0,4.0
ENG-Premier League,2122,16584,2022-03-10 19:30:00,Southampton,Newcastle United,home,1.79835,0.812233,1.0,2.0
ENG-Premier League,2122,16664,2022-03-13 14:00:00,Southampton,Watford,home,1.25696,1.29385,1.0,2.0
ENG-Premier League,2122,16681,2022-04-02 14:00:00,Southampton,Leeds,away,2.06387,1.50715,1.0,1.0
ENG-Premier League,2122,16687,2022-04-09 14:00:00,Southampton,Chelsea,home,0.564726,4.39683,0.0,6.0
ENG-Premier League,2122,16700,2022-04-16 14:00:00,Southampton,Arsenal,home,1.04007,1.35002,1.0,0.0
ENG-Premier League,2122,16667,2022-04-21 18:45:00,Southampton,Burnley,away,1.31837,2.14743,0.0,2.0
ENG-Premier League,2122,16713,2022-04-24 13:00:00,Southampton,Brighton,away,0.926764,1.87343,2.0,2.0
ENG-Premier League,2122,16720,2022-04-30 14:00:00,Southampton,Crystal Palace,home,0.650256,0.756217,1.0,2.0
ENG-Premier League,2122,16734,2022-05-07 14:00:00,Southampton,Brentford,away,0.988574,3.68223,0.0,3.0
ENG-Premier League,2122,16740,2022-05-17 18:45:00,Southampton,Liverpool,home,0.121506,1.19178,1.0,2.0
ENG-Premier League,2122,16752,2022-05-22 15:00:00,Southampton,Leicester,away,1.05141,3.42058,1.0,4.0
ENG-Premier League,2223,18207,2022-08-06 14:00:00,Southampton,Tottenham,away,0.386546,1.6172,1.0,4.0
ENG-Premier League,2223,18215,2022-08-13 14:00:00,Southampton,Leeds,home,1.40906,1.99694,2.0,2.0
ENG-Premier League,2223,18226,2022-08-20 14:00:00,Southampton,Leicester,away,1.24155,0.242948,2.0,1.0
ENG-Premier League,2223,18232,2022-08-27 11:30:00,Southampton,Manchester United,home,1.35887,1.34359,0.0,1.0
ENG-Premier League,2223,18244,2022-08-30 18:45:00,Southampton,Chelsea,home,1.44086,1.5047,2.0,1.0
ENG-Premier League,2223,18256,2022-09-03 14:00:00,Southampton,Wolverhampton Wanderers,away,1.20838,1.10039,0.0,1.0
ENG-Premier League,2223,18272,2022-09-16 19:00:00,Southampton,Aston Villa,away,0.218302,1.34365,0.0,1.0
ENG-Premier League,2223,18290,2022-10-01 14:00:00,Southampton,Everton,home,1.95961,1.99979,1.0,2.0
ENG-Premier League,2223,18298,2022-10-08 14:00:00,Southampton,Manchester City,away,0.101148,2.73536,0.0,4.0
ENG-Premier League,2223,18309,2022-10-16 13:00:00,Southampton,West Ham,home,0.524479,1.70727,1.0,1.0
ENG-Premier League,2223,18313,2022-10-19 18:30:00,Southampton,Bournemouth,away,1.23878,0.810452,1.0,0.0
ENG-Premier League,2223,18328,2022-10-23 13:00:00,Southampton,Arsenal,home,0.622653,1.57897,1.0,1.0
ENG-Premier League,2223,18336,2022-10-29 14:00:00,Southampton,Crystal Palace,away,1.35803,1.00384,0.0,1.0
ENG-Premier League,2223,18348,2022-11-06 14:00:00,Southampton,Newcastle United,home,1.65228,1.42101,1.0,4.0
ENG-Premier League,2223,18355,2022-11-12 15:00:00,Southampton,Liverpool,away,1.43427,2.74418,1.0,3.0
ENG-Premier League,2223,18371,2022-12-26 15:00:00,Southampton,Brighton,home,1.70709,1.00714,1.0,3.0
ENG-Premier League,2223,18374,2022-12-31 15:00:00,Southampton,Fulham,away,0.698711,1.49305,1.0,2.0
ENG-Premier League,2223,18391,2023-01-04 19:30:00,Southampton,Nottingham Forest,home,0.62937,1.22324,0.0,1.0
ENG-Premier League,2223,18396,2023-01-14 15:00:00,Southampton,Everton,away,1.08412,1.18191,2.0,1.0
ENG-Premier League,2223,18410,2023-01-21 15:00:00,Southampton,Aston Villa,home,0.672444,1.16432,0.0,1.0
ENG-Premier League,2223,18413,2023-02-04 15:00:00,Southampton,Brentford,away,0.644385,2.36747,0.0,3.0
ENG-Premier League,2223,18430,2023-02-11 15:00:00,Southampton,Wolverhampton Wanderers,home,1.30203,0.615651,1.0,2.0
ENG-Premier League,2223,18435,2023-02-18 15:00:00,Southampton,Chelsea,away,0.619532,1.61723,1.0,0.0
ENG-Premier League,2223,18446,2023-02-25 15:00:00,Southampton,Leeds,away,0.391128,0.720048,0.0,1.0
ENG-Premier League,2223,18460,2023-03-04 17:30:00,Southampton,Leicester,home,1.34332,1.67051,1.0,0.0
ENG-Premier League,2223,18468,2023-03-12 14:00:00,Southampton,Manchester United,away,1.18053,0.910911,0.0,0.0
ENG-Premier League,2223,18265,2023-03-15 19:30:00,Southampton,Brentford,home,0.358977,1.66591,0.0,2.0
ENG-Premier League,2223,18480,2023-03-18 15:00:00,Southampton,Tottenham,home,2.52077,1.88473,3.0,3.0
ENG-Premier League,2223,18491,2023-04-02 13:00:00,Southampton,West Ham,away,0.318261,1.40363,0.0,1.0
ENG-Premier League,2223,18499,2023-04-08 16:30:00,Southampton,Manchester City,home,0.492801,3.05999,1.0,4.0
ENG-Premier League,2223,18508,2023-04-15 14:00:00,Southampton,Crystal Palace,home,0.678449,0.86306,0.0,2.0
ENG-Premier League,2223,18512,2023-04-21 19:00:00,Southampton,Arsenal,away,1.43063,2.39609,3.0,3.0
ENG-Premier League,2223,18530,2023-04-27 18:45:00,Southampton,Bournemouth,home,0.477034,0.988554,0.0,1.0
ENG-Premier League,2223,18541,2023-04-30 13:00:00,Southampton,Newcastle United,away,0.897175,3.91457,1.0,3.0
ENG-Premier League,2223,18548,2023-05-08 19:00:00,Southampton,Nottingham Forest,away,3.31096,1.91326,3.0,4.0
ENG-Premier League,2223,18561,2023-05-13 14:00:00,Southampton,Fulham,home,0.149649,1.27085,0.0,2.0
ENG-Premier League,2223,18563,2023-05-21 13:00:00,Southampton,Brighton,away,0.863659,2.41418,1.0,3.0
ENG-Premier League,2223,18581,2023-05-28 15:30:00,Southampton,Liverpool,home,1.33964,4.00345,4.0,4.0
ENG-Premier League,2425,26606,2024-08-17 14:00:00,Southampton,Newcastle United,away,1.95483,0.433489,0.0,1.0
ENG-Premier League,2425,26616,2024-08-24 14:00:00,Southampton,Nottingham Forest,home,0.214952,2.86475,0.0,1.0
ENG-Premier League,2425,26623,2024-08-31 14:00:00,Southampton,Brentford,away,1.64713,3.86281,1.0,3.0
ENG-Premier League,2425,26632,2024-09-14 11:30:00,Southampton,Manchester United,home,1.35593,3.02693,0.0,3.0
ENG-Premier League,2425,26643,2024-09-21 14:00:00,Southampton,Ipswich,home,2.89813,1.645,1.0,1.0
ENG-Premier League,2425,26661,2024-09-30 19:00:00,Southampton,Bournemouth,away,0.696068,1.44215,1.0,3.0
ENG-Premier League,2425,26666,2024-10-05 14:00:00,Southampton,Arsenal,away,1.27313,3.25165,1.0,3.0
ENG-Premier League,2425,26678,2024-10-19 14:00:00,Southampton,Leicester,home,2.42776,2.83826,2.0,3.0
ENG-Premier League,2425,26683,2024-10-26 14:00:00,Southampton,Manchester City,away,0.369989,3.16286,0.0,1.0
ENG-Premier League,2425,26699,2024-11-02 15:00:00,Southampton,Everton,home,0.540345,1.78581,1.0,0.0
ENG-Premier League,2425,26711,2024-11-09 15:00:00,Southampton,Wolverhampton Wanderers,away,0.792655,0.912781,0.0,2.0
ENG-Premier League,2425,26721,2024-11-24 14:00:00,Southampton,Liverpool,home,1.53985,3.18835,2.0,3.0
ENG-Premier League,2425,26723,2024-11-29 20:00:00,Southampton,Brighton,away,0.934969,1.86986,1.0,1.0
ENG-Premier League,2425,26741,2024-12-04 19:30:00,Southampton,Chelsea,home,1.91014,5.8331,1.0,5.0
ENG-Premier League,2425,26742,2024-12-07 15:00:00,Southampton,Aston Villa,away,0.385832,2.51338,0.0,1.0
ENG-Premier League,2425,26759,2024-12-15 19:00:00,Southampton,Tottenham,home,1.27356,3.89322,0.0,5.0
ENG-Premier League,2425,26763,2024-12-22 14:00:00,Southampton,Fulham,away,0.280031,1.25255,0.0,0.0
ENG-Premier League,2425,26780,2024-12-26 15:00:00,Southampton,West Ham,home,2.19833,1.90111,0.0,1.0
ENG-Premier League,2425,26784,2024-12-29 15:00:00,Southampton,Crystal Palace,away,1.21853,3.05417,1.0,2.0
ENG-Premier League,2425,26799,2025-01-04 15:00:00,Southampton,Brentford,home,0.249614,5.54874,0.0,5.0
ENG-Premier League,2425,26811,2025-01-16 20:00:00,Southampton,Manchester United,away,1.36705,3.10847,1.0,3.0
ENG-Premier League,2425,26820,2025-01-19 14:00:00,Southampton,Nottingham Forest,away,1.25922,2.36419,2.0,3.0
ENG-Premier League,2425,26829,2025-01-25 15:00:00,Southampton,Newcastle United,home,0.825621,3.08319,1.0,3.0
ENG-Premier League,2425,26837,2025-02-01 15:00:00,Southampton,Ipswich,away,1.17566,1.94845,2.0,1.0
ENG-Premier League,2425,26849,2025-02-15 15:00:00,Southampton,Bournemouth,home,0.974418,2.08722,1.0,3.0
ENG-Premier League,2425,26861,2025-02-22 15:00:00,Southampton,Brighton,home,0.154147,5.12018,0.0,4.0
ENG-Premier League,2425,26869,2025-02-25 20:15:00,Southampton,Chelsea,away,0.845039,2.98234,0.0,4.0
ENG-Premier League,2425,26876,2025-03-08 15:00:00,Southampton,Liverpool,away,0.511566,4.98996,1.0,3.0
ENG-Premier League,2425,26891,2025-03-15 15:00:00,Southampton,Wolverhampton Wanderers,home,1.2821,0.540718,1.0,2.0
ENG-Premier League,2425,26900,2025-04-02 19:45:00,Southampton,Crystal Palace,home,0.687304,0.93776,1.0,1.0
ENG-Premier League,2425,26910,2025-04-06 13:00:00,Southampton,Tottenham,away,0.780439,2.648,1.0,3.0
ENG-Premier League,2425,26921,2025-04-12 14:00:00,Southampton,Aston Villa,home,0.412256,2.99927,0.0,3.0
ENG-Premier League,2425,26931,2025-04-19 14:00:00,Southampton,West Ham,away,0.922877,0.98423,1.0,1.0
ENG-Premier League,2425,26940,2025-04-26 14:00:00,Southampton,Fulham,home,0.935581,1.9956,1.0,2.0
ENG-Premier League,2425,26951,2025-05-03 14:00:00,Southampton,Leicester,away,0.550774,1.60739,0.0,2.0
ENG-Premier League,2425,26959,2025-05-10 14:00:00,Southampton,Manchester City,home,0.136995,1.58463,0.0,0.0
ENG-Premier League,2425,26968,2025-05-18 11:00:00,Southampton,Everton,away,1.05025,2.67793,0.0,2.0
ENG-Premier League,2425,26977,2025-05-25 15:00:00,Southampton,Arsenal,home,0.598144,2.40711,1.0,2.0
ENG-Premier League,2526,28781,2025-08-16 14:00:00,Sunderland,West Ham,home,0.724368,0.558948,3.0,0.0
ENG-Premier League,2526,28791,2025-08-23 14:00:00,Sunderland,Burnley,away,1.12127,1.00381,0.0,2.0
ENG-Premier League,2526,28801,2025-08-30 14:00:00,Sunderland,Brentford,home,1.57127,1.44604,2.0,1.0
ENG-Premier League,2526,28811,2025-09-13 14:00:00,Sunderland,Crystal Palace,away,0.354129,1.75805,0.0,0.0
ENG-Premier League,2526,28826,2025-09-21 13:00:00,Sunderland,Aston Villa,home,0.938312,0.939354,1.0,1.0
ENG-Premier League,2526,28834,2025-09-27 16:30:00,Sunderland,Nottingham Forest,away,1.94154,1.4203,1.0,0.0
ENG-Premier League,2526,28845,2025-10-04 14:00:00,Sunderland,Manchester United,away,0.807119,1.9298,0.0,2.0
ENG-Premier League,2526,28855,2025-10-18 14:00:00,Sunderland,Wolverhampton Wanderers,home,1.02481,0.676323,2.0,0.0
ENG-Premier League,2526,28862,2025-10-25 14:00:00,Sunderland,Chelsea,away,1.5506,1.21332,2.0,1.0
ENG-Premier League,2526,28875,2025-11-03 20:00:00,Sunderland,Everton,home,1.18068,1.00741,1.0,1.0
ENG-Premier League,2526,28885,2025-11-08 17:30:00,Sunderland,Arsenal,home,1.20495,2.32943,2.0,2.0
ENG-Premier League,2526,28892,2025-11-22 15:00:00,Sunderland,Fulham,away,0.222768,2.83729,0.0,1.0
ENG-Premier League,2526,28905,2025-11-29 15:00:00,Sunderland,Bournemouth,home,1.16955,1.79274,3.0,2.0
ENG-Premier League,2526,28914,2025-12-03 20:15:00,Sunderland,Liverpool,away,0.712662,1.37633,1.0,1.0
ENG-Premier League,2526,28924,2025-12-06 15:00:00,Sunderland,Manchester City,away,0.626486,2.41605,0.0,3.0
ENG-Premier League,2526,28936,2025-12-14 14:00:00,Sunderland,Newcastle United,home,0.630045,0.169329,1.0,0.0
ENG-Premier League,2526,28940,2025-12-20 15:00:00,Sunderland,Brighton,away,1.31044,0.919272,0.0,0.0
ENG-Premier League,2526,28956,2025-12-28 14:00:00,Sunderland,Leeds,home,0.805957,2.60653,1.0,1.0
ENG-Premier League,2526,28966,2026-01-01 20:00:00,Sunderland,Manchester City,home,0.962141,2.44247,0.0,0.0
ENG-Premier League,2526,28969,2026-01-04 15:00:00,Sunderland,Tottenham,away,0.467481,1.4175,1.0,1.0
ENG-Premier League,2526,28981,2026-01-07 19:30:00,Sunderland,Brentford,away,1.50644,3.86096,0.0,3.0
ENG-Premier League,2526,28995,2026-01-17 15:00:00,Sunderland,Crystal Palace,home,1.84601,1.15169,2.0,1.0
ENG-Premier League,2526,29007,2026-01-24 12:30:00,Sunderland,West Ham,away,0.713838,2.18675,1.0,3.0
ENG-Premier League,2526,29011,2026-02-02 20:00:00,Sunderland,Burnley,home,1.8865,0.126371,3.0,0.0
ENG-Premier League,2526,29019,2026-02-07 15:00:00,Sunderland,Arsenal,away,0.427225,1.19401,0.0,3.0
ENG-Premier League,2526,29035,2026-02-11 20:15:00,Sunderland,Liverpool,home,0.693794,3.08172,0.0,1.0
ENG-Premier League,2526,29045,2026-02-22 14:00:00,Sunderland,Fulham,home,1.7609,2.16696,1.0,3.0
ENG-Premier League,2526,29048,2026-02-28 12:30:00,Sunderland,Bournemouth,away,1.07887,1.82434,1.0,1.0
ENG-Premier League,2526,29063,2026-03-03 19:30:00,Sunderland,Leeds,away,0.843856,0.888232,1.0,0.0
ENG-Premier League,2526,29076,2026-03-14 15:00:00,Sunderland,Brighton,home,0.659083,1.12832,0.0,1.0
ENG-Premier League,2526,29085,2026-03-22 12:00:00,Sunderland,Newcastle United,away,2.66657,1.26705,2.0,1.0
ENG-Premier League,2526,29090,2026-04-12 13:00:00,Sunderland,Tottenham,home,1.77584,1.01598,1.0,0.0
ENG-Premier League,2526,29098,2026-04-19 13:00:00,Sunderland,Aston Villa,away,1.56008,3.90223,3.0,4.0
ENG-Premier League,2526,29115,2026-04-24 19:00:00,Sunderland,Nottingham Forest,home,0.614323,1.54208,0.0,5.0
ENG-Premier League,2526,29127,2026-05-02 15:00:00,Sunderland,Wolverhampton Wanderers,away,0.923954,1.96131,1.0,1.0
ENG-Premier League,2526,29135,2026-05-09 15:00:00,Sunderland,Manchester United,home,1.2376,0.535981,0.0,0.0
ENG-Premier League,2526,29143,2026-05-17 15:00:00,Sunderland,Everton,away,1.28383,1.32181,3.0,1.0
ENG-Premier League,2526,29155,2026-05-24 15:00:00,Sunderland,Chelsea,home,2.33109,0.920885,2.0,1.0
ENG-Premier League,1920,11649,2019-08-10 17:30:00,Tottenham,Aston Villa,home,2.57262,0.639599,3.0,1.0
ENG-Premier League,1920,11659,2019-08-17 17:30:00,Tottenham,Manchester City,away,0.074542,3.20076,2.0,2.0
ENG-Premier League,1920,11672,2019-08-25 16:30:00,Tottenham,Newcastle United,home,1.25927,0.51428,0.0,1.0
ENG-Premier League,1920,11682,2019-09-01 16:30:00,Tottenham,Arsenal,away,1.95514,1.92509,2.0,2.0
ENG-Premier League,1920,11687,2019-09-14 14:00:00,Tottenham,Crystal Palace,home,1.04944,0.577323,4.0,0.0
ENG-Premier League,1920,11694,2019-09-21 11:30:00,Tottenham,Leicester,away,1.33735,1.28752,1.0,2.0
ENG-Premier League,1920,11704,2019-09-28 14:00:00,Tottenham,Southampton,home,1.19008,1.16256,2.0,1.0
ENG-Premier League,1920,11713,2019-10-05 12:30:00,Tottenham,Brighton,away,0.478504,2.60017,0.0,3.0
ENG-Premier League,1920,11731,2019-10-19 15:00:00,Tottenham,Watford,home,0.891617,0.846851,1.0,1.0
ENG-Premier League,1920,11736,2019-10-27 16:30:00,Tottenham,Liverpool,away,1.35143,2.18851,1.0,2.0
ENG-Premier League,1920,11748,2019-11-03 16:30:00,Tottenham,Everton,away,0.243393,1.15532,1.0,1.0
ENG-Premier League,1920,11759,2019-11-09 15:00:00,Tottenham,Sheffield United,home,1.5104,0.923443,1.0,1.0
ENG-Premier League,1920,11772,2019-11-23 12:30:00,Tottenham,West Ham,away,2.20681,0.661449,3.0,2.0
ENG-Premier League,1920,11779,2019-11-30 15:00:00,Tottenham,Bournemouth,home,2.93189,1.02949,3.0,2.0
ENG-Premier League,1920,11788,2019-12-04 19:30:00,Tottenham,Manchester United,away,0.542315,1.47683,1.0,2.0
ENG-Premier League,1920,11800,2019-12-07 15:00:00,Tottenham,Burnley,home,2.39684,1.08645,5.0,0.0
ENG-Premier League,1920,11812,2019-12-15 14:00:00,Tottenham,Wolverhampton Wanderers,away,0.989205,0.718669,2.0,1.0
ENG-Premier League,1920,11820,2019-12-22 16:30:00,Tottenham,Chelsea,home,0.276667,1.49374,0.0,2.0
ENG-Premier League,1920,11831,2019-12-26 12:30:00,Tottenham,Brighton,home,1.02645,1.09007,2.0,1.0
ENG-Premier League,1920,11839,2019-12-28 17:30:00,Tottenham,Norwich,away,1.82189,0.268052,2.0,2.0
ENG-Premier League,1920,11851,2020-01-01 15:00:00,Tottenham,Southampton,away,1.078,1.51192,0.0,1.0
ENG-Premier League,1920,11854,2020-01-11 17:30:00,Tottenham,Liverpool,home,1.10584,1.74564,0.0,1.0
ENG-Premier League,1920,11871,2020-01-18 12:30:00,Tottenham,Watford,away,1.76697,2.39174,0.0,0.0
ENG-Premier League,1920,11880,2020-01-22 19:30:00,Tottenham,Norwich,home,2.22282,1.42472,2.0,1.0
ENG-Premier League,1920,11890,2020-02-02 16:30:00,Tottenham,Manchester City,home,0.420293,3.25139,2.0,0.0
ENG-Premier League,1920,11894,2020-02-16 14:00:00,Tottenham,Aston Villa,away,3.86024,1.71313,3.0,2.0
ENG-Premier League,1920,11906,2020-02-22 12:30:00,Tottenham,Chelsea,away,0.265879,1.78193,1.0,2.0
ENG-Premier League,1920,11920,2020-03-01 14:00:00,Tottenham,Wolverhampton Wanderers,home,1.63079,2.62251,2.0,3.0
ENG-Premier League,1920,11924,2020-03-07 17:30:00,Tottenham,Burnley,away,1.13669,3.33302,1.0,1.0
ENG-Premier League,1920,11936,2020-06-19 19:15:00,Tottenham,Manchester United,home,0.534852,1.77307,1.0,1.0
ENG-Premier League,1920,11944,2020-06-23 19:15:00,Tottenham,West Ham,home,2.24125,0.83104,2.0,0.0
ENG-Premier League,1920,11960,2020-07-02 17:00:00,Tottenham,Sheffield United,away,1.01524,1.59994,1.0,3.0
ENG-Premier League,1920,11971,2020-07-06 19:00:00,Tottenham,Everton,home,0.511828,0.403762,1.0,0.0
ENG-Premier League,1920,11975,2020-07-09 17:00:00,Tottenham,Bournemouth,away,0.479274,0.960349,0.0,0.0
ENG-Premier League,1920,11990,2020-07-12 15:30:00,Tottenham,Arsenal,home,1.81846,0.68991,2.0,1.0
ENG-Premier League,1920,12000,2020-07-15 17:00:00,Tottenham,Newcastle United,away,1.7498,1.05748,3.0,1.0
ENG-Premier League,1920,12010,2020-07-19 15:00:00,Tottenham,Leicester,home,0.766922,1.20085,3.0,0.0
ENG-Premier League,1920,12020,2020-07-26 15:00:00,Tottenham,Crystal Palace,away,0.310302,0.988534,1.0,1.0
ENG-Premier League,2021,14093,2020-09-13 15:30:00,Tottenham,Everton,home,0.822944,1.26793,0.0,1.0
ENG-Premier League,2021,14100,2020-09-20 11:00:00,Tottenham,Southampton,away,2.28004,2.27708,5.0,2.0
ENG-Premier League,2021,14111,2020-09-27 13:00:00,Tottenham,Newcastle United,home,3.18765,0.942726,1.0,1.0
ENG-Premier League,2021,14471,2020-10-04 15:30:00,Tottenham,Manchester United,away,3.3017,0.873435,6.0,1.0
ENG-Premier League,2021,14483,2020-10-18 15:30:00,Tottenham,West Ham,home,1.77602,1.49992,3.0,3.0
ENG-Premier League,2021,14488,2020-10-26 20:00:00,Tottenham,Burnley,away,0.797344,0.95045,1.0,0.0
ENG-Premier League,2021,14503,2020-11-01 19:15:00,Tottenham,Brighton,home,1.97236,0.324457,2.0,1.0
ENG-Premier League,2021,14513,2020-11-08 12:00:00,Tottenham,West Bromwich Albion,away,1.87063,0.799352,1.0,0.0
ENG-Premier League,2021,14523,2020-11-21 17:30:00,Tottenham,Manchester City,home,0.761142,1.66325,2.0,0.0
ENG-Premier League,2021,14529,2020-11-29 16:30:00,Tottenham,Chelsea,away,0.22689,0.974755,0.0,0.0
ENG-Premier League,2021,14542,2020-12-06 16:30:00,Tottenham,Arsenal,home,0.390629,0.595216,2.0,0.0
ENG-Premier League,2021,14545,2020-12-13 14:15:00,Tottenham,Crystal Palace,away,1.40792,1.84443,1.0,1.0
ENG-Premier League,2021,14563,2020-12-16 20:00:00,Tottenham,Liverpool,away,1.5161,1.21783,1.0,2.0
ENG-Premier League,2021,14573,2020-12-20 14:15:00,Tottenham,Leicester,home,0.945932,1.74772,0.0,2.0
ENG-Premier League,2021,14584,2020-12-27 19:15:00,Tottenham,Wolverhampton Wanderers,away,0.408109,0.742598,1.0,1.0
ENG-Premier League,2021,14599,2021-01-02 12:30:00,Tottenham,Leeds,home,2.5286,1.15626,3.0,0.0
ENG-Premier League,2021,14589,2021-01-13 20:00:00,Tottenham,Fulham,home,3.14372,1.05329,1.0,1.0
ENG-Premier League,2021,14622,2021-01-17 14:00:00,Tottenham,Sheffield United,away,1.28385,0.978133,3.0,1.0
ENG-Premier League,2021,14633,2021-01-28 20:00:00,Tottenham,Liverpool,home,0.104586,2.58798,1.0,3.0
ENG-Premier League,2021,14636,2021-01-31 19:15:00,Tottenham,Brighton,away,0.372524,1.77386,0.0,1.0
ENG-Premier League,2021,14653,2021-02-04 20:00:00,Tottenham,Chelsea,home,0.569446,2.393,0.0,1.0
ENG-Premier League,2021,14663,2021-02-07 12:00:00,Tottenham,West Bromwich Albion,home,1.92997,0.698686,2.0,0.0
ENG-Premier League,2021,14671,2021-02-13 17:30:00,Tottenham,Manchester City,away,0.4235,2.46219,0.0,3.0
ENG-Premier League,2021,14683,2021-02-21 12:00:00,Tottenham,West Ham,away,0.770706,1.09246,1.0,2.0
ENG-Premier League,2021,14693,2021-02-28 14:00:00,Tottenham,Burnley,home,2.35788,0.603212,4.0,0.0
ENG-Premier League,2021,14757,2021-03-04 18:00:00,Tottenham,Fulham,away,1.5519,1.1715,1.0,0.0
ENG-Premier League,2021,14702,2021-03-07 19:15:00,Tottenham,Crystal Palace,home,2.24159,0.559383,4.0,1.0
ENG-Premier League,2021,14705,2021-03-14 16:30:00,Tottenham,Arsenal,away,0.705566,1.56529,1.0,2.0
ENG-Premier League,2021,14606,2021-03-21 19:30:00,Tottenham,Aston Villa,away,1.72011,0.439681,2.0,0.0
ENG-Premier League,2021,14732,2021-04-04 13:05:00,Tottenham,Newcastle United,away,2.43683,3.30098,2.0,2.0
ENG-Premier League,2021,14742,2021-04-11 15:30:00,Tottenham,Manchester United,home,0.921801,2.09737,1.0,3.0
ENG-Premier League,2021,14748,2021-04-16 19:00:00,Tottenham,Everton,away,1.4815,2.26022,2.0,2.0
ENG-Premier League,2021,14722,2021-04-21 19:00:00,Tottenham,Southampton,home,1.28824,1.06134,2.0,1.0
ENG-Premier League,2021,14773,2021-05-02 18:15:00,Tottenham,Sheffield United,home,2.26016,0.469026,4.0,0.0
ENG-Premier League,2021,14778,2021-05-08 11:30:00,Tottenham,Leeds,away,1.03384,2.55216,1.0,3.0
ENG-Premier League,2021,14793,2021-05-16 13:05:00,Tottenham,Wolverhampton Wanderers,home,3.13947,1.09206,2.0,0.0
ENG-Premier League,2021,14803,2021-05-19 17:00:00,Tottenham,Aston Villa,home,0.89279,1.63669,1.0,2.0
ENG-Premier League,2021,14809,2021-05-23 15:00:00,Tottenham,Leicester,away,1.85229,1.82554,4.0,2.0
ENG-Premier League,2122,16385,2021-08-15 15:30:00,Tottenham,Manchester City,home,1.06014,2.10585,1.0,0.0
ENG-Premier League,2122,16393,2021-08-22 13:00:00,Tottenham,Wolverhampton Wanderers,away,1.72636,1.51127,1.0,0.0
ENG-Premier League,2122,16404,2021-08-29 13:00:00,Tottenham,Watford,home,0.920963,0.596016,1.0,0.0
ENG-Premier League,2122,16406,2021-09-11 11:30:00,Tottenham,Crystal Palace,away,0.0775646,2.89372,0.0,3.0
ENG-Premier League,2122,16425,2021-09-19 15:30:00,Tottenham,Chelsea,home,0.70567,2.5869,0.0,3.0
ENG-Premier League,2122,16434,2021-09-26 15:30:00,Tottenham,Arsenal,away,0.980166,1.44499,1.0,3.0
ENG-Premier League,2122,16443,2021-10-03 13:00:00,Tottenham,Aston Villa,home,1.78187,1.07395,2.0,1.0
ENG-Premier League,2122,16452,2021-10-17 15:30:00,Tottenham,Newcastle United,away,1.55008,0.645658,3.0,2.0
ENG-Premier League,2122,16465,2021-10-24 13:00:00,Tottenham,West Ham,away,0.672198,1.73468,0.0,1.0
ENG-Premier League,2122,16473,2021-10-30 16:30:00,Tottenham,Manchester United,home,1.15787,1.38612,0.0,3.0
ENG-Premier League,2122,16481,2021-11-07 14:00:00,Tottenham,Everton,away,0.801798,0.597906,0.0,0.0
ENG-Premier League,2122,16493,2021-11-21 16:30:00,Tottenham,Leeds,home,2.31744,1.46689,2.0,1.0
ENG-Premier League,2122,16515,2021-12-02 19:30:00,Tottenham,Brentford,home,2.07248,0.225492,2.0,0.0
ENG-Premier League,2122,16522,2021-12-05 14:00:00,Tottenham,Norwich,home,2.00668,1.06562,3.0,0.0
ENG-Premier League,2122,16552,2021-12-19 16:30:00,Tottenham,Liverpool,home,2.79777,1.54944,2.0,2.0
ENG-Premier League,2122,16563,2021-12-26 15:00:00,Tottenham,Crystal Palace,home,2.82148,0.178324,3.0,0.0
ENG-Premier League,2122,16575,2021-12-28 15:00:00,Tottenham,Southampton,away,2.80917,0.353043,1.0,1.0
ENG-Premier League,2122,16585,2022-01-01 15:00:00,Tottenham,Watford,away,1.93752,0.303514,1.0,0.0
ENG-Premier League,2122,16540,2022-01-19 19:30:00,Tottenham,Leicester,away,4.24711,1.95031,3.0,2.0
ENG-Premier League,2122,16598,2022-01-23 16:30:00,Tottenham,Chelsea,away,0.328818,1.04212,0.0,2.0
ENG-Premier League,2122,16613,2022-02-09 19:45:00,Tottenham,Southampton,home,1.74286,1.73293,2.0,3.0
ENG-Premier League,2122,16624,2022-02-13 14:00:00,Tottenham,Wolverhampton Wanderers,home,0.838197,1.87026,0.0,2.0
ENG-Premier League,2122,16632,2022-02-19 17:30:00,Tottenham,Manchester City,away,2.00235,2.31773,3.0,2.0
ENG-Premier League,2122,16499,2022-02-23 19:30:00,Tottenham,Burnley,away,0.691655,1.55576,0.0,1.0
ENG-Premier League,2122,16642,2022-02-26 12:30:00,Tottenham,Leeds,away,2.47025,1.89569,4.0,0.0
ENG-Premier League,2122,16653,2022-03-07 20:00:00,Tottenham,Everton,home,3.24279,0.208263,5.0,0.0
ENG-Premier League,2122,16663,2022-03-12 17:30:00,Tottenham,Manchester United,away,1.62374,1.0181,2.0,3.0
ENG-Premier League,2122,16528,2022-03-16 19:30:00,Tottenham,Brighton,away,2.05196,1.04171,2.0,0.0
ENG-Premier League,2122,16673,2022-03-20 16:30:00,Tottenham,West Ham,home,2.54795,0.644964,3.0,1.0
ENG-Premier League,2122,16678,2022-04-03 15:30:00,Tottenham,Newcastle United,home,3.6081,0.538152,5.0,1.0
ENG-Premier League,2122,16694,2022-04-09 16:30:00,Tottenham,Aston Villa,away,0.983601,1.48712,4.0,0.0
ENG-Premier League,2122,16699,2022-04-16 11:30:00,Tottenham,Brighton,home,0.58624,0.711155,0.0,1.0
ENG-Premier League,2122,16714,2022-04-23 16:30:00,Tottenham,Brentford,away,0.517755,1.3153,0.0,0.0
ENG-Premier League,2122,16719,2022-05-01 13:00:00,Tottenham,Leicester,home,1.65338,0.274133,3.0,1.0
ENG-Premier League,2122,16728,2022-05-07 18:45:00,Tottenham,Liverpool,away,0.982635,1.0481,1.0,1.0
ENG-Premier League,2122,16593,2022-05-12 18:45:00,Tottenham,Arsenal,home,3.42522,0.387446,3.0,0.0
ENG-Premier League,2122,16739,2022-05-15 11:00:00,Tottenham,Burnley,home,2.39449,0.629888,1.0,0.0
ENG-Premier League,2122,16755,2022-05-22 15:00:00,Tottenham,Norwich,away,3.815,0.310789,5.0,0.0
ENG-Premier League,2223,18207,2022-08-06 14:00:00,Tottenham,Southampton,home,1.6172,0.386546,4.0,1.0
ENG-Premier League,2223,18220,2022-08-14 15:30:00,Tottenham,Chelsea,away,1.58708,1.83945,2.0,2.0
ENG-Premier League,2223,18222,2022-08-20 11:30:00,Tottenham,Wolverhampton Wanderers,home,1.46608,0.686123,1.0,0.0
ENG-Premier League,2223,18241,2022-08-28 15:30:00,Tottenham,Nottingham Forest,away,2.44473,0.801369,2.0,0.0
ENG-Premier League,2223,18249,2022-08-31 18:45:00,Tottenham,West Ham,away,0.723285,1.52267,1.0,1.0
ENG-Premier League,2223,18255,2022-09-03 14:00:00,Tottenham,Fulham,home,2.67823,0.381556,2.0,1.0
ENG-Premier League,2223,18278,2022-09-17 16:30:00,Tottenham,Leicester,home,1.98619,1.59449,6.0,2.0
ENG-Premier League,2223,18282,2022-10-01 11:30:00,Tottenham,Arsenal,away,1.5027,2.48403,1.0,3.0
ENG-Premier League,2223,18294,2022-10-08 16:30:00,Tottenham,Brighton,away,0.771641,0.899735,1.0,0.0
ENG-Premier League,2223,18310,2022-10-15 16:30:00,Tottenham,Everton,home,2.49409,0.560039,2.0,0.0
ENG-Premier League,2223,18321,2022-10-19 19:15:00,Tottenham,Manchester United,away,0.658526,1.70973,0.0,2.0
ENG-Premier League,2223,18329,2022-10-23 15:30:00,Tottenham,Newcastle United,home,1.56513,1.1294,1.0,2.0
ENG-Premier League,2223,18333,2022-10-29 14:00:00,Tottenham,Bournemouth,away,2.1946,0.887533,3.0,2.0
ENG-Premier League,2223,18349,2022-11-06 16:30:00,Tottenham,Liverpool,home,1.81736,1.46548,1.0,2.0
ENG-Premier League,2223,18359,2022-11-12 15:00:00,Tottenham,Leeds,home,2.58046,1.71731,4.0,3.0
ENG-Premier League,2223,18364,2022-12-26 12:30:00,Tottenham,Brentford,away,0.883787,2.25263,2.0,2.0
ENG-Premier League,2223,18379,2023-01-01 14:00:00,Tottenham,Aston Villa,home,0.569383,1.21733,0.0,2.0
ENG-Premier League,2223,18386,2023-01-04 20:00:00,Tottenham,Crystal Palace,away,1.66514,0.787525,4.0,0.0
ENG-Premier League,2223,18400,2023-01-15 16:30:00,Tottenham,Arsenal,home,1.71032,2.04232,0.0,2.0
ENG-Premier League,2223,18267,2023-01-19 19:00:00,Tottenham,Manchester City,away,1.16499,2.34166,2.0,4.0
ENG-Premier League,2223,18405,2023-01-23 20:00:00,Tottenham,Fulham,away,0.993805,1.09339,1.0,0.0
ENG-Premier League,2223,18420,2023-02-05 16:30:00,Tottenham,Manchester City,home,1.42168,0.773747,1.0,0.0
ENG-Premier League,2223,18427,2023-02-11 15:00:00,Tottenham,Leicester,away,1.11709,1.41208,1.0,4.0
ENG-Premier League,2223,18440,2023-02-19 16:30:00,Tottenham,West Ham,home,1.43042,0.365173,2.0,0.0
ENG-Premier League,2223,18450,2023-02-26 13:30:00,Tottenham,Chelsea,home,0.926313,0.262281,2.0,0.0
ENG-Premier League,2223,18461,2023-03-04 15:00:00,Tottenham,Wolverhampton Wanderers,away,1.25588,0.562477,0.0,1.0
ENG-Premier League,2223,18470,2023-03-11 15:00:00,Tottenham,Nottingham Forest,home,1.73482,1.62805,3.0,1.0
ENG-Premier League,2223,18480,2023-03-18 15:00:00,Tottenham,Southampton,away,1.88473,2.52077,3.0,3.0
ENG-Premier League,2223,18487,2023-04-03 19:00:00,Tottenham,Everton,away,1.39177,0.823365,1.0,1.0
ENG-Premier League,2223,18500,2023-04-08 14:00:00,Tottenham,Brighton,home,0.594139,1.47549,2.0,1.0
ENG-Premier League,2223,18509,2023-04-15 14:00:00,Tottenham,Bournemouth,home,2.30604,1.20598,2.0,3.0
ENG-Premier League,2223,18521,2023-04-23 13:00:00,Tottenham,Newcastle United,away,0.883001,3.98532,1.0,6.0
ENG-Premier League,2223,18525,2023-04-27 19:15:00,Tottenham,Manchester United,home,2.37239,1.96508,2.0,2.0
ENG-Premier League,2223,18539,2023-04-30 15:30:00,Tottenham,Liverpool,away,1.44927,2.42911,3.0,4.0
ENG-Premier League,2223,18549,2023-05-06 14:00:00,Tottenham,Crystal Palace,home,1.15665,0.306669,1.0,0.0
ENG-Premier League,2223,18553,2023-05-13 14:00:00,Tottenham,Aston Villa,away,1.18505,1.79987,1.0,2.0
ENG-Premier League,2223,18569,2023-05-20 11:30:00,Tottenham,Brentford,home,1.61667,1.15344,1.0,3.0
ENG-Premier League,2223,18578,2023-05-28 15:30:00,Tottenham,Leeds,away,2.03315,1.19151,4.0,1.0
ENG-Premier League,2324,22282,2023-08-13 13:00:00,Tottenham,Brentford,away,1.45316,1.90756,2.0,2.0
ENG-Premier League,2324,22290,2023-08-19 16:30:00,Tottenham,Manchester United,home,2.53904,2.44604,2.0,0.0
ENG-Premier League,2324,22296,2023-08-26 11:30:00,Tottenham,Bournemouth,away,2.26115,0.483582,2.0,0.0
ENG-Premier League,2324,21929,2023-09-02 14:00:00,Tottenham,Burnley,away,2.39785,1.66604,5.0,2.0
ENG-Premier League,2324,21936,2023-09-16 14:00:00,Tottenham,Sheffield United,home,2.15909,0.790655,2.0,1.0
ENG-Premier League,2324,21952,2023-09-24 13:00:00,Tottenham,Arsenal,away,2.21166,2.3429,2.0,2.0
ENG-Premier League,2324,21962,2023-09-30 16:30:00,Tottenham,Liverpool,home,2.18823,1.12299,2.0,1.0
ENG-Premier League,2324,21971,2023-10-07 11:30:00,Tottenham,Luton,away,2.37947,0.848118,1.0,0.0
ENG-Premier League,2324,21984,2023-10-23 19:00:00,Tottenham,Fulham,home,1.63523,0.745838,2.0,0.0
ENG-Premier League,2324,21990,2023-10-27 19:00:00,Tottenham,Crystal Palace,away,0.989103,0.561834,2.0,1.0
ENG-Premier League,2324,22004,2023-11-06 20:00:00,Tottenham,Chelsea,home,0.959108,4.05865,1.0,4.0
ENG-Premier League,2324,22014,2023-11-11 12:30:00,Tottenham,Wolverhampton Wanderers,away,0.432315,1.90884,1.0,2.0
ENG-Premier League,2324,22024,2023-11-26 14:00:00,Tottenham,Aston Villa,home,2.22542,2.39755,1.0,2.0
ENG-Premier League,2324,22031,2023-12-03 16:30:00,Tottenham,Manchester City,away,0.433077,2.90729,3.0,3.0
ENG-Premier League,2324,22041,2023-12-07 20:15:00,Tottenham,West Ham,home,1.61268,1.7409,1.0,2.0
ENG-Premier League,2324,22053,2023-12-10 16:30:00,Tottenham,Newcastle United,home,4.40118,1.61368,4.0,1.0
ENG-Premier League,2324,22063,2023-12-15 20:00:00,Tottenham,Nottingham Forest,away,1.60738,1.70569,2.0,0.0
ENG-Premier League,2324,22071,2023-12-23 15:00:00,Tottenham,Everton,home,1.57527,1.98385,2.0,1.0
ENG-Premier League,2324,22078,2023-12-28 19:30:00,Tottenham,Brighton,away,2.06955,3.84702,2.0,4.0
ENG-Premier League,2324,22092,2023-12-31 14:00:00,Tottenham,Bournemouth,home,2.15027,1.58229,3.0,1.0
ENG-Premier League,2324,22099,2024-01-14 16:30:00,Tottenham,Manchester United,away,1.31224,0.923233,2.0,2.0
ENG-Premier League,2324,22109,2024-01-31 19:30:00,Tottenham,Brentford,home,3.36194,1.59637,3.0,2.0
ENG-Premier League,2324,22121,2024-02-03 12:30:00,Tottenham,Everton,away,0.922371,3.25881,2.0,2.0
ENG-Premier League,2324,22132,2024-02-10 15:00:00,Tottenham,Brighton,home,2.10928,1.49285,2.0,1.0
ENG-Premier League,2324,22144,2024-02-17 15:00:00,Tottenham,Wolverhampton Wanderers,home,1.59768,1.77591,1.0,2.0
ENG-Premier League,2324,22164,2024-03-02 15:00:00,Tottenham,Crystal Palace,home,2.6625,0.277887,3.0,1.0
ENG-Premier League,2324,22167,2024-03-10 13:00:00,Tottenham,Aston Villa,away,2.25381,1.23267,4.0,0.0
ENG-Premier League,2324,22180,2024-03-16 17:30:00,Tottenham,Fulham,away,2.14564,2.47234,0.0,3.0
ENG-Premier League,2324,22194,2024-03-30 15:00:00,Tottenham,Luton,home,2.46523,0.402402,2.0,1.0
ENG-Premier League,2324,22199,2024-04-02 19:15:00,Tottenham,West Ham,away,1.39423,1.47017,1.0,1.0
ENG-Premier League,2324,22213,2024-04-07 19:00:00,Tottenham,Nottingham Forest,home,1.61978,2.00122,3.0,1.0
ENG-Premier League,2324,22222,2024-04-13 11:30:00,Tottenham,Newcastle United,away,0.737596,3.1483,0.0,4.0
ENG-Premier League,2324,22241,2024-04-28 13:00:00,Tottenham,Arsenal,home,2.60458,1.51469,2.0,3.0
ENG-Premier League,2324,22149,2024-05-02 18:30:00,Tottenham,Chelsea,away,1.27064,2.22432,0.0,2.0
ENG-Premier League,2324,22251,2024-05-05 15:30:00,Tottenham,Liverpool,away,1.17205,3.26222,2.0,4.0
ENG-Premier League,2324,22262,2024-05-11 14:00:00,Tottenham,Burnley,home,3.00238,0.950331,2.0,1.0
ENG-Premier League,2324,22233,2024-05-14 19:00:00,Tottenham,Manchester City,home,1.84285,2.70331,0.0,2.0
ENG-Premier League,2324,22274,2024-05-19 15:00:00,Tottenham,Sheffield United,away,3.19675,0.697312,3.0,0.0
ENG-Premier League,2425,26611,2024-08-19 19:00:00,Tottenham,Leicester,away,1.40775,1.02614,1.0,1.0
ENG-Premier League,2425,26617,2024-08-24 14:00:00,Tottenham,Everton,home,2.61143,0.648869,4.0,0.0
ENG-Premier League,2425,26629,2024-09-01 12:30:00,Tottenham,Newcastle United,away,1.63304,1.58694,1.0,2.0
ENG-Premier League,2425,26640,2024-09-15 13:00:00,Tottenham,Arsenal,home,0.792595,1.1209,0.0,1.0
ENG-Premier League,2425,26648,2024-09-21 14:00:00,Tottenham,Brentford,home,3.89481,0.893565,3.0,1.0
ENG-Premier League,2425,26660,2024-09-29 15:30:00,Tottenham,Manchester United,away,5.4072,0.600721,3.0,0.0
ENG-Premier League,2425,26671,2024-10-06 15:30:00,Tottenham,Brighton,away,1.09279,1.97217,2.0,3.0
ENG-Premier League,2425,26672,2024-10-19 11:30:00,Tottenham,West Ham,home,1.44052,0.858803,4.0,1.0
ENG-Premier League,2425,26689,2024-10-27 14:00:00,Tottenham,Crystal Palace,away,1.0192,0.978611,0.0,1.0
ENG-Premier League,2425,26700,2024-11-03 14:00:00,Tottenham,Aston Villa,home,2.09751,2.48749,4.0,1.0
ENG-Premier League,2425,26709,2024-11-10 14:00:00,Tottenham,Ipswich,home,1.75088,2.18392,1.0,2.0
ENG-Premier League,2425,26720,2024-11-23 17:30:00,Tottenham,Manchester City,away,3.30449,2.15899,4.0,0.0
ENG-Premier League,2425,26729,2024-12-01 13:30:00,Tottenham,Fulham,home,1.01086,1.57274,1.0,1.0
ENG-Premier League,2425,26732,2024-12-05 20:15:00,Tottenham,Bournemouth,away,0.623934,3.27716,0.0,1.0
ENG-Premier League,2425,26745,2024-12-08 16:30:00,Tottenham,Chelsea,home,3.25488,2.57326,3.0,4.0
ENG-Premier League,2425,26759,2024-12-15 19:00:00,Tottenham,Southampton,away,3.89322,1.27356,5.0,0.0
ENG-Premier League,2425,26768,2024-12-22 16:30:00,Tottenham,Liverpool,home,1.20245,5.20214,3.0,6.0
ENG-Premier League,2425,26779,2024-12-26 15:00:00,Tottenham,Nottingham Forest,away,1.05758,1.30018,0.0,1.0
ENG-Premier League,2425,26790,2024-12-29 15:00:00,Tottenham,Wolverhampton Wanderers,home,2.28433,0.640697,2.0,2.0
ENG-Premier League,2425,26800,2025-01-04 12:30:00,Tottenham,Newcastle United,home,1.00333,2.42963,1.0,2.0
ENG-Premier League,2425,26802,2025-01-15 20:00:00,Tottenham,Arsenal,away,0.777071,2.25501,1.0,2.0
ENG-Premier League,2425,26815,2025-01-19 14:00:00,Tottenham,Everton,away,1.35719,2.56089,2.0,3.0
ENG-Premier League,2425,26830,2025-01-26 14:00:00,Tottenham,Leicester,home,1.27483,1.40469,1.0,2.0
ENG-Premier League,2425,26834,2025-02-02 14:00:00,Tottenham,Brentford,away,0.945355,1.66475,2.0,0.0
ENG-Premier League,2425,26850,2025-02-16 16:30:00,Tottenham,Manchester United,home,1.97109,1.42652,1.0,0.0
ENG-Premier League,2425,26857,2025-02-22 15:00:00,Tottenham,Ipswich,away,1.58741,1.15389,4.0,1.0
ENG-Premier League,2425,26865,2025-02-26 19:30:00,Tottenham,Manchester City,home,1.28426,2.38641,0.0,1.0
ENG-Premier League,2425,26879,2025-03-09 14:00:00,Tottenham,Bournemouth,home,1.35053,2.22536,2.0,2.0
ENG-Premier League,2425,26886,2025-03-16 13:30:00,Tottenham,Fulham,away,1.40865,1.03966,0.0,2.0
ENG-Premier League,2425,26897,2025-04-03 19:00:00,Tottenham,Chelsea,away,1.40274,1.30443,0.0,1.0
ENG-Premier League,2425,26910,2025-04-06 13:00:00,Tottenham,Southampton,home,2.648,0.780439,3.0,1.0
ENG-Premier League,2425,26919,2025-04-13 13:00:00,Tottenham,Wolverhampton Wanderers,away,1.62887,2.22977,2.0,4.0
ENG-Premier League,2425,26930,2025-04-21 19:00:00,Tottenham,Nottingham Forest,home,2.4024,0.557682,1.0,2.0
ENG-Premier League,2425,26936,2025-04-27 15:30:00,Tottenham,Liverpool,away,0.512812,2.51104,1.0,5.0
ENG-Premier League,2425,26943,2025-05-04 13:00:00,Tottenham,West Ham,away,0.847022,1.15166,1.0,1.0
ENG-Premier League,2425,26960,2025-05-11 13:15:00,Tottenham,Crystal Palace,home,0.806792,3.98546,0.0,2.0
ENG-Premier League,2425,26963,2025-05-16 18:30:00,Tottenham,Aston Villa,away,0.523016,1.69061,0.0,2.0
ENG-Premier League,2425,26976,2025-05-25 15:00:00,Tottenham,Brighton,home,1.85265,3.11624,1.0,4.0
ENG-Premier League,2526,28782,2025-08-16 14:00:00,Tottenham,Burnley,home,1.97858,0.734138,3.0,0.0
ENG-Premier League,2526,28789,2025-08-23 11:30:00,Tottenham,Manchester City,away,1.28015,1.2475,2.0,0.0
ENG-Premier League,2526,28799,2025-08-30 14:00:00,Tottenham,Bournemouth,home,0.17067,2.1201,0.0,1.0
ENG-Premier League,2526,28814,2025-09-13 16:30:00,Tottenham,West Ham,away,1.51402,0.793248,3.0,0.0
ENG-Premier League,2526,28821,2025-09-20 14:00:00,Tottenham,Brighton,away,1.19181,1.40466,2.0,2.0
ENG-Premier League,2526,28835,2025-09-27 19:00:00,Tottenham,Wolverhampton Wanderers,home,0.818711,1.15951,1.0,1.0
ENG-Premier League,2526,28844,2025-10-04 11:30:00,Tottenham,Leeds,away,0.688198,1.48051,2.0,1.0
ENG-Premier League,2526,28856,2025-10-19 13:00:00,Tottenham,Aston Villa,home,1.51461,0.352231,1.0,2.0
ENG-Premier League,2526,28863,2025-10-26 15:30:00,Tottenham,Everton,away,2.09327,1.4032,3.0,0.0
ENG-Premier League,2526,28876,2025-11-01 17:30:00,Tottenham,Chelsea,home,0.146954,3.34251,0.0,1.0
ENG-Premier League,2526,28886,2025-11-08 12:30:00,Tottenham,Manchester United,home,1.35532,0.820256,2.0,2.0
ENG-Premier League,2526,28889,2025-11-23 16:30:00,Tottenham,Arsenal,away,0.0300672,2.27827,1.0,4.0
ENG-Premier League,2526,28906,2025-11-29 20:00:00,Tottenham,Fulham,home,1.04396,0.494736,1.0,2.0
ENG-Premier League,2526,28916,2025-12-02 20:15:00,Tottenham,Newcastle United,away,1.05205,1.88558,2.0,2.0
ENG-Premier League,2526,28926,2025-12-06 15:00:00,Tottenham,Brentford,home,2.42388,0.470563,2.0,0.0
ENG-Premier League,2526,28935,2025-12-14 14:00:00,Tottenham,Nottingham Forest,away,0.380246,2.32658,0.0,3.0
ENG-Premier League,2526,28946,2025-12-20 17:30:00,Tottenham,Liverpool,home,1.34905,1.23164,1.0,2.0
ENG-Premier League,2526,28952,2025-12-28 16:30:00,Tottenham,Crystal Palace,away,0.870768,0.929681,1.0,0.0
ENG-Premier League,2526,28959,2026-01-01 20:00:00,Tottenham,Brentford,away,0.608309,0.556304,0.0,0.0
ENG-Premier League,2526,28969,2026-01-04 15:00:00,Tottenham,Sunderland,home,1.4175,0.467481,1.0,1.0
ENG-Premier League,2526,28979,2026-01-07 19:30:00,Tottenham,Bournemouth,away,1.6261,1.19014,2.0,3.0
ENG-Premier League,2526,28996,2026-01-17 15:00:00,Tottenham,West Ham,home,1.65292,2.76761,1.0,2.0
ENG-Premier League,2526,29001,2026-01-24 15:00:00,Tottenham,Burnley,away,2.59093,1.54884,2.0,2.0
ENG-Premier League,2526,29016,2026-02-01 16:30:00,Tottenham,Manchester City,home,1.49738,2.03614,2.0,2.0
ENG-Premier League,2526,29025,2026-02-07 12:30:00,Tottenham,Manchester United,away,0.593404,2.16576,0.0,2.0
ENG-Premier League,2526,29036,2026-02-10 19:30:00,Tottenham,Newcastle United,home,1.68925,2.46991,1.0,2.0
ENG-Premier League,2526,29046,2026-02-22 16:30:00,Tottenham,Arsenal,home,0.383264,3.31701,1.0,4.0
ENG-Premier League,2526,29052,2026-03-01 14:00:00,Tottenham,Fulham,away,0.952091,2.3207,1.0,2.0
ENG-Premier League,2526,29066,2026-03-05 20:00:00,Tottenham,Crystal Palace,home,1.29615,1.91515,1.0,3.0
ENG-Premier League,2526,29073,2026-03-15 16:30:00,Tottenham,Liverpool,away,1.15636,1.30076,1.0,1.0
ENG-Premier League,2526,29086,2026-03-22 14:15:00,Tottenham,Nottingham Forest,home,1.6189,1.54408,0.0,3.0
ENG-Premier League,2526,29090,2026-04-12 13:00:00,Tottenham,Sunderland,away,1.01598,1.77584,0.0,1.0
ENG-Premier League,2526,29107,2026-04-18 16:30:00,Tottenham,Brighton,home,1.56052,1.1373,2.0,2.0
ENG-Premier League,2526,29117,2026-04-25 14:00:00,Tottenham,Wolverhampton Wanderers,away,1.06403,0.762656,1.0,0.0
ENG-Premier League,2526,29120,2026-05-03 19:00:00,Tottenham,Aston Villa,away,1.12225,0.609494,2.0,1.0
ENG-Premier League,2526,29136,2026-05-11 20:00:00,Tottenham,Leeds,home,1.49036,1.86976,1.0,1.0
ENG-Premier League,2526,29142,2026-05-19 20:15:00,Tottenham,Chelsea,away,2.15227,1.09262,1.0,2.0
ENG-Premier League,2526,29156,2026-05-24 15:00:00,Tottenham,Everton,home,1.40597,0.268476,1.0,0.0
ENG-Premier League,1920,11648,2019-08-10 15:00:00,Watford,Brighton,home,0.670022,0.855516,0.0,3.0
ENG-Premier League,1920,11656,2019-08-17 15:00:00,Watford,Everton,away,1.17279,0.832913,0.0,1.0
ENG-Premier League,1920,11667,2019-08-24 15:00:00,Watford,West Ham,home,2.29348,3.45768,1.0,3.0
ENG-Premier League,1920,11679,2019-08-31 15:00:00,Watford,Newcastle United,away,1.1068,1.04131,1.0,1.0
ENG-Premier League,1920,11691,2019-09-15 15:30:00,Watford,Arsenal,home,2.83209,1.00616,2.0,2.0
ENG-Premier League,1920,11695,2019-09-21 14:00:00,Watford,Manchester City,away,0.344718,6.63049,0.0,8.0
ENG-Premier League,1920,11705,2019-09-28 14:00:00,Watford,Wolverhampton Wanderers,away,1.06615,1.16363,0.0,2.0
ENG-Premier League,1920,11719,2019-10-05 15:00:00,Watford,Sheffield United,home,1.44318,0.353724,0.0,0.0
ENG-Premier League,1920,11731,2019-10-19 15:00:00,Watford,Tottenham,away,0.846851,0.891617,1.0,1.0
ENG-Premier League,1920,11741,2019-10-26 15:00:00,Watford,Bournemouth,home,0.674903,0.899526,0.0,0.0
ENG-Premier League,1920,11751,2019-11-02 17:30:00,Watford,Chelsea,home,1.4744,2.18313,1.0,2.0
ENG-Premier League,1920,11757,2019-11-08 20:00:00,Watford,Norwich,away,1.36017,0.62104,2.0,0.0
ENG-Premier League,1920,11771,2019-11-23 15:00:00,Watford,Burnley,home,0.902384,2.66281,0.0,3.0
ENG-Premier League,1920,11778,2019-11-30 17:30:00,Watford,Southampton,away,0.504005,1.9671,1.0,2.0
ENG-Premier League,1920,11785,2019-12-04 19:30:00,Watford,Leicester,away,0.199733,2.28735,0.0,2.0
ENG-Premier League,1920,11801,2019-12-07 15:00:00,Watford,Crystal Palace,home,1.57132,0.210746,0.0,0.0
ENG-Premier League,1920,11808,2019-12-14 12:30:00,Watford,Liverpool,away,1.01166,1.56674,0.0,2.0
ENG-Premier League,1920,11821,2019-12-22 14:00:00,Watford,Manchester United,home,1.59291,1.5309,2.0,0.0
ENG-Premier League,1920,11830,2019-12-26 15:00:00,Watford,Sheffield United,away,0.596611,2.04481,1.0,1.0
ENG-Premier League,1920,11841,2019-12-28 15:00:00,Watford,Aston Villa,home,3.25314,0.610997,3.0,0.0
ENG-Premier League,1920,11852,2020-01-01 15:00:00,Watford,Wolverhampton Wanderers,home,1.07053,1.23252,2.0,1.0
ENG-Premier League,1920,11857,2020-01-12 14:00:00,Watford,Bournemouth,away,2.29827,0.320447,3.0,0.0
ENG-Premier League,1920,11871,2020-01-18 12:30:00,Watford,Tottenham,home,2.39174,1.76697,0.0,0.0
ENG-Premier League,1920,11873,2020-01-21 19:30:00,Watford,Aston Villa,away,1.81101,1.06739,1.0,2.0
ENG-Premier League,1920,11891,2020-02-01 15:00:00,Watford,Everton,home,0.919248,2.70178,2.0,3.0
ENG-Premier League,1920,11895,2020-02-08 17:30:00,Watford,Brighton,away,0.280048,0.76201,1.0,1.0
ENG-Premier League,1920,11910,2020-02-23 14:00:00,Watford,Manchester United,away,0.294956,2.5042,0.0,3.0
ENG-Premier League,1920,11921,2020-02-29 17:30:00,Watford,Liverpool,home,2.71351,0.206031,3.0,0.0
ENG-Premier League,1920,11926,2020-03-07 15:00:00,Watford,Crystal Palace,away,0.449161,0.856107,0.0,1.0
ENG-Premier League,1920,11935,2020-06-20 11:30:00,Watford,Leicester,home,1.00765,1.05245,1.0,1.0
ENG-Premier League,1920,11943,2020-06-25 17:00:00,Watford,Burnley,away,0.495542,0.964774,0.0,1.0
ENG-Premier League,1920,11961,2020-06-28 15:30:00,Watford,Southampton,home,0.365347,1.3364,1.0,3.0
ENG-Premier League,1920,11964,2020-07-04 19:00:00,Watford,Chelsea,away,0.608971,2.78877,0.0,3.0
ENG-Premier League,1920,11981,2020-07-07 17:00:00,Watford,Norwich,home,0.725199,1.13378,2.0,1.0
ENG-Premier League,1920,11991,2020-07-11 11:30:00,Watford,Newcastle United,home,3.12855,1.49134,2.0,1.0
ENG-Premier League,1920,12001,2020-07-17 19:00:00,Watford,West Ham,away,1.03402,0.833995,1.0,3.0
ENG-Premier League,1920,12011,2020-07-21 17:00:00,Watford,Manchester City,home,0.131868,3.73814,0.0,4.0
ENG-Premier League,1920,12014,2020-07-26 15:00:00,Watford,Arsenal,away,3.9197,1.95282,2.0,3.0
ENG-Premier League,2122,16382,2021-08-14 14:00:00,Watford,Aston Villa,home,1.35036,1.13718,3.0,2.0
ENG-Premier League,2122,16391,2021-08-21 16:30:00,Watford,Brighton,away,0.407224,1.77896,0.0,2.0
ENG-Premier League,2122,16404,2021-08-29 13:00:00,Watford,Tottenham,away,0.596016,0.920963,0.0,1.0
ENG-Premier League,2122,16412,2021-09-11 14:00:00,Watford,Wolverhampton Wanderers,home,0.185407,2.55922,0.0,2.0
ENG-Premier League,2122,16418,2021-09-18 14:00:00,Watford,Norwich,away,2.42487,0.782665,3.0,1.0
ENG-Premier League,2122,16427,2021-09-25 14:00:00,Watford,Newcastle United,home,0.904061,2.52338,1.0,1.0
ENG-Premier League,2122,16440,2021-10-02 14:00:00,Watford,Leeds,away,0.192794,1.57388,0.0,1.0
ENG-Premier League,2122,16455,2021-10-16 11:30:00,Watford,Liverpool,home,0.302302,3.65553,0.0,5.0
ENG-Premier League,2122,16461,2021-10-23 14:00:00,Watford,Everton,away,3.10344,1.84089,5.0,2.0
ENG-Premier League,2122,16474,2021-10-30 14:00:00,Watford,Southampton,home,0.852556,1.90757,0.0,1.0
ENG-Premier League,2122,16476,2021-11-07 14:00:00,Watford,Arsenal,away,0.491659,1.49208,0.0,1.0
ENG-Premier League,2122,16494,2021-11-20 15:00:00,Watford,Manchester United,home,2.73393,1.66794,4.0,1.0
ENG-Premier League,2122,16502,2021-11-28 14:00:00,Watford,Leicester,away,2.38383,2.16027,2.0,4.0
ENG-Premier League,2122,16509,2021-12-01 19:30:00,Watford,Chelsea,home,0.990877,0.908574,1.0,2.0
ENG-Premier League,2122,16523,2021-12-04 17:30:00,Watford,Manchester City,home,0.675105,4.03223,1.0,3.0
ENG-Premier League,2122,16527,2021-12-10 20:00:00,Watford,Brentford,away,0.561554,1.82799,1.0,2.0
ENG-Premier League,2122,16569,2021-12-28 15:00:00,Watford,West Ham,home,1.0143,2.84084,1.0,4.0
ENG-Premier League,2122,16585,2022-01-01 15:00:00,Watford,Tottenham,home,0.303514,1.93752,0.0,1.0
ENG-Premier League,2122,16591,2022-01-15 15:00:00,Watford,Newcastle United,away,1.49623,1.03855,1.0,1.0
ENG-Premier League,2122,16605,2022-01-21 20:00:00,Watford,Norwich,home,1.30606,0.925212,0.0,3.0
ENG-Premier League,2122,16539,2022-02-05 18:00:00,Watford,Burnley,away,0.933965,0.765905,0.0,0.0
ENG-Premier League,2122,16610,2022-02-08 19:45:00,Watford,West Ham,away,0.335474,0.905143,0.0,1.0
ENG-Premier League,2122,16625,2022-02-12 15:00:00,Watford,Brighton,home,0.532979,1.80456,0.0,2.0
ENG-Premier League,2122,16627,2022-02-19 15:00:00,Watford,Aston Villa,away,1.82051,1.0267,1.0,0.0
ENG-Premier League,2122,16553,2022-02-23 19:30:00,Watford,Crystal Palace,home,1.71917,0.818403,1.0,4.0
ENG-Premier League,2122,16643,2022-02-26 15:00:00,Watford,Manchester United,away,0.437185,2.41457,0.0,0.0
ENG-Premier League,2122,16654,2022-03-06 14:00:00,Watford,Arsenal,home,1.29603,1.00457,2.0,3.0
ENG-Premier League,2122,16565,2022-03-10 19:30:00,Watford,Wolverhampton Wanderers,away,0.498696,1.55037,0.0,4.0
ENG-Premier League,2122,16664,2022-03-13 14:00:00,Watford,Southampton,away,1.29385,1.25696,2.0,1.0
ENG-Premier League,2122,16680,2022-04-02 11:30:00,Watford,Liverpool,away,0.753307,2.23651,0.0,2.0
ENG-Premier League,2122,16686,2022-04-09 14:00:00,Watford,Leeds,home,1.07422,0.895612,0.0,3.0
ENG-Premier League,2122,16698,2022-04-16 14:00:00,Watford,Brentford,home,1.50381,2.12457,1.0,2.0
ENG-Premier League,2122,16707,2022-04-23 14:00:00,Watford,Manchester City,away,0.42632,3.68,1.0,5.0
ENG-Premier League,2122,16718,2022-04-30 14:00:00,Watford,Burnley,home,0.785742,1.37022,1.0,2.0
ENG-Premier League,2122,16730,2022-05-07 14:00:00,Watford,Crystal Palace,away,0.255373,2.49142,0.0,1.0
ENG-Premier League,2122,16674,2022-05-11 18:45:00,Watford,Everton,home,0.232236,0.812193,0.0,0.0
ENG-Premier League,2122,16738,2022-05-15 13:00:00,Watford,Leicester,home,2.58968,2.27297,1.0,5.0
ENG-Premier League,2122,16750,2022-05-22 15:00:00,Watford,Chelsea,away,0.575755,2.59231,1.0,2.0
ENG-Premier League,2021,14092,2020-09-13 13:00:00,West Bromwich Albion,Leicester,home,0.352997,2.95581,0.0,3.0
ENG-Premier League,2021,14096,2020-09-19 11:30:00,West Bromwich Albion,Everton,away,0.315347,4.16254,2.0,5.0
ENG-Premier League,2021,14108,2020-09-26 16:30:00,West Bromwich Albion,Chelsea,home,0.911185,2.36046,3.0,3.0
ENG-Premier League,2021,14473,2020-10-04 11:00:00,West Bromwich Albion,Southampton,away,0.161283,0.949079,0.0,2.0
ENG-Premier League,2021,14484,2020-10-19 16:30:00,West Bromwich Albion,Burnley,home,0.731692,1.08532,0.0,0.0
ENG-Premier League,2021,14487,2020-10-26 17:30:00,West Bromwich Albion,Brighton,away,0.295654,0.546807,1.0,1.0
ENG-Premier League,2021,14497,2020-11-02 17:30:00,West Bromwich Albion,Fulham,away,0.482685,1.62247,0.0,2.0
ENG-Premier League,2021,14513,2020-11-08 12:00:00,West Bromwich Albion,Tottenham,home,0.799352,1.87063,0.0,1.0
ENG-Premier League,2021,14520,2020-11-21 20:00:00,West Bromwich Albion,Manchester United,away,0.438646,2.42994,0.0,1.0
ENG-Premier League,2021,14527,2020-11-28 20:00:00,West Bromwich Albion,Sheffield United,home,1.71644,3.36544,1.0,0.0
ENG-Premier League,2021,14543,2020-12-06 12:00:00,West Bromwich Albion,Crystal Palace,home,0.567234,1.68656,1.0,5.0
ENG-Premier League,2021,14550,2020-12-12 15:00:00,West Bromwich Albion,Newcastle United,away,0.57319,0.904163,1.0,2.0
ENG-Premier League,2021,14564,2020-12-15 20:00:00,West Bromwich Albion,Manchester City,away,0.210243,2.58593,1.0,1.0
ENG-Premier League,2021,14574,2020-12-20 19:15:00,West Bromwich Albion,Aston Villa,home,0.0388442,2.61964,0.0,3.0
ENG-Premier League,2021,14580,2020-12-27 16:30:00,West Bromwich Albion,Liverpool,away,0.739845,1.45485,1.0,1.0
ENG-Premier League,2021,14590,2020-12-29 18:00:00,West Bromwich Albion,Leeds,home,0.43551,1.54225,0.0,5.0
ENG-Premier League,2021,14600,2021-01-02 20:00:00,West Bromwich Albion,Arsenal,home,0.869874,4.03429,0.0,4.0
ENG-Premier League,2021,14624,2021-01-16 12:30:00,West Bromwich Albion,Wolverhampton Wanderers,away,2.46332,1.94358,3.0,2.0
ENG-Premier League,2021,14611,2021-01-19 18:00:00,West Bromwich Albion,West Ham,away,0.464091,2.17512,1.0,2.0
ENG-Premier League,2021,14629,2021-01-26 20:15:00,West Bromwich Albion,Manchester City,home,0.568258,2.24838,0.0,5.0
ENG-Premier League,2021,14640,2021-01-30 15:00:00,West Bromwich Albion,Fulham,home,0.994664,1.52044,2.0,2.0
ENG-Premier League,2021,14649,2021-02-02 18:00:00,West Bromwich Albion,Sheffield United,away,1.61871,1.35804,1.0,2.0
ENG-Premier League,2021,14663,2021-02-07 12:00:00,West Bromwich Albion,Tottenham,away,0.698686,1.92997,0.0,2.0
ENG-Premier League,2021,14673,2021-02-14 14:00:00,West Bromwich Albion,Manchester United,home,0.945964,0.423885,1.0,1.0
ENG-Premier League,2021,14678,2021-02-20 15:00:00,West Bromwich Albion,Burnley,away,1.71922,0.535153,0.0,0.0
ENG-Premier League,2021,14692,2021-02-27 15:00:00,West Bromwich Albion,Brighton,home,0.687091,3.12111,1.0,0.0
ENG-Premier League,2021,14723,2021-03-04 18:00:00,West Bromwich Albion,Everton,home,1.02038,1.40789,0.0,1.0
ENG-Premier League,2021,14703,2021-03-07 12:00:00,West Bromwich Albion,Newcastle United,home,1.46503,0.454577,0.0,0.0
ENG-Premier League,2021,14706,2021-03-13 15:00:00,West Bromwich Albion,Crystal Palace,away,0.513439,1.30694,0.0,1.0
ENG-Premier League,2021,14727,2021-04-03 11:30:00,West Bromwich Albion,Chelsea,away,1.38315,2.55917,5.0,2.0
ENG-Premier League,2021,14743,2021-04-12 17:00:00,West Bromwich Albion,Southampton,home,2.77089,1.5002,3.0,0.0
ENG-Premier League,2021,14750,2021-04-22 19:00:00,West Bromwich Albion,Leicester,away,0.277126,2.6712,0.0,3.0
ENG-Premier League,2021,14756,2021-04-25 18:00:00,West Bromwich Albion,Aston Villa,away,1.56764,2.65394,2.0,2.0
ENG-Premier League,2021,14774,2021-05-03 17:00:00,West Bromwich Albion,Wolverhampton Wanderers,home,1.07133,0.844138,1.0,1.0
ENG-Premier League,2021,14775,2021-05-09 18:00:00,West Bromwich Albion,Arsenal,away,1.83076,1.07042,1.0,3.0
ENG-Premier League,2021,14789,2021-05-16 15:30:00,West Bromwich Albion,Liverpool,home,1.14202,2.07854,1.0,2.0
ENG-Premier League,2021,14804,2021-05-19 19:15:00,West Bromwich Albion,West Ham,home,1.10741,3.56991,1.0,3.0
ENG-Premier League,2021,14808,2021-05-23 15:00:00,West Bromwich Albion,Leeds,away,1.02209,2.49009,1.0,3.0
ENG-Premier League,1920,11644,2019-08-10 12:30:00,West Ham,Manchester City,home,1.2003,3.18377,0.0,5.0
ENG-Premier League,1920,11655,2019-08-17 15:00:00,West Ham,Brighton,away,1.00856,2.40461,1.0,1.0
ENG-Premier League,1920,11667,2019-08-24 15:00:00,West Ham,Watford,away,3.45768,2.29348,3.0,1.0
ENG-Premier League,1920,11674,2019-08-31 15:00:00,West Ham,Norwich,home,2.20657,1.1674,2.0,0.0
ENG-Premier League,1920,11692,2019-09-16 19:00:00,West Ham,Aston Villa,away,0.535279,1.40502,0.0,0.0
ENG-Premier League,1920,11700,2019-09-22 13:00:00,West Ham,Manchester United,home,0.51376,1.27826,2.0,0.0
ENG-Premier League,1920,11707,2019-09-28 14:00:00,West Ham,Bournemouth,away,1.29546,2.31957,2.0,2.0
ENG-Premier League,1920,11720,2019-10-05 17:30:00,West Ham,Crystal Palace,home,1.23577,2.0682,1.0,2.0
ENG-Premier League,1920,11727,2019-10-19 12:30:00,West Ham,Everton,away,0.459112,2.23324,0.0,2.0
ENG-Premier League,1920,11742,2019-10-26 15:00:00,West Ham,Sheffield United,home,2.33891,1.16171,1.0,1.0
ENG-Premier League,1920,11752,2019-11-02 15:00:00,West Ham,Newcastle United,home,1.53597,1.93192,2.0,3.0
ENG-Premier League,1920,11753,2019-11-09 15:00:00,West Ham,Burnley,away,0.474281,2.4158,0.0,3.0
ENG-Premier League,1920,11772,2019-11-23 12:30:00,West Ham,Tottenham,home,0.661449,2.20681,2.0,3.0
ENG-Premier League,1920,11774,2019-11-30 15:00:00,West Ham,Chelsea,away,1.12034,2.73185,1.0,0.0
ENG-Premier League,1920,11787,2019-12-04 19:30:00,West Ham,Wolverhampton Wanderers,away,0.501977,1.82237,0.0,2.0
ENG-Premier League,1920,11802,2019-12-09 20:00:00,West Ham,Arsenal,home,0.521847,1.79181,1.0,3.0
ENG-Premier League,1920,11811,2019-12-14 17:30:00,West Ham,Southampton,away,0.90324,0.805884,1.0,0.0
ENG-Premier League,1920,11826,2019-12-26 15:00:00,West Ham,Crystal Palace,away,0.796338,2.14195,1.0,2.0
ENG-Premier League,1920,11842,2019-12-28 17:30:00,West Ham,Leicester,home,0.782104,2.62349,1.0,2.0
ENG-Premier League,1920,11843,2020-01-01 17:30:00,West Ham,Bournemouth,home,2.32825,0.720709,4.0,0.0
ENG-Premier League,1920,11855,2020-01-10 20:00:00,West Ham,Sheffield United,away,0.90477,2.02768,0.0,1.0
ENG-Premier League,1920,11872,2020-01-18 15:00:00,West Ham,Everton,home,1.68436,1.95473,1.0,1.0
ENG-Premier League,1920,11876,2020-01-22 19:30:00,West Ham,Leicester,away,1.16254,2.91302,1.0,4.0
ENG-Premier League,1920,11822,2020-01-29 19:45:00,West Ham,Liverpool,home,0.878341,2.59926,0.0,2.0
ENG-Premier League,1920,11892,2020-02-01 15:00:00,West Ham,Brighton,home,1.30774,2.03179,3.0,3.0
ENG-Premier League,1920,11898,2020-02-19 19:30:00,West Ham,Manchester City,away,0.0895892,2.13777,0.0,2.0
ENG-Premier League,1920,11911,2020-02-24 20:00:00,West Ham,Liverpool,away,0.638236,2.48209,2.0,3.0
ENG-Premier League,1920,11922,2020-02-29 15:00:00,West Ham,Southampton,home,2.78682,0.868573,3.0,1.0
ENG-Premier League,1920,11923,2020-03-07 15:00:00,West Ham,Arsenal,away,1.61615,1.55974,0.0,1.0
ENG-Premier League,1920,11934,2020-06-20 16:30:00,West Ham,Wolverhampton Wanderers,home,0.44207,1.06433,0.0,2.0
ENG-Premier League,1920,11944,2020-06-23 19:15:00,West Ham,Tottenham,away,0.83104,2.24125,0.0,2.0
ENG-Premier League,1920,11962,2020-07-01 19:15:00,West Ham,Chelsea,home,2.10497,1.57609,3.0,2.0
ENG-Premier League,1920,11968,2020-07-05 13:15:00,West Ham,Newcastle United,away,2.03065,1.49121,2.0,2.0
ENG-Premier League,1920,11982,2020-07-08 17:00:00,West Ham,Burnley,home,1.99821,1.05291,0.0,1.0
ENG-Premier League,1920,11988,2020-07-11 11:30:00,West Ham,Norwich,away,3.81088,0.613251,4.0,0.0
ENG-Premier League,1920,12001,2020-07-17 19:00:00,West Ham,Watford,home,0.833995,1.03402,3.0,1.0
ENG-Premier League,1920,12007,2020-07-22 17:00:00,West Ham,Manchester United,away,1.29009,0.984161,1.0,1.0
ENG-Premier League,1920,12013,2020-07-26 15:00:00,West Ham,Aston Villa,home,0.781465,0.983594,1.0,1.0
ENG-Premier League,2021,14091,2020-09-12 19:00:00,West Ham,Newcastle United,home,0.861445,1.65911,0.0,2.0
ENG-Premier League,2021,14099,2020-09-19 19:00:00,West Ham,Arsenal,away,2.06377,1.32902,1.0,2.0
ENG-Premier League,2021,14113,2020-09-27 18:00:00,West Ham,Wolverhampton Wanderers,home,3.05703,0.385152,4.0,0.0
ENG-Premier League,2021,14470,2020-10-04 11:00:00,West Ham,Leicester,away,2.03227,0.456022,3.0,0.0
ENG-Premier League,2021,14483,2020-10-18 15:30:00,West Ham,Tottenham,away,1.49992,1.77602,3.0,3.0
ENG-Premier League,2021,14493,2020-10-24 11:30:00,West Ham,Manchester City,home,0.263739,0.892456,1.0,1.0
ENG-Premier League,2021,14499,2020-10-31 17:30:00,West Ham,Liverpool,away,0.269048,1.56302,1.0,2.0
ENG-Premier League,2021,14514,2020-11-07 20:00:00,West Ham,Fulham,home,1.42614,1.84922,1.0,0.0
ENG-Premier League,2021,14522,2020-11-22 14:00:00,West Ham,Sheffield United,away,2.1142,0.692374,1.0,0.0
ENG-Premier League,2021,14526,2020-11-30 20:00:00,West Ham,Aston Villa,home,0.571633,2.39051,2.0,1.0
ENG-Premier League,2021,14544,2020-12-05 17:30:00,West Ham,Manchester United,home,2.53006,1.78708,1.0,3.0
ENG-Premier League,2021,14548,2020-12-11 20:00:00,West Ham,Leeds,away,1.7851,1.56644,2.0,1.0
ENG-Premier League,2021,14561,2020-12-16 20:00:00,West Ham,Crystal Palace,home,0.449469,1.09108,1.0,1.0
ENG-Premier League,2021,14567,2020-12-21 20:00:00,West Ham,Chelsea,away,0.277737,2.41157,0.0,3.0
ENG-Premier League,2021,14583,2020-12-27 14:15:00,West Ham,Brighton,home,1.38877,1.50551,2.0,2.0
ENG-Premier League,2021,14588,2020-12-29 18:00:00,West Ham,Southampton,away,1.07246,0.670996,0.0,0.0
ENG-Premier League,2021,14595,2021-01-01 17:30:00,West Ham,Everton,away,1.19713,0.371045,1.0,0.0
ENG-Premier League,2021,14623,2021-01-16 15:00:00,West Ham,Burnley,home,1.73397,0.395668,1.0,0.0
ENG-Premier League,2021,14611,2021-01-19 18:00:00,West Ham,West Bromwich Albion,home,2.17512,0.464091,2.0,1.0
ENG-Premier League,2021,14634,2021-01-26 18:00:00,West Ham,Crystal Palace,away,3.30321,0.629033,3.0,2.0
ENG-Premier League,2021,14639,2021-01-31 16:30:00,West Ham,Liverpool,home,0.883061,2.05809,1.0,3.0
ENG-Premier League,2021,14645,2021-02-03 20:15:00,West Ham,Aston Villa,away,1.79064,0.741154,3.0,1.0
ENG-Premier League,2021,14657,2021-02-06 17:30:00,West Ham,Fulham,away,0.943539,1.60884,0.0,0.0
ENG-Premier League,2021,14674,2021-02-15 18:00:00,West Ham,Sheffield United,home,2.32735,0.926652,3.0,0.0
ENG-Premier League,2021,14683,2021-02-21 12:00:00,West Ham,Tottenham,home,1.09246,0.770706,2.0,1.0
ENG-Premier League,2021,14689,2021-02-27 12:30:00,West Ham,Manchester City,away,1.92892,0.760574,1.0,2.0
ENG-Premier League,2021,14704,2021-03-08 20:00:00,West Ham,Leeds,home,2.37556,1.34971,2.0,0.0
ENG-Premier League,2021,14711,2021-03-14 19:15:00,West Ham,Manchester United,away,0.463737,1.70128,0.0,1.0
ENG-Premier League,2021,14724,2021-03-21 15:00:00,West Ham,Arsenal,home,2.50629,1.35217,3.0,3.0
ENG-Premier League,2021,14734,2021-04-05 19:15:00,West Ham,Wolverhampton Wanderers,away,1.59694,1.95649,3.0,2.0
ENG-Premier League,2021,14744,2021-04-11 13:05:00,West Ham,Leicester,home,1.02408,1.17188,3.0,2.0
ENG-Premier League,2021,14752,2021-04-17 11:30:00,West Ham,Newcastle United,away,2.06741,2.4314,2.0,3.0
ENG-Premier League,2021,14763,2021-04-24 16:30:00,West Ham,Chelsea,home,0.267123,2.52059,0.0,1.0
ENG-Premier League,2021,14766,2021-05-03 19:15:00,West Ham,Burnley,away,2.42477,1.68312,2.0,1.0
ENG-Premier League,2021,14783,2021-05-09 15:30:00,West Ham,Everton,home,1.09704,1.56222,0.0,1.0
ENG-Premier League,2021,14785,2021-05-15 19:00:00,West Ham,Brighton,away,1.92378,0.922587,1.0,1.0
ENG-Premier League,2021,14804,2021-05-19 19:15:00,West Ham,West Bromwich Albion,away,3.56991,1.10741,3.0,1.0
ENG-Premier League,2021,14813,2021-05-23 15:00:00,West Ham,Southampton,home,1.98344,1.35179,3.0,0.0
ENG-Premier League,2122,16384,2021-08-15 13:00:00,West Ham,Newcastle United,away,3.00939,1.67926,4.0,2.0
ENG-Premier League,2122,16395,2021-08-23 19:00:00,West Ham,Leicester,home,2.28613,0.62676,4.0,1.0
ENG-Premier League,2122,16401,2021-08-28 14:00:00,West Ham,Crystal Palace,home,1.44748,1.67658,2.0,2.0
ENG-Premier League,2122,16411,2021-09-11 14:00:00,West Ham,Southampton,away,0.725407,0.692135,0.0,0.0
ENG-Premier League,2122,16424,2021-09-19 13:00:00,West Ham,Manchester United,home,1.6671,1.8954,1.0,2.0
ENG-Premier League,2122,16429,2021-09-25 14:00:00,West Ham,Leeds,away,1.98962,1.1967,2.0,1.0
ENG-Premier League,2122,16444,2021-10-03 13:00:00,West Ham,Brentford,home,1.37258,1.30098,1.0,2.0
ENG-Premier League,2122,16449,2021-10-17 13:00:00,West Ham,Everton,away,2.03034,0.854165,1.0,0.0
ENG-Premier League,2122,16465,2021-10-24 13:00:00,West Ham,Tottenham,home,1.73468,0.672198,1.0,0.0
ENG-Premier League,2122,16466,2021-10-31 16:30:00,West Ham,Aston Villa,away,2.66391,0.687551,4.0,1.0
ENG-Premier League,2122,16485,2021-11-07 16:30:00,West Ham,Liverpool,home,1.25298,1.45641,3.0,2.0
ENG-Premier League,2122,16495,2021-11-20 15:00:00,West Ham,Wolverhampton Wanderers,away,0.436331,1.31903,0.0,1.0
ENG-Premier League,2122,16504,2021-11-28 14:00:00,West Ham,Manchester City,away,0.171763,2.72187,1.0,2.0
ENG-Premier League,2122,16510,2021-12-01 19:30:00,West Ham,Brighton,home,1.14679,1.2607,1.0,1.0
ENG-Premier League,2122,16524,2021-12-04 12:30:00,West Ham,Chelsea,home,2.0174,1.37049,3.0,2.0
ENG-Premier League,2122,16529,2021-12-12 14:00:00,West Ham,Burnley,away,0.998813,0.54801,0.0,0.0
ENG-Premier League,2122,16536,2021-12-15 20:00:00,West Ham,Arsenal,away,0.338855,2.81482,0.0,2.0
ENG-Premier League,2122,16564,2021-12-26 15:00:00,West Ham,Southampton,home,1.53745,1.35643,2.0,3.0
ENG-Premier League,2122,16569,2021-12-28 15:00:00,West Ham,Watford,away,2.84084,1.0143,4.0,1.0
ENG-Premier League,2122,16579,2022-01-01 17:30:00,West Ham,Crystal Palace,away,2.23146,2.69204,3.0,2.0
ENG-Premier League,2122,16554,2022-01-12 21:45:00,West Ham,Norwich,home,2.89217,0.343347,2.0,0.0
ENG-Premier League,2122,16594,2022-01-16 14:00:00,West Ham,Leeds,home,2.3549,2.26884,2.0,3.0
ENG-Premier League,2122,16603,2022-01-22 15:00:00,West Ham,Manchester United,away,0.238027,1.75857,0.0,1.0
ENG-Premier League,2122,16610,2022-02-08 19:45:00,West Ham,Watford,home,0.905143,0.335474,1.0,0.0
ENG-Premier League,2122,16620,2022-02-13 16:30:00,West Ham,Leicester,away,0.745068,1.40693,2.0,2.0
ENG-Premier League,2122,16634,2022-02-19 12:30:00,West Ham,Newcastle United,home,0.847948,0.932574,1.0,1.0
ENG-Premier League,2122,16645,2022-02-27 14:00:00,West Ham,Wolverhampton Wanderers,home,1.62241,0.892018,1.0,0.0
ENG-Premier League,2122,16649,2022-03-05 17:30:00,West Ham,Liverpool,away,1.33829,2.18865,0.0,1.0
ENG-Premier League,2122,16665,2022-03-13 14:00:00,West Ham,Aston Villa,home,1.58468,1.05391,2.0,1.0
ENG-Premier League,2122,16673,2022-03-20 16:30:00,West Ham,Tottenham,away,0.644964,2.54795,1.0,3.0
ENG-Premier League,2122,16677,2022-04-03 13:00:00,West Ham,Everton,home,1.49657,0.657846,2.0,1.0
ENG-Premier League,2122,16693,2022-04-10 13:00:00,West Ham,Brentford,away,0.244824,1.85534,0.0,2.0
ENG-Premier League,2122,16697,2022-04-17 13:15:00,West Ham,Burnley,home,2.79175,1.88137,1.0,1.0
ENG-Premier League,2122,16711,2022-04-24 13:00:00,West Ham,Chelsea,away,0.388975,2.34959,0.0,1.0
ENG-Premier League,2122,16717,2022-05-01 15:30:00,West Ham,Arsenal,home,0.451976,0.964564,1.0,2.0
ENG-Premier League,2122,16726,2022-05-08 13:00:00,West Ham,Norwich,away,3.25894,0.77895,4.0,0.0
ENG-Premier League,2122,16737,2022-05-15 13:00:00,West Ham,Manchester City,home,1.0088,2.14723,2.0,2.0
ENG-Premier League,2122,16748,2022-05-22 15:00:00,West Ham,Brighton,away,0.268845,1.67774,1.0,3.0
ENG-Premier League,2223,18211,2022-08-07 15:30:00,West Ham,Manchester City,home,0.246188,2.58739,0.0,2.0
ENG-Premier League,2223,18219,2022-08-14 13:00:00,West Ham,Nottingham Forest,away,2.08634,1.9717,0.0,1.0
ENG-Premier League,2223,18229,2022-08-21 13:00:00,West Ham,Brighton,home,0.768634,1.82645,0.0,2.0
ENG-Premier League,2223,18239,2022-08-28 13:00:00,West Ham,Aston Villa,away,0.334589,0.304555,1.0,0.0
ENG-Premier League,2223,18249,2022-08-31 18:45:00,West Ham,Tottenham,home,1.52267,0.723285,1.0,1.0
ENG-Premier League,2223,18260,2022-09-03 14:00:00,West Ham,Chelsea,away,1.4196,0.707333,1.0,2.0
ENG-Premier League,2223,18277,2022-09-18 13:15:00,West Ham,Everton,away,0.655351,0.39773,0.0,1.0
ENG-Premier League,2223,18291,2022-10-01 16:30:00,West Ham,Wolverhampton Wanderers,home,1.03934,0.575988,2.0,0.0
ENG-Premier League,2223,18301,2022-10-09 13:00:00,West Ham,Fulham,home,3.43676,0.549848,3.0,1.0
ENG-Premier League,2223,18309,2022-10-16 13:00:00,West Ham,Southampton,away,1.70727,0.524479,1.0,1.0
ENG-Premier League,2223,18320,2022-10-19 18:30:00,West Ham,Liverpool,away,2.48649,2.24066,0.0,1.0
ENG-Premier League,2223,18330,2022-10-24 19:00:00,West Ham,Bournemouth,home,1.97715,0.730443,2.0,0.0
ENG-Premier League,2223,18340,2022-10-30 16:15:00,West Ham,Manchester United,away,1.00033,1.7514,0.0,1.0
ENG-Premier League,2223,18350,2022-11-06 14:00:00,West Ham,Crystal Palace,home,0.192579,1.03344,1.0,2.0
ENG-Premier League,2223,18360,2022-11-12 15:00:00,West Ham,Leicester,home,0.720721,1.60566,0.0,2.0
ENG-Premier League,2223,18362,2022-12-26 20:00:00,West Ham,Arsenal,away,1.02652,1.88828,1.0,3.0
ENG-Premier League,2223,18380,2022-12-30 19:45:00,West Ham,Brentford,home,1.13979,1.51436,0.0,2.0
ENG-Premier League,2223,18388,2023-01-04 19:45:00,West Ham,Leeds,away,1.29245,1.2577,2.0,2.0
ENG-Premier League,2223,18401,2023-01-14 15:00:00,West Ham,Wolverhampton Wanderers,away,0.735105,0.806232,0.0,1.0
ENG-Premier League,2223,18411,2023-01-21 15:00:00,West Ham,Everton,home,2.46879,0.286826,2.0,0.0
ENG-Premier League,2223,18418,2023-02-04 17:30:00,West Ham,Newcastle United,away,1.27831,1.22883,1.0,1.0
ENG-Premier League,2223,18431,2023-02-11 12:30:00,West Ham,Chelsea,home,1.07615,0.900465,1.0,1.0
ENG-Premier League,2223,18440,2023-02-19 16:30:00,West Ham,Tottenham,away,0.365173,1.43042,0.0,2.0
ENG-Premier League,2223,18451,2023-02-25 15:00:00,West Ham,Nottingham Forest,home,3.05032,0.350849,4.0,0.0
ENG-Premier League,2223,18455,2023-03-04 15:00:00,West Ham,Brighton,away,0.250045,3.49993,0.0,4.0
ENG-Premier League,2223,18471,2023-03-12 14:00:00,West Ham,Aston Villa,home,2.14634,1.99139,1.0,1.0
ENG-Premier League,2223,18491,2023-04-02 13:00:00,West Ham,Southampton,home,1.40363,0.318261,1.0,0.0
ENG-Premier League,2223,18268,2023-04-05 19:00:00,West Ham,Newcastle United,home,0.83342,2.84091,1.0,5.0
ENG-Premier League,2223,18494,2023-04-08 14:00:00,West Ham,Fulham,away,1.23261,0.456524,1.0,0.0
ENG-Premier League,2223,18510,2023-04-16 13:00:00,West Ham,Arsenal,home,1.96095,2.71782,2.0,2.0
ENG-Premier League,2223,18513,2023-04-23 13:00:00,West Ham,Bournemouth,away,2.52322,0.974687,4.0,0.0
ENG-Premier League,2223,18526,2023-04-26 18:45:00,West Ham,Liverpool,home,0.939348,1.7045,1.0,2.0
ENG-Premier League,2223,18536,2023-04-29 11:30:00,West Ham,Crystal Palace,away,1.98262,2.31888,3.0,4.0
ENG-Premier League,2223,18478,2023-05-03 19:00:00,West Ham,Manchester City,away,0.492075,2.99908,0.0,3.0
ENG-Premier League,2223,18550,2023-05-07 18:00:00,West Ham,Manchester United,home,1.76618,1.1942,1.0,0.0
ENG-Premier League,2223,18554,2023-05-14 13:00:00,West Ham,Brentford,away,0.203312,4.42571,0.0,2.0
ENG-Premier League,2223,18570,2023-05-21 12:30:00,West Ham,Leeds,home,2.48001,0.645828,3.0,1.0
ENG-Premier League,2223,18579,2023-05-28 15:30:00,West Ham,Leicester,away,0.970352,2.03013,1.0,2.0
ENG-Premier League,2324,22277,2023-08-12 14:00:00,West Ham,Bournemouth,away,1.4834,1.51025,1.0,1.0
ENG-Premier League,2324,22293,2023-08-20 15:30:00,West Ham,Chelsea,home,1.71234,1.60916,3.0,1.0
ENG-Premier League,2324,22301,2023-08-26 16:30:00,West Ham,Brighton,away,2.9527,1.3743,3.0,1.0
ENG-Premier League,2324,21925,2023-09-01 19:00:00,West Ham,Luton,away,1.22528,2.02244,2.0,1.0
ENG-Premier League,2324,21937,2023-09-16 14:00:00,West Ham,Manchester City,home,0.895632,4.15046,1.0,3.0
ENG-Premier League,2324,21953,2023-09-24 13:00:00,West Ham,Liverpool,away,1.53878,4.14262,1.0,3.0
ENG-Premier League,2324,21960,2023-09-30 14:00:00,West Ham,Sheffield United,home,3.19753,0.911997,2.0,0.0
ENG-Premier League,2324,21973,2023-10-08 13:00:00,West Ham,Newcastle United,home,0.931345,1.97865,2.0,2.0
ENG-Premier League,2324,21976,2023-10-22 15:30:00,West Ham,Aston Villa,away,0.659622,2.34143,1.0,4.0
ENG-Premier League,2324,21993,2023-10-29 13:00:00,West Ham,Everton,home,0.618578,0.733813,0.0,1.0
ENG-Premier League,2324,21995,2023-11-04 15:00:00,West Ham,Brentford,away,1.75505,1.82944,2.0,3.0
ENG-Premier League,2324,22013,2023-11-12 14:00:00,West Ham,Nottingham Forest,home,2.06402,1.42128,3.0,2.0
ENG-Premier League,2324,22016,2023-11-25 15:00:00,West Ham,Burnley,away,1.36963,1.44228,2.0,1.0
ENG-Premier League,2324,22034,2023-12-03 14:00:00,West Ham,Crystal Palace,home,1.1466,0.987682,1.0,1.0
ENG-Premier League,2324,22041,2023-12-07 20:15:00,West Ham,Tottenham,away,1.7409,1.61268,2.0,1.0
ENG-Premier League,2324,22049,2023-12-10 14:00:00,West Ham,Fulham,away,0.983,2.1884,0.0,5.0
ENG-Premier League,2324,22064,2023-12-17 14:00:00,West Ham,Wolverhampton Wanderers,home,1.03828,0.556206,3.0,0.0
ENG-Premier League,2324,22072,2023-12-23 12:30:00,West Ham,Manchester United,home,1.51468,0.730496,2.0,0.0
ENG-Premier League,2324,22076,2023-12-28 20:15:00,West Ham,Arsenal,away,1.59711,2.7884,2.0,0.0
ENG-Premier League,2324,22093,2024-01-02 18:30:00,West Ham,Brighton,home,0.9831,2.1552,0.0,0.0
ENG-Premier League,2324,22101,2024-01-21 14:00:00,West Ham,Sheffield United,away,2.4241,2.61362,2.0,2.0
ENG-Premier League,2324,22110,2024-02-01 19:30:00,West Ham,Bournemouth,home,1.3128,1.13487,1.0,1.0
ENG-Premier League,2324,22122,2024-02-04 14:00:00,West Ham,Manchester United,away,1.1807,0.96721,0.0,3.0
ENG-Premier League,2324,22133,2024-02-11 14:00:00,West Ham,Arsenal,home,0.191065,3.99893,0.0,6.0
ENG-Premier League,2324,22142,2024-02-17 15:00:00,West Ham,Nottingham Forest,away,0.520016,2.66942,0.0,2.0
ENG-Premier League,2324,22153,2024-02-26 20:00:00,West Ham,Brentford,home,2.06873,1.33683,4.0,2.0
ENG-Premier League,2324,22157,2024-03-02 15:00:00,West Ham,Everton,away,2.17948,3.12075,3.0,1.0
ENG-Premier League,2324,22173,2024-03-10 14:00:00,West Ham,Burnley,home,1.87414,0.88131,2.0,2.0
ENG-Premier League,2324,22183,2024-03-17 14:00:00,West Ham,Aston Villa,home,1.32829,0.911274,1.0,1.0
ENG-Premier League,2324,22191,2024-03-30 12:30:00,West Ham,Newcastle United,away,0.994584,3.80922,3.0,4.0
ENG-Premier League,2324,22199,2024-04-02 19:15:00,West Ham,Tottenham,home,1.47017,1.39423,1.0,1.0
ENG-Premier League,2324,22214,2024-04-06 14:00:00,West Ham,Wolverhampton Wanderers,away,1.14133,1.78341,2.0,1.0
ENG-Premier League,2324,22224,2024-04-14 13:00:00,West Ham,Fulham,home,1.45307,3.61413,0.0,2.0
ENG-Premier League,2324,22227,2024-04-21 14:00:00,West Ham,Crystal Palace,away,1.34536,3.7185,2.0,5.0
ENG-Premier League,2324,22243,2024-04-27 11:30:00,West Ham,Liverpool,home,0.794025,2.29298,2.0,2.0
ENG-Premier League,2324,22249,2024-05-05 13:00:00,West Ham,Chelsea,away,0.893899,4.21838,0.0,5.0
ENG-Premier League,2324,22263,2024-05-11 14:00:00,West Ham,Luton,home,3.71009,0.640456,3.0,1.0
ENG-Premier League,2324,22273,2024-05-19 15:00:00,West Ham,Manchester City,away,0.240159,2.31504,1.0,3.0
ENG-Premier League,2425,26608,2024-08-17 16:30:00,West Ham,Aston Villa,home,2.8047,2.6703,1.0,2.0
ENG-Premier League,2425,26613,2024-08-24 14:00:00,West Ham,Crystal Palace,away,1.53421,1.3761,2.0,0.0
ENG-Premier League,2425,26628,2024-08-31 16:30:00,West Ham,Manchester City,home,0.947201,3.19297,1.0,3.0
ENG-Premier League,2425,26634,2024-09-14 14:00:00,West Ham,Fulham,away,0.682719,2.88601,1.0,1.0
ENG-Premier League,2425,26642,2024-09-21 11:30:00,West Ham,Chelsea,home,0.758267,2.39727,0.0,3.0
ENG-Premier League,2425,26656,2024-09-28 14:00:00,West Ham,Brentford,away,0.878617,0.370222,1.0,1.0
ENG-Premier League,2425,26665,2024-10-05 14:00:00,West Ham,Ipswich,home,4.39402,1.18463,4.0,1.0
ENG-Premier League,2425,26672,2024-10-19 11:30:00,West Ham,Tottenham,away,0.858803,1.44052,1.0,4.0
ENG-Premier League,2425,26690,2024-10-27 14:00:00,West Ham,Manchester United,home,2.99312,2.62598,2.0,1.0
ENG-Premier League,2425,26698,2024-11-02 15:00:00,West Ham,Nottingham Forest,away,0.132317,2.35011,0.0,3.0
ENG-Premier League,2425,26710,2024-11-09 15:00:00,West Ham,Everton,home,1.1237,0.865983,0.0,0.0
ENG-Premier League,2425,26713,2024-11-25 20:00:00,West Ham,Newcastle United,away,0.942824,1.49781,2.0,0.0
ENG-Premier League,2425,26730,2024-11-30 17:30:00,West Ham,Arsenal,home,1.23539,3.99935,2.0,5.0
ENG-Premier League,2425,26738,2024-12-03 20:15:00,West Ham,Leicester,away,2.87716,2.78061,1.0,3.0
ENG-Premier League,2425,26746,2024-12-09 20:00:00,West Ham,Wolverhampton Wanderers,home,1.19808,1.47567,2.0,1.0
ENG-Premier League,2425,26754,2024-12-16 20:00:00,West Ham,Bournemouth,away,1.81827,2.04842,1.0,1.0
ENG-Premier League,2425,26767,2024-12-21 15:00:00,West Ham,Brighton,home,1.22937,1.34379,1.0,1.0
ENG-Premier League,2425,26780,2024-12-26 15:00:00,West Ham,Southampton,away,1.90111,2.19833,1.0,0.0
ENG-Premier League,2425,26791,2024-12-29 17:15:00,West Ham,Liverpool,home,0.518279,3.29868,0.0,5.0
ENG-Premier League,2425,26798,2025-01-04 15:00:00,West Ham,Manchester City,away,1.53286,1.97986,1.0,4.0
ENG-Premier League,2425,26808,2025-01-14 19:30:00,West Ham,Fulham,home,0.937322,2.83581,3.0,2.0
ENG-Premier League,2425,26821,2025-01-18 15:00:00,West Ham,Crystal Palace,home,0.221062,1.62561,0.0,2.0
ENG-Premier League,2425,26823,2025-01-26 16:30:00,West Ham,Aston Villa,away,1.67886,0.907851,1.0,1.0
ENG-Premier League,2425,26835,2025-02-03 20:00:00,West Ham,Chelsea,away,1.1868,1.39066,1.0,2.0
ENG-Premier League,2425,26851,2025-02-15 15:00:00,West Ham,Brentford,home,0.673466,1.96499,0.0,1.0
ENG-Premier League,2425,26853,2025-02-22 15:00:00,West Ham,Arsenal,away,1.02684,1.37264,1.0,0.0
ENG-Premier League,2425,26866,2025-02-27 20:00:00,West Ham,Leicester,home,1.70437,0.289578,2.0,0.0
ENG-Premier League,2425,26880,2025-03-10 20:00:00,West Ham,Newcastle United,home,0.823986,1.62976,0.0,1.0
ENG-Premier League,2425,26885,2025-03-15 15:00:00,West Ham,Everton,away,0.516029,1.189,1.0,1.0
ENG-Premier League,2425,26895,2025-04-01 19:45:00,West Ham,Wolverhampton Wanderers,away,1.73057,1.10359,0.0,1.0
ENG-Premier League,2425,26911,2025-04-05 14:00:00,West Ham,Bournemouth,home,0.907832,1.94869,2.0,2.0
ENG-Premier League,2425,26916,2025-04-13 13:00:00,West Ham,Liverpool,away,1.46598,1.42902,1.0,2.0
ENG-Premier League,2425,26931,2025-04-19 14:00:00,West Ham,Southampton,home,0.98423,0.922877,1.0,1.0
ENG-Premier League,2425,26934,2025-04-26 14:00:00,West Ham,Brighton,away,1.24134,1.29433,2.0,3.0
ENG-Premier League,2425,26943,2025-05-04 13:00:00,West Ham,Tottenham,home,1.15166,0.847022,1.0,1.0
ENG-Premier League,2425,26956,2025-05-11 13:15:00,West Ham,Manchester United,away,2.15985,2.31287,2.0,0.0
ENG-Premier League,2425,26971,2025-05-18 13:15:00,West Ham,Nottingham Forest,home,0.850457,2.14756,1.0,2.0
ENG-Premier League,2425,26980,2025-05-25 15:00:00,West Ham,Ipswich,away,0.967379,0.893095,3.0,1.0
ENG-Premier League,2526,28781,2025-08-16 14:00:00,West Ham,Sunderland,away,0.558948,0.724368,0.0,3.0
ENG-Premier League,2526,28788,2025-08-22 19:00:00,West Ham,Chelsea,home,0.978572,3.94997,1.0,5.0
ENG-Premier League,2526,28804,2025-08-31 13:00:00,West Ham,Nottingham Forest,away,2.236,0.716018,3.0,0.0
ENG-Premier League,2526,28814,2025-09-13 16:30:00,West Ham,Tottenham,home,0.793248,1.51402,0.0,3.0
ENG-Premier League,2526,28819,2025-09-20 14:00:00,West Ham,Crystal Palace,home,0.466365,2.33565,1.0,2.0
ENG-Premier League,2526,28837,2025-09-29 19:00:00,West Ham,Everton,away,0.775766,0.909703,1.0,1.0
ENG-Premier League,2526,28839,2025-10-04 14:00:00,West Ham,Arsenal,away,0.864549,3.0585,0.0,2.0
ENG-Premier League,2526,28857,2025-10-20 19:00:00,West Ham,Brentford,home,0.260251,3.46635,0.0,2.0
ENG-Premier League,2526,28864,2025-10-24 19:00:00,West Ham,Leeds,away,0.498653,2.2214,1.0,2.0
ENG-Premier League,2526,28877,2025-11-02 14:00:00,West Ham,Newcastle United,home,1.41383,0.523615,3.0,1.0
ENG-Premier League,2526,28887,2025-11-08 15:00:00,West Ham,Burnley,home,2.96728,1.87478,3.0,2.0
ENG-Premier League,2526,28888,2025-11-22 15:00:00,West Ham,Bournemouth,away,0.390782,3.48299,2.0,2.0
ENG-Premier League,2526,28907,2025-11-30 14:05:00,West Ham,Liverpool,home,0.364152,1.56793,0.0,2.0
ENG-Premier League,2526,28915,2025-12-04 20:00:00,West Ham,Manchester United,away,1.36584,2.27674,1.0,1.0
ENG-Premier League,2526,28920,2025-12-07 14:00:00,West Ham,Brighton,away,1.7064,2.10077,1.0,1.0
ENG-Premier League,2526,28937,2025-12-14 14:00:00,West Ham,Aston Villa,home,1.27701,0.595093,2.0,3.0
ENG-Premier League,2526,28944,2025-12-20 15:00:00,West Ham,Manchester City,away,1.02143,3.58188,0.0,3.0
ENG-Premier League,2526,28957,2025-12-27 15:00:00,West Ham,Fulham,home,1.13719,1.11436,0.0,1.0
ENG-Premier League,2526,28967,2025-12-30 19:30:00,West Ham,Brighton,home,2.27644,3.08914,2.0,2.0
ENG-Premier League,2526,28970,2026-01-03 15:00:00,West Ham,Wolverhampton Wanderers,away,0.235678,2.23925,0.0,3.0
ENG-Premier League,2526,28987,2026-01-06 20:00:00,West Ham,Nottingham Forest,home,1.73697,1.26683,1.0,2.0
ENG-Premier League,2526,28996,2026-01-17 15:00:00,West Ham,Tottenham,away,2.76761,1.65292,2.0,1.0
ENG-Premier League,2526,29007,2026-01-24 12:30:00,West Ham,Sunderland,home,2.18675,0.713838,3.0,1.0
ENG-Premier League,2526,29009,2026-01-31 17:30:00,West Ham,Chelsea,away,1.72585,2.66133,2.0,3.0
ENG-Premier League,2526,29021,2026-02-07 15:00:00,West Ham,Burnley,away,1.1223,1.84644,2.0,0.0
ENG-Premier League,2526,29037,2026-02-10 20:15:00,West Ham,Manchester United,home,1.30746,0.735767,1.0,1.0
ENG-Premier League,2526,29047,2026-02-21 17:30:00,West Ham,Bournemouth,home,2.34412,0.522731,0.0,0.0
ENG-Premier League,2526,29054,2026-02-28 15:00:00,West Ham,Liverpool,away,1.3517,2.09939,2.0,5.0
ENG-Premier League,2526,29062,2026-03-04 19:30:00,West Ham,Fulham,away,1.49528,0.628123,1.0,0.0
ENG-Premier League,2526,29077,2026-03-14 20:00:00,West Ham,Manchester City,home,0.488982,1.9546,1.0,1.0
ENG-Premier League,2526,29079,2026-03-22 14:15:00,West Ham,Aston Villa,away,0.760054,2.48528,0.0,2.0
ENG-Premier League,2526,29091,2026-04-10 19:00:00,West Ham,Wolverhampton Wanderers,home,2.54379,0.571967,4.0,0.0
ENG-Premier League,2526,29101,2026-04-20 19:00:00,West Ham,Crystal Palace,away,0.622445,0.733442,0.0,0.0
ENG-Premier League,2526,29116,2026-04-25 14:00:00,West Ham,Everton,home,1.8356,1.1144,2.0,1.0
ENG-Premier League,2526,29121,2026-05-02 15:00:00,West Ham,Brentford,away,0.753895,2.27374,0.0,3.0
ENG-Premier League,2526,29137,2026-05-10 16:30:00,West Ham,Arsenal,home,1.32011,1.42953,0.0,1.0
ENG-Premier League,2526,29146,2026-05-17 17:30:00,West Ham,Newcastle United,away,0.957771,2.1336,1.0,3.0
ENG-Premier League,2526,29157,2026-05-24 15:00:00,West Ham,Leeds,home,2.73135,1.94969,3.0,0.0
ENG-Premier League,1920,11651,2019-08-11 14:00:00,Wolverhampton Wanderers,Leicester,away,0.812949,0.543759,0.0,0.0
ENG-Premier League,1920,11662,2019-08-19 20:00:00,Wolverhampton Wanderers,Manchester United,home,0.307356,1.14332,1.0,1.0
ENG-Premier League,1920,11668,2019-08-25 16:30:00,Wolverhampton Wanderers,Burnley,home,1.32793,1.22762,1.0,1.0
ENG-Premier League,1920,11681,2019-09-01 14:00:00,Wolverhampton Wanderers,Everton,away,2.00172,1.48842,2.0,3.0
ENG-Premier League,1920,11688,2019-09-14 14:00:00,Wolverhampton Wanderers,Chelsea,home,1.49359,3.06799,2.0,5.0
ENG-Premier League,1920,11697,2019-09-22 13:00:00,Wolverhampton Wanderers,Crystal Palace,away,1.75572,0.984777,1.0,1.0
ENG-Premier League,1920,11705,2019-09-28 14:00:00,Wolverhampton Wanderers,Watford,home,1.16363,1.06615,2.0,0.0
ENG-Premier League,1920,11716,2019-10-06 14:00:00,Wolverhampton Wanderers,Manchester City,away,1.18825,1.61884,2.0,0.0
ENG-Premier League,1920,11732,2019-10-19 15:00:00,Wolverhampton Wanderers,Southampton,home,0.887495,1.37695,1.0,1.0
ENG-Premier League,1920,11738,2019-10-27 14:00:00,Wolverhampton Wanderers,Newcastle United,away,1.93255,0.603104,1.0,1.0
ENG-Premier League,1920,11743,2019-11-02 15:00:00,Wolverhampton Wanderers,Arsenal,away,1.5103,1.02552,1.0,1.0
ENG-Premier League,1920,11760,2019-11-10 14:00:00,Wolverhampton Wanderers,Aston Villa,home,2.09891,0.473225,2.0,1.0
ENG-Premier League,1920,11765,2019-11-23 15:00:00,Wolverhampton Wanderers,Bournemouth,away,1.2765,0.849789,2.0,1.0
ENG-Premier League,1920,11780,2019-12-01 14:00:00,Wolverhampton Wanderers,Sheffield United,home,1.27422,1.47296,1.0,1.0
ENG-Premier League,1920,11787,2019-12-04 19:30:00,Wolverhampton Wanderers,West Ham,home,1.82237,0.501977,2.0,0.0
ENG-Premier League,1920,11795,2019-12-08 16:30:00,Wolverhampton Wanderers,Brighton,away,1.87208,0.951621,2.0,2.0
ENG-Premier League,1920,11812,2019-12-15 14:00:00,Wolverhampton Wanderers,Tottenham,home,0.718669,0.989205,1.0,2.0
ENG-Premier League,1920,11819,2019-12-21 15:00:00,Wolverhampton Wanderers,Norwich,away,1.65224,1.26536,2.0,1.0
ENG-Premier League,1920,11832,2019-12-27 19:45:00,Wolverhampton Wanderers,Manchester City,home,2.39405,1.52044,3.0,2.0
ENG-Premier League,1920,11836,2019-12-29 16:30:00,Wolverhampton Wanderers,Liverpool,away,0.363764,1.49124,0.0,1.0
ENG-Premier League,1920,11852,2020-01-01 15:00:00,Wolverhampton Wanderers,Watford,away,1.23252,1.07053,1.0,2.0
ENG-Premier League,1920,11853,2020-01-11 15:00:00,Wolverhampton Wanderers,Newcastle United,home,2.04805,0.184495,1.0,1.0
ENG-Premier League,1920,11870,2020-01-18 15:00:00,Wolverhampton Wanderers,Southampton,away,2.1772,0.786974,3.0,2.0
ENG-Premier League,1920,11874,2020-01-23 20:00:00,Wolverhampton Wanderers,Liverpool,home,1.85442,1.59024,1.0,2.0
ENG-Premier League,1920,11888,2020-02-01 17:30:00,Wolverhampton Wanderers,Manchester United,away,1.54211,1.18608,0.0,0.0
ENG-Premier League,1920,11902,2020-02-14 20:00:00,Wolverhampton Wanderers,Leicester,home,1.14491,0.527366,0.0,0.0
ENG-Premier League,1920,11912,2020-02-23 14:00:00,Wolverhampton Wanderers,Norwich,home,3.25033,0.360646,3.0,0.0
ENG-Premier League,1920,11920,2020-03-01 14:00:00,Wolverhampton Wanderers,Tottenham,away,2.62251,1.63079,3.0,2.0
ENG-Premier League,1920,11931,2020-03-07 15:00:00,Wolverhampton Wanderers,Brighton,home,0.898221,0.308874,0.0,0.0
ENG-Premier League,1920,11934,2020-06-20 16:30:00,Wolverhampton Wanderers,West Ham,away,1.06433,0.44207,2.0,0.0
ENG-Premier League,1920,11947,2020-06-24 17:00:00,Wolverhampton Wanderers,Bournemouth,home,0.715002,0.0619009,1.0,0.0
ENG-Premier League,1920,11954,2020-06-27 11:30:00,Wolverhampton Wanderers,Aston Villa,away,0.703549,0.403418,1.0,0.0
ENG-Premier League,1920,11972,2020-07-04 16:30:00,Wolverhampton Wanderers,Arsenal,home,0.985166,1.28273,0.0,2.0
ENG-Premier League,1920,11980,2020-07-08 17:00:00,Wolverhampton Wanderers,Sheffield United,away,0.326909,0.470483,0.0,1.0
ENG-Premier League,1920,11992,2020-07-12 11:00:00,Wolverhampton Wanderers,Everton,home,2.86724,0.286561,3.0,0.0
ENG-Premier League,1920,11994,2020-07-15 17:00:00,Wolverhampton Wanderers,Burnley,away,1.2857,1.53435,1.0,1.0
ENG-Premier League,1920,12012,2020-07-20 19:15:00,Wolverhampton Wanderers,Crystal Palace,home,1.48696,0.440119,2.0,0.0
ENG-Premier League,1920,12021,2020-07-26 15:00:00,Wolverhampton Wanderers,Chelsea,away,0.164561,1.15938,0.0,2.0
ENG-Premier League,2021,14094,2020-09-14 17:00:00,Wolverhampton Wanderers,Sheffield United,away,1.61307,0.949316,2.0,0.0
ENG-Premier League,2021,14105,2020-09-21 19:15:00,Wolverhampton Wanderers,Manchester City,home,0.727677,2.07651,1.0,3.0
ENG-Premier League,2021,14113,2020-09-27 18:00:00,Wolverhampton Wanderers,West Ham,away,0.385152,3.05703,0.0,4.0
ENG-Premier League,2021,14474,2020-10-04 13:00:00,Wolverhampton Wanderers,Fulham,home,0.89359,0.969393,1.0,0.0
ENG-Premier League,2021,14478,2020-10-19 19:00:00,Wolverhampton Wanderers,Leeds,away,0.618191,1.08332,1.0,0.0
ENG-Premier League,2021,14494,2020-10-25 16:30:00,Wolverhampton Wanderers,Newcastle United,home,0.758626,0.253685,1.0,1.0
ENG-Premier League,2021,14504,2020-10-30 20:00:00,Wolverhampton Wanderers,Crystal Palace,home,1.34895,0.802767,2.0,0.0
ENG-Premier League,2021,14510,2020-11-08 14:00:00,Wolverhampton Wanderers,Leicester,away,0.57936,2.0545,0.0,1.0
ENG-Premier League,2021,14524,2020-11-23 20:00:00,Wolverhampton Wanderers,Southampton,home,1.57479,1.0785,1.0,1.0
ENG-Premier League,2021,14525,2020-11-29 19:15:00,Wolverhampton Wanderers,Arsenal,away,2.0069,1.1185,2.0,1.0
ENG-Premier League,2021,14539,2020-12-06 19:15:00,Wolverhampton Wanderers,Liverpool,away,0.357753,1.59454,0.0,4.0
ENG-Premier League,2021,14552,2020-12-12 12:30:00,Wolverhampton Wanderers,Aston Villa,home,1.1356,1.26872,0.0,1.0
ENG-Premier League,2021,14562,2020-12-15 18:00:00,Wolverhampton Wanderers,Chelsea,home,0.683783,1.56772,2.0,1.0
ENG-Premier League,2021,14566,2020-12-21 17:30:00,Wolverhampton Wanderers,Burnley,away,1.45722,1.20465,1.0,2.0
ENG-Premier League,2021,14584,2020-12-27 19:15:00,Wolverhampton Wanderers,Tottenham,home,0.742598,0.408109,1.0,1.0
ENG-Premier League,2021,14592,2020-12-29 20:00:00,Wolverhampton Wanderers,Manchester United,away,0.411046,1.48207,0.0,1.0
ENG-Premier League,2021,14601,2021-01-02 17:30:00,Wolverhampton Wanderers,Brighton,away,1.81856,2.4228,3.0,3.0
ENG-Premier League,2021,14612,2021-01-12 20:15:00,Wolverhampton Wanderers,Everton,home,0.852495,0.323445,1.0,2.0
ENG-Premier League,2021,14624,2021-01-16 12:30:00,Wolverhampton Wanderers,West Bromwich Albion,home,1.94358,2.46332,2.0,3.0
ENG-Premier League,2021,14630,2021-01-27 18:00:00,Wolverhampton Wanderers,Chelsea,away,0.63192,0.663324,0.0,0.0
ENG-Premier League,2021,14638,2021-01-30 15:00:00,Wolverhampton Wanderers,Crystal Palace,away,0.450907,1.36877,0.0,1.0
ENG-Premier League,2021,14650,2021-02-02 18:00:00,Wolverhampton Wanderers,Arsenal,home,1.56162,0.716265,2.0,1.0
ENG-Premier League,2021,14664,2021-02-07 14:00:00,Wolverhampton Wanderers,Leicester,home,1.35506,0.632232,0.0,0.0
ENG-Premier League,2021,14672,2021-02-14 12:00:00,Wolverhampton Wanderers,Southampton,away,1.09361,0.8536,2.0,1.0
ENG-Premier League,2021,14684,2021-02-19 20:00:00,Wolverhampton Wanderers,Leeds,home,0.592049,2.4793,1.0,0.0
ENG-Premier League,2021,14688,2021-02-27 20:00:00,Wolverhampton Wanderers,Newcastle United,away,1.27827,1.9519,1.0,1.0
ENG-Premier League,2021,14720,2021-03-02 20:00:00,Wolverhampton Wanderers,Manchester City,away,0.318824,3.26196,1.0,4.0
ENG-Premier League,2021,14695,2021-03-06 17:30:00,Wolverhampton Wanderers,Aston Villa,away,2.15087,0.956392,0.0,0.0
ENG-Premier League,2021,14714,2021-03-15 20:00:00,Wolverhampton Wanderers,Liverpool,home,1.29175,1.0552,0.0,1.0
ENG-Premier League,2021,14734,2021-04-05 19:15:00,Wolverhampton Wanderers,West Ham,home,1.95649,1.59694,2.0,3.0
ENG-Premier League,2021,14738,2021-04-09 19:00:00,Wolverhampton Wanderers,Fulham,away,0.428134,0.733154,1.0,0.0
ENG-Premier League,2021,14754,2021-04-17 19:15:00,Wolverhampton Wanderers,Sheffield United,home,1.22604,0.295925,1.0,0.0
ENG-Premier League,2021,14764,2021-04-25 11:00:00,Wolverhampton Wanderers,Burnley,home,0.351673,2.24049,0.0,4.0
ENG-Premier League,2021,14774,2021-05-03 17:00:00,Wolverhampton Wanderers,West Bromwich Albion,away,0.844138,1.07133,1.0,1.0
ENG-Premier League,2021,14784,2021-05-09 11:00:00,Wolverhampton Wanderers,Brighton,home,1.1199,0.27571,2.0,1.0
ENG-Premier League,2021,14793,2021-05-16 13:05:00,Wolverhampton Wanderers,Tottenham,away,1.09206,3.13947,0.0,2.0
ENG-Premier League,2021,14799,2021-05-19 17:00:00,Wolverhampton Wanderers,Everton,away,0.265526,0.670997,0.0,1.0
ENG-Premier League,2021,14814,2021-05-23 15:00:00,Wolverhampton Wanderers,Manchester United,home,0.701256,2.05229,1.0,2.0
ENG-Premier League,2122,16381,2021-08-14 14:00:00,Wolverhampton Wanderers,Leicester,away,1.32714,0.668082,0.0,1.0
ENG-Premier League,2122,16393,2021-08-22 13:00:00,Wolverhampton Wanderers,Tottenham,home,1.51127,1.72636,0.0,1.0
ENG-Premier League,2122,16405,2021-08-29 15:30:00,Wolverhampton Wanderers,Manchester United,home,1.79575,0.944083,0.0,1.0
ENG-Premier League,2122,16412,2021-09-11 14:00:00,Wolverhampton Wanderers,Watford,away,2.55922,0.185407,2.0,0.0
ENG-Premier League,2122,16417,2021-09-18 11:30:00,Wolverhampton Wanderers,Brentford,home,1.02316,2.32741,0.0,2.0
ENG-Premier League,2122,16433,2021-09-26 13:00:00,Wolverhampton Wanderers,Southampton,away,0.909833,0.909342,1.0,0.0
ENG-Premier League,2122,16445,2021-10-02 14:00:00,Wolverhampton Wanderers,Newcastle United,home,1.15849,0.865217,2.0,1.0
ENG-Premier League,2122,16447,2021-10-16 14:00:00,Wolverhampton Wanderers,Aston Villa,away,2.19633,1.21276,3.0,2.0
ENG-Premier League,2122,16462,2021-10-23 14:00:00,Wolverhampton Wanderers,Leeds,away,0.858644,1.71313,1.0,1.0
ENG-Premier League,2122,16475,2021-11-01 20:00:00,Wolverhampton Wanderers,Everton,home,1.69344,1.69767,2.0,1.0
ENG-Premier League,2122,16480,2021-11-06 15:00:00,Wolverhampton Wanderers,Crystal Palace,away,0.25416,2.65161,0.0,2.0
ENG-Premier League,2122,16495,2021-11-20 15:00:00,Wolverhampton Wanderers,West Ham,home,1.31903,0.436331,1.0,0.0
ENG-Premier League,2122,16505,2021-11-27 15:00:00,Wolverhampton Wanderers,Norwich,away,0.297157,1.4047,0.0,0.0
ENG-Premier League,2122,16511,2021-12-01 19:30:00,Wolverhampton Wanderers,Burnley,home,0.711691,0.195537,0.0,0.0
ENG-Premier League,2122,16525,2021-12-04 15:00:00,Wolverhampton Wanderers,Liverpool,home,0.095167,2.42332,0.0,1.0
ENG-Premier League,2122,16534,2021-12-11 12:30:00,Wolverhampton Wanderers,Manchester City,away,0.0762839,2.99915,0.0,1.0
ENG-Premier League,2122,16538,2021-12-15 19:30:00,Wolverhampton Wanderers,Brighton,away,1.11736,1.20118,1.0,0.0
ENG-Premier League,2122,16555,2021-12-19 14:00:00,Wolverhampton Wanderers,Chelsea,home,0.321371,0.793952,0.0,0.0
ENG-Premier League,2122,16583,2022-01-03 17:30:00,Wolverhampton Wanderers,Manchester United,away,0.840925,0.768752,1.0,0.0
ENG-Premier League,2122,16595,2022-01-15 15:00:00,Wolverhampton Wanderers,Southampton,home,2.29917,0.91728,3.0,1.0
ENG-Premier League,2122,16597,2022-01-22 15:00:00,Wolverhampton Wanderers,Brentford,away,0.218211,0.742573,2.0,1.0
ENG-Premier League,2122,16611,2022-02-10 19:45:00,Wolverhampton Wanderers,Arsenal,home,0.641359,1.45247,0.0,1.0
ENG-Premier League,2122,16624,2022-02-13 14:00:00,Wolverhampton Wanderers,Tottenham,away,1.87026,0.838197,2.0,0.0
ENG-Premier League,2122,16635,2022-02-20 16:30:00,Wolverhampton Wanderers,Leicester,home,0.472777,1.55048,2.0,1.0
ENG-Premier League,2122,16566,2022-02-24 19:45:00,Wolverhampton Wanderers,Arsenal,away,1.10934,2.50961,1.0,2.0
ENG-Premier League,2122,16645,2022-02-27 14:00:00,Wolverhampton Wanderers,West Ham,away,0.892018,1.62241,0.0,1.0
ENG-Premier League,2122,16655,2022-03-05 15:00:00,Wolverhampton Wanderers,Crystal Palace,home,0.710865,2.53759,0.0,2.0
ENG-Premier League,2122,16565,2022-03-10 19:30:00,Wolverhampton Wanderers,Watford,home,1.55037,0.498696,4.0,0.0
ENG-Premier League,2122,16661,2022-03-13 14:00:00,Wolverhampton Wanderers,Everton,away,0.712135,0.397268,1.0,0.0
ENG-Premier League,2122,16675,2022-03-18 20:00:00,Wolverhampton Wanderers,Leeds,home,1.24075,2.82103,2.0,3.0
ENG-Premier League,2122,16676,2022-04-02 14:00:00,Wolverhampton Wanderers,Aston Villa,home,1.62151,1.91256,2.0,1.0
ENG-Premier League,2122,16689,2022-04-08 19:00:00,Wolverhampton Wanderers,Newcastle United,away,0.306867,1.43878,0.0,1.0
ENG-Premier League,2122,16712,2022-04-24 13:00:00,Wolverhampton Wanderers,Burnley,away,0.592902,1.27298,0.0,1.0
ENG-Premier League,2122,16716,2022-04-30 14:00:00,Wolverhampton Wanderers,Brighton,home,0.525912,2.90679,0.0,3.0
ENG-Premier League,2122,16731,2022-05-07 14:00:00,Wolverhampton Wanderers,Chelsea,away,1.6842,1.82098,2.0,2.0
ENG-Premier League,2122,16696,2022-05-11 19:15:00,Wolverhampton Wanderers,Manchester City,home,0.411857,3.39304,1.0,5.0
ENG-Premier League,2122,16736,2022-05-15 13:00:00,Wolverhampton Wanderers,Norwich,home,0.999066,1.53212,1.0,1.0
ENG-Premier League,2122,16753,2022-05-22 15:00:00,Wolverhampton Wanderers,Liverpool,away,1.11708,3.19385,1.0,3.0
ENG-Premier League,2223,18205,2022-08-06 14:00:00,Wolverhampton Wanderers,Leeds,away,1.10119,0.88917,1.0,2.0
ENG-Premier League,2223,18216,2022-08-13 14:00:00,Wolverhampton Wanderers,Fulham,home,0.975375,1.08813,0.0,0.0
ENG-Premier League,2223,18222,2022-08-20 11:30:00,Wolverhampton Wanderers,Tottenham,away,0.686123,1.46608,0.0,1.0
ENG-Premier League,2223,18240,2022-08-28 13:00:00,Wolverhampton Wanderers,Newcastle United,home,1.13248,1.93362,1.0,1.0
ENG-Premier League,2223,18248,2022-08-31 18:30:00,Wolverhampton Wanderers,Bournemouth,away,1.53246,0.362035,0.0,0.0
ENG-Premier League,2223,18256,2022-09-03 14:00:00,Wolverhampton Wanderers,Southampton,home,1.10039,1.20838,1.0,0.0
ENG-Premier League,2223,18274,2022-09-17 11:30:00,Wolverhampton Wanderers,Manchester City,home,0.310995,1.4242,0.0,3.0
ENG-Premier League,2223,18291,2022-10-01 16:30:00,Wolverhampton Wanderers,West Ham,away,0.575988,1.03934,0.0,2.0
ENG-Premier League,2223,18295,2022-10-08 14:00:00,Wolverhampton Wanderers,Chelsea,away,0.748449,2.43092,0.0,3.0
ENG-Premier League,2223,18311,2022-10-15 14:00:00,Wolverhampton Wanderers,Nottingham Forest,home,1.22368,1.24761,1.0,0.0
ENG-Premier League,2223,18318,2022-10-18 19:15:00,Wolverhampton Wanderers,Crystal Palace,away,0.857837,1.25617,1.0,2.0
ENG-Premier League,2223,18331,2022-10-23 13:00:00,Wolverhampton Wanderers,Leicester,home,1.61785,0.989075,0.0,4.0
ENG-Premier League,2223,18334,2022-10-29 14:00:00,Wolverhampton Wanderers,Brentford,away,0.557605,1.29257,1.0,1.0
ENG-Premier League,2223,18351,2022-11-05 15:00:00,Wolverhampton Wanderers,Brighton,home,1.29252,1.87375,2.0,3.0
ENG-Premier League,2223,18361,2022-11-12 19:45:00,Wolverhampton Wanderers,Arsenal,home,0.512339,2.27996,0.0,2.0
ENG-Premier League,2223,18367,2022-12-26 15:00:00,Wolverhampton Wanderers,Everton,away,1.22076,1.22653,2.0,1.0
ENG-Premier League,2223,18381,2022-12-31 12:30:00,Wolverhampton Wanderers,Manchester United,home,0.587672,2.44728,0.0,1.0
ENG-Premier League,2223,18383,2023-01-04 20:00:00,Wolverhampton Wanderers,Aston Villa,away,0.832522,1.03226,1.0,1.0
ENG-Premier League,2223,18401,2023-01-14 15:00:00,Wolverhampton Wanderers,West Ham,home,0.806232,0.735105,1.0,0.0
ENG-Premier League,2223,18409,2023-01-22 14:00:00,Wolverhampton Wanderers,Manchester City,away,0.469277,3.32757,0.0,3.0
ENG-Premier League,2223,18421,2023-02-04 15:00:00,Wolverhampton Wanderers,Liverpool,home,2.63328,1.30193,3.0,0.0
ENG-Premier League,2223,18430,2023-02-11 15:00:00,Wolverhampton Wanderers,Southampton,away,0.615651,1.30203,2.0,1.0
ENG-Premier League,2223,18441,2023-02-18 15:00:00,Wolverhampton Wanderers,Bournemouth,home,0.911415,1.15274,0.0,1.0
ENG-Premier League,2223,18445,2023-02-24 20:00:00,Wolverhampton Wanderers,Fulham,away,0.997097,0.913133,1.0,1.0
ENG-Premier League,2223,18264,2023-03-01 20:00:00,Wolverhampton Wanderers,Liverpool,away,0.78681,2.70191,0.0,2.0
ENG-Premier League,2223,18461,2023-03-04 15:00:00,Wolverhampton Wanderers,Tottenham,home,0.562477,1.25588,1.0,0.0
ENG-Premier League,2223,18469,2023-03-12 16:30:00,Wolverhampton Wanderers,Newcastle United,away,0.709895,2.45527,1.0,2.0
ENG-Premier League,2223,18481,2023-03-18 15:00:00,Wolverhampton Wanderers,Leeds,home,2.76358,1.6549,2.0,4.0
ENG-Premier League,2223,18490,2023-04-01 14:00:00,Wolverhampton Wanderers,Nottingham Forest,away,0.383739,1.11441,1.0,1.0
ENG-Premier League,2223,18501,2023-04-08 14:00:00,Wolverhampton Wanderers,Chelsea,home,0.601153,0.815308,1.0,0.0
ENG-Premier League,2223,18511,2023-04-15 14:00:00,Wolverhampton Wanderers,Brentford,home,0.93912,1.5133,2.0,0.0
ENG-Premier League,2223,18518,2023-04-22 14:00:00,Wolverhampton Wanderers,Leicester,away,0.59626,2.66929,1.0,2.0
ENG-Premier League,2223,18527,2023-04-25 18:30:00,Wolverhampton Wanderers,Crystal Palace,home,1.12829,0.580294,2.0,0.0
ENG-Premier League,2223,18535,2023-04-29 14:00:00,Wolverhampton Wanderers,Brighton,away,0.603985,3.60471,0.0,6.0
ENG-Premier League,2223,18551,2023-05-06 14:00:00,Wolverhampton Wanderers,Aston Villa,home,0.80605,1.50158,1.0,0.0
ENG-Premier League,2223,18560,2023-05-13 14:00:00,Wolverhampton Wanderers,Manchester United,away,0.268789,3.10118,0.0,2.0
ENG-Premier League,2223,18571,2023-05-20 14:00:00,Wolverhampton Wanderers,Everton,home,1.28976,2.46976,1.0,1.0
ENG-Premier League,2223,18572,2023-05-28 15:30:00,Wolverhampton Wanderers,Arsenal,away,0.38772,3.02466,0.0,5.0
ENG-Premier League,2324,22284,2023-08-14 19:00:00,Wolverhampton Wanderers,Manchester United,away,1.72228,1.97087,0.0,1.0
ENG-Premier League,2324,22286,2023-08-19 14:00:00,Wolverhampton Wanderers,Brighton,home,2.68821,3.15562,1.0,4.0
ENG-Premier League,2324,22299,2023-08-26 14:00:00,Wolverhampton Wanderers,Everton,away,1.40228,1.89792,1.0,0.0
ENG-Premier League,2324,21932,2023-09-03 13:00:00,Wolverhampton Wanderers,Crystal Palace,away,1.13911,2.32935,2.0,3.0
ENG-Premier League,2324,21935,2023-09-16 11:30:00,Wolverhampton Wanderers,Liverpool,home,0.538833,2.82701,1.0,3.0
ENG-Premier League,2324,21945,2023-09-23 14:00:00,Wolverhampton Wanderers,Luton,away,0.762984,2.24101,1.0,1.0
ENG-Premier League,2324,21961,2023-09-30 14:00:00,Wolverhampton Wanderers,Manchester City,home,0.673985,0.98075,2.0,1.0
ENG-Premier League,2324,21974,2023-10-08 13:00:00,Wolverhampton Wanderers,Aston Villa,home,1.76232,1.81618,1.0,1.0
ENG-Premier League,2324,21975,2023-10-21 14:00:00,Wolverhampton Wanderers,Bournemouth,away,2.30454,1.01839,2.0,1.0
ENG-Premier League,2324,21994,2023-10-28 16:30:00,Wolverhampton Wanderers,Newcastle United,home,0.863393,2.31987,2.0,2.0
ENG-Premier League,2324,22003,2023-11-04 15:00:00,Wolverhampton Wanderers,Sheffield United,away,1.14803,1.10165,1.0,2.0
ENG-Premier League,2324,22014,2023-11-11 12:30:00,Wolverhampton Wanderers,Tottenham,home,1.90884,0.432315,2.0,1.0
ENG-Premier League,2324,22018,2023-11-27 20:00:00,Wolverhampton Wanderers,Fulham,away,1.57875,2.49057,2.0,3.0
ENG-Premier League,2324,22026,2023-12-02 15:00:00,Wolverhampton Wanderers,Arsenal,away,1.07886,3.30368,1.0,2.0
ENG-Premier League,2324,22042,2023-12-05 19:30:00,Wolverhampton Wanderers,Burnley,home,1.11886,0.781542,1.0,0.0
ENG-Premier League,2324,22054,2023-12-09 15:00:00,Wolverhampton Wanderers,Nottingham Forest,home,1.02199,1.21801,1.0,1.0
ENG-Premier League,2324,22064,2023-12-17 14:00:00,Wolverhampton Wanderers,West Ham,away,0.556206,1.03828,0.0,3.0
ENG-Premier League,2324,22073,2023-12-24 13:00:00,Wolverhampton Wanderers,Chelsea,home,1.74626,1.75447,2.0,1.0
ENG-Premier League,2324,22077,2023-12-27 19:30:00,Wolverhampton Wanderers,Brentford,away,1.89483,2.59347,4.0,1.0
ENG-Premier League,2324,22094,2023-12-30 15:00:00,Wolverhampton Wanderers,Everton,home,2.64477,0.519641,3.0,0.0
ENG-Premier League,2324,22095,2024-01-22 19:45:00,Wolverhampton Wanderers,Brighton,away,1.14116,1.3701,0.0,0.0
ENG-Premier League,2324,22111,2024-02-01 20:15:00,Wolverhampton Wanderers,Manchester United,home,2.27609,3.22698,3.0,4.0
ENG-Premier League,2324,22120,2024-02-04 14:00:00,Wolverhampton Wanderers,Chelsea,away,2.48996,2.35967,4.0,2.0
ENG-Premier League,2324,22134,2024-02-10 15:00:00,Wolverhampton Wanderers,Brentford,home,1.05781,1.84908,0.0,2.0
ENG-Premier League,2324,22144,2024-02-17 15:00:00,Wolverhampton Wanderers,Tottenham,away,1.77591,1.59768,2.0,1.0
ENG-Premier League,2324,22154,2024-02-25 13:30:00,Wolverhampton Wanderers,Sheffield United,home,1.21618,0.654342,1.0,0.0
ENG-Premier League,2324,22161,2024-03-02 15:00:00,Wolverhampton Wanderers,Newcastle United,away,0.507769,3.33495,0.0,3.0
ENG-Premier League,2324,22174,2024-03-09 15:00:00,Wolverhampton Wanderers,Fulham,home,1.29589,2.94155,2.0,1.0
ENG-Premier League,2324,22186,2024-03-30 17:30:00,Wolverhampton Wanderers,Aston Villa,away,1.66232,1.28271,0.0,2.0
ENG-Premier League,2324,22197,2024-04-02 18:45:00,Wolverhampton Wanderers,Burnley,away,1.01021,1.12581,1.0,1.0
ENG-Premier League,2324,22214,2024-04-06 14:00:00,Wolverhampton Wanderers,West Ham,home,1.78341,1.14133,1.0,2.0
ENG-Premier League,2324,22223,2024-04-13 14:00:00,Wolverhampton Wanderers,Nottingham Forest,away,1.45688,1.76244,2.0,2.0
ENG-Premier League,2324,22234,2024-04-20 18:30:00,Wolverhampton Wanderers,Arsenal,home,0.164516,1.66179,0.0,2.0
ENG-Premier League,2324,22184,2024-04-24 18:45:00,Wolverhampton Wanderers,Bournemouth,home,0.484454,2.40311,0.0,1.0
ENG-Premier League,2324,22244,2024-04-27 14:00:00,Wolverhampton Wanderers,Luton,home,1.49011,0.90435,2.0,1.0
ENG-Premier League,2324,22253,2024-05-04 16:30:00,Wolverhampton Wanderers,Manchester City,away,0.396887,4.52542,1.0,5.0
ENG-Premier League,2324,22264,2024-05-11 14:00:00,Wolverhampton Wanderers,Crystal Palace,home,1.1561,2.51452,1.0,3.0
ENG-Premier League,2324,22271,2024-05-19 15:00:00,Wolverhampton Wanderers,Liverpool,away,0.731254,5.65937,0.0,2.0
ENG-Premier League,2425,26604,2024-08-17 14:00:00,Wolverhampton Wanderers,Arsenal,away,0.575835,1.6283,0.0,2.0
ENG-Premier League,2425,26619,2024-08-25 13:00:00,Wolverhampton Wanderers,Chelsea,home,2.4181,2.02935,2.0,6.0
ENG-Premier League,2425,26627,2024-08-31 14:00:00,Wolverhampton Wanderers,Nottingham Forest,away,0.937632,1.41069,1.0,1.0
ENG-Premier League,2425,26641,2024-09-15 15:30:00,Wolverhampton Wanderers,Newcastle United,home,1.46969,1.48343,1.0,2.0
ENG-Premier League,2425,26647,2024-09-21 14:00:00,Wolverhampton Wanderers,Aston Villa,away,0.520117,2.37351,1.0,3.0
ENG-Premier League,2425,26658,2024-09-28 16:30:00,Wolverhampton Wanderers,Liverpool,home,0.748925,2.11724,1.0,2.0
ENG-Premier League,2425,26667,2024-10-05 14:00:00,Wolverhampton Wanderers,Brentford,away,0.696254,4.13513,3.0,5.0
ENG-Premier League,2425,26681,2024-10-20 13:00:00,Wolverhampton Wanderers,Manchester City,home,0.761217,1.36569,1.0,2.0
ENG-Premier League,2425,26686,2024-10-26 14:00:00,Wolverhampton Wanderers,Brighton,away,1.11074,1.51347,2.0,2.0
ENG-Premier League,2425,26701,2024-11-02 17:30:00,Wolverhampton Wanderers,Crystal Palace,home,1.65018,2.64849,2.0,2.0
ENG-Premier League,2425,26711,2024-11-09 15:00:00,Wolverhampton Wanderers,Southampton,home,0.912781,0.792655,2.0,0.0
ENG-Premier League,2425,26717,2024-11-23 15:00:00,Wolverhampton Wanderers,Fulham,away,1.33903,0.717158,4.0,1.0
ENG-Premier League,2425,26731,2024-11-30 15:00:00,Wolverhampton Wanderers,Bournemouth,home,0.866034,3.07901,2.0,4.0
ENG-Premier League,2425,26735,2024-12-04 19:30:00,Wolverhampton Wanderers,Everton,away,0.847724,1.49904,0.0,4.0
ENG-Premier League,2425,26746,2024-12-09 20:00:00,Wolverhampton Wanderers,West Ham,away,1.47567,1.19808,1.0,2.0
ENG-Premier League,2425,26758,2024-12-14 15:00:00,Wolverhampton Wanderers,Ipswich,home,1.23748,1.73349,1.0,2.0
ENG-Premier League,2425,26770,2024-12-22 14:00:00,Wolverhampton Wanderers,Leicester,away,1.13531,0.78868,3.0,0.0
ENG-Premier League,2425,26781,2024-12-26 17:30:00,Wolverhampton Wanderers,Manchester United,home,0.826489,0.358876,2.0,0.0
ENG-Premier League,2425,26790,2024-12-29 15:00:00,Wolverhampton Wanderers,Tottenham,away,0.640697,2.28433,2.0,2.0
ENG-Premier League,2425,26801,2025-01-06 20:00:00,Wolverhampton Wanderers,Nottingham Forest,home,1.90463,2.57227,0.0,3.0
ENG-Premier League,2425,26810,2025-01-15 19:30:00,Wolverhampton Wanderers,Newcastle United,away,1.47433,2.13327,0.0,3.0
ENG-Premier League,2425,26814,2025-01-20 20:00:00,Wolverhampton Wanderers,Chelsea,away,1.06726,3.14882,1.0,3.0
ENG-Premier League,2425,26831,2025-01-25 15:00:00,Wolverhampton Wanderers,Arsenal,home,0.514724,0.887358,0.0,1.0
ENG-Premier League,2425,26841,2025-02-01 17:30:00,Wolverhampton Wanderers,Aston Villa,home,2.00146,0.742809,2.0,0.0
ENG-Premier League,2425,26847,2025-02-16 14:00:00,Wolverhampton Wanderers,Liverpool,away,1.05329,1.86758,1.0,2.0
ENG-Premier League,2425,26852,2025-02-22 15:00:00,Wolverhampton Wanderers,Bournemouth,away,2.10124,0.629691,1.0,0.0
ENG-Premier League,2425,26867,2025-02-25 19:30:00,Wolverhampton Wanderers,Fulham,home,0.928973,1.43473,1.0,2.0
ENG-Premier League,2425,26881,2025-03-08 20:00:00,Wolverhampton Wanderers,Everton,home,0.812432,1.3672,1.0,1.0
ENG-Premier League,2425,26891,2025-03-15 15:00:00,Wolverhampton Wanderers,Southampton,away,0.540718,1.2821,2.0,1.0
ENG-Premier League,2425,26895,2025-04-01 19:45:00,Wolverhampton Wanderers,West Ham,home,1.10359,1.73057,1.0,0.0
ENG-Premier League,2425,26907,2025-04-05 14:00:00,Wolverhampton Wanderers,Ipswich,away,2.8096,0.872356,2.0,1.0
ENG-Premier League,2425,26919,2025-04-13 13:00:00,Wolverhampton Wanderers,Tottenham,home,2.22977,1.62887,4.0,2.0
ENG-Premier League,2425,26929,2025-04-20 13:00:00,Wolverhampton Wanderers,Manchester United,away,0.187814,1.13966,1.0,0.0
ENG-Premier League,2425,26941,2025-04-26 14:00:00,Wolverhampton Wanderers,Leicester,home,2.57666,1.04978,3.0,0.0
ENG-Premier League,2425,26942,2025-05-02 19:00:00,Wolverhampton Wanderers,Manchester City,away,0.622455,0.859463,0.0,1.0
ENG-Premier League,2425,26961,2025-05-10 14:00:00,Wolverhampton Wanderers,Brighton,home,0.73395,1.41254,0.0,2.0
ENG-Premier League,2425,26967,2025-05-20 19:00:00,Wolverhampton Wanderers,Crystal Palace,away,1.42886,1.68451,2.0,4.0
ENG-Premier League,2425,26978,2025-05-25 15:00:00,Wolverhampton Wanderers,Brentford,home,1.10889,1.97196,1.0,1.0
ENG-Premier League,2526,28783,2025-08-16 16:30:00,Wolverhampton Wanderers,Manchester City,home,0.519436,2.29903,0.0,4.0
ENG-Premier League,2526,28792,2025-08-23 14:00:00,Wolverhampton Wanderers,Bournemouth,away,0.373367,1.78462,0.0,1.0
ENG-Premier League,2526,28800,2025-08-30 14:00:00,Wolverhampton Wanderers,Everton,home,0.943257,2.03791,2.0,3.0
ENG-Premier League,2526,28809,2025-09-13 14:00:00,Wolverhampton Wanderers,Newcastle United,away,0.375942,1.19186,0.0,1.0
ENG-Premier League,2526,28820,2025-09-20 14:00:00,Wolverhampton Wanderers,Leeds,home,1.5661,0.456988,1.0,3.0
ENG-Premier League,2526,28835,2025-09-27 19:00:00,Wolverhampton Wanderers,Tottenham,away,1.15951,0.818711,1.0,1.0
ENG-Premier League,2526,28847,2025-10-05 13:00:00,Wolverhampton Wanderers,Brighton,home,0.369404,1.39158,1.0,1.0
ENG-Premier League,2526,28855,2025-10-18 14:00:00,Wolverhampton Wanderers,Sunderland,away,0.676323,1.02481,0.0,2.0
ENG-Premier League,2526,28867,2025-10-26 13:00:00,Wolverhampton Wanderers,Burnley,home,2.58132,1.54544,2.0,3.0
ENG-Premier League,2526,28871,2025-11-01 15:00:00,Wolverhampton Wanderers,Fulham,away,0.209934,1.91207,0.0,3.0
ENG-Premier League,2526,28880,2025-11-08 20:00:00,Wolverhampton Wanderers,Chelsea,away,0.111462,3.98342,0.0,3.0
ENG-Premier League,2526,28897,2025-11-22 15:00:00,Wolverhampton Wanderers,Crystal Palace,home,1.66409,1.44933,0.0,2.0
ENG-Premier League,2526,28898,2025-11-30 14:05:00,Wolverhampton Wanderers,Aston Villa,away,0.692588,1.15486,0.0,1.0
ENG-Premier League,2526,28917,2025-12-03 19:30:00,Wolverhampton Wanderers,Nottingham Forest,home,1.02461,1.12389,0.0,1.0
ENG-Premier League,2526,28927,2025-12-08 20:00:00,Wolverhampton Wanderers,Manchester United,home,0.262147,4.04708,1.0,4.0
ENG-Premier League,2526,28928,2025-12-13 20:00:00,Wolverhampton Wanderers,Arsenal,away,0.61997,1.61796,1.0,2.0
ENG-Premier League,2526,28947,2025-12-20 15:00:00,Wolverhampton Wanderers,Brentford,home,1.26823,1.56309,0.0,2.0
ENG-Premier League,2526,28953,2025-12-27 15:00:00,Wolverhampton Wanderers,Liverpool,away,0.780664,1.56502,1.0,2.0
ENG-Premier League,2526,28964,2025-12-30 20:15:00,Wolverhampton Wanderers,Manchester United,away,1.21784,1.13306,1.0,1.0
ENG-Premier League,2526,28970,2026-01-03 15:00:00,Wolverhampton Wanderers,West Ham,home,2.23925,0.235678,3.0,0.0
ENG-Premier League,2526,28978,2026-01-07 19:30:00,Wolverhampton Wanderers,Everton,away,0.71329,1.63321,1.0,1.0
ENG-Premier League,2526,28997,2026-01-18 14:00:00,Wolverhampton Wanderers,Newcastle United,home,0.390216,0.813313,0.0,0.0
ENG-Premier League,2526,29005,2026-01-24 15:00:00,Wolverhampton Wanderers,Manchester City,away,0.542683,1.0654,0.0,2.0
ENG-Premier League,2526,29017,2026-01-31 15:00:00,Wolverhampton Wanderers,Bournemouth,home,2.10353,1.59116,0.0,2.0
ENG-Premier League,2526,29027,2026-02-07 15:00:00,Wolverhampton Wanderers,Chelsea,home,1.11372,3.76278,1.0,3.0
ENG-Premier League,2526,29034,2026-02-11 19:30:00,Wolverhampton Wanderers,Nottingham Forest,away,0.406959,3.69094,0.0,0.0
ENG-Premier League,2526,29087,2026-02-18 20:00:00,Wolverhampton Wanderers,Arsenal,home,0.173119,2.01018,2.0,2.0
ENG-Premier League,2526,29041,2026-02-22 14:00:00,Wolverhampton Wanderers,Crystal Palace,away,1.67749,2.03559,0.0,1.0
ENG-Premier League,2526,29057,2026-02-27 20:00:00,Wolverhampton Wanderers,Aston Villa,home,1.50771,1.31328,2.0,0.0
ENG-Premier League,2526,29067,2026-03-03 20:15:00,Wolverhampton Wanderers,Liverpool,home,0.636033,2.17217,2.0,1.0
ENG-Premier League,2526,29069,2026-03-16 20:00:00,Wolverhampton Wanderers,Brentford,away,1.80044,2.7966,2.0,2.0
ENG-Premier League,2526,29091,2026-04-10 19:00:00,Wolverhampton Wanderers,West Ham,away,0.571967,2.54379,0.0,4.0
ENG-Premier League,2526,29103,2026-04-18 14:00:00,Wolverhampton Wanderers,Leeds,away,0.568627,3.55804,0.0,3.0
ENG-Premier League,2526,29117,2026-04-25 14:00:00,Wolverhampton Wanderers,Tottenham,home,0.762656,1.06403,0.0,1.0
ENG-Premier League,2526,29127,2026-05-02 15:00:00,Wolverhampton Wanderers,Sunderland,home,1.96131,0.923954,1.0,1.0
ENG-Premier League,2526,29128,2026-05-09 15:00:00,Wolverhampton Wanderers,Brighton,away,0.515647,2.22427,0.0,3.0
ENG-Premier League,2526,29147,2026-05-17 15:00:00,Wolverhampton Wanderers,Fulham,home,1.49725,1.48412,1.0,1.0
ENG-Premier League,2526,29149,2026-05-24 15:00:00,Wolverhampton Wanderers,Burnley,away,2.8433,1.28476,1.0,1.0
