season,game_id,date,team,opponent,venue,gameweek,xG,xGA,xgd,scored,conceded,gd,result,points,cum_pts,leader_pts,title_gap,stakes_intensity,is_high_stakes,is_high_stakes_retro,stake_label,is_rivalry,is_big6_opp,is_run_in,is_win,match_drop_index,xG_z,xGA_z,xG_roll5,xGA_roll5,pts_roll5,win_rate_roll5
1920,11650,2019-08-11 14:00:00,Arsenal,Newcastle United,away,1,1.13309,0.380551,0.752539,1,0,1,W,3,3,3,0,0.0154,False,False,Normal,False,0,0,1,-0.460875394736842,-0.6812550891737832,-0.8876463911217657,,,,
1920,11653,2019-08-17 12:30:00,Arsenal,Burnley,home,2,1.1644,1.39172,-0.2273199999999999,2,1,1,W,3,6,6,0,0.0187,False,False,Normal,False,0,0,1,0.02905410526315788,-0.6492034090245268,0.3199562146583221,,,,
1920,11670,2019-08-24 17:30:00,Arsenal,Liverpool,away,3,0.985542,2.78821,-1.802668,1,3,-2,L,0,6,9,3,0.0221,False,False,Normal,False,1,0,0,0.8167281052631579,-0.8322982479940464,1.9877337700875672,,,,
1920,11682,2019-09-01 16:30:00,Arsenal,Tottenham,home,4,1.92509,1.95514,-0.0300500000000001,2,2,0,D,1,7,12,5,0.1764,False,False,Normal,True,1,0,0,-0.06958089473684204,0.1295060311778896,0.9928283657513808,1.094344,1.5201603333333331,2.0,0.6666666666666666
1920,11691,2019-09-15 15:30:00,Arsenal,Watford,away,5,1.00616,2.83209,-1.82593,2,2,0,D,1,8,15,7,0.0313,False,False,Normal,False,0,0,0,0.8283591052631579,-0.811191842969538,2.040138068816692,1.3020305,1.62890525,1.75,0.5
1920,11702,2019-09-22 15:30:00,Arsenal,Aston Villa,home,6,2.53209,1.71546,0.8166300000000002,3,2,1,W,3,11,18,7,0.0436,False,False,Normal,False,0,0,1,-0.4929208947368422,0.7508848191241845,0.7065872007696896,1.2428564,1.8695422,1.6,0.4
1920,11712,2019-09-30 19:00:00,Arsenal,Manchester United,away,7,1.70399,1.1335,0.5704899999999999,1,1,0,D,1,12,21,9,0.0447,False,False,Normal,False,1,0,0,-0.3698508947368421,-0.0968314482536191,0.011573397478865,1.5226564,2.136524,1.6,0.4
1920,11722,2019-10-06 14:00:00,Arsenal,Bournemouth,home,8,1.24109,0.683967,0.557123,1,0,1,W,3,15,24,9,0.0539,False,False,Normal,False,0,0,1,-0.3631673947368421,-0.5706967545803732,-0.5252876239568595,1.6305744,2.08488,1.2,0.2
1920,11730,2019-10-21 20:00:00,Arsenal,Sheffield United,away,9,0.949735,0.895722,0.0540129999999999,0,1,-1,L,0,15,25,10,0.064,False,False,Normal,False,0,0,0,-0.11161239473684209,-0.8689534543531782,-0.272396277617165,1.681684,1.6640314000000005,1.8,0.4
1920,11733,2019-10-27 16:30:00,Arsenal,Crystal Palace,home,10,1.54014,1.77892,-0.23878,2,2,0,D,1,16,28,12,0.0746,False,False,Normal,False,0,0,0,0.034784105263157894,-0.2645627734677875,0.782375186124071,1.4866130000000002,1.4521478,1.6,0.4
1920,11743,2019-11-02 15:00:00,Arsenal,Wolverhampton Wanderers,home,11,1.02552,1.5103,-0.48478,1,1,0,D,1,17,31,14,0.0865,False,False,Normal,False,0,0,0,0.1577841052631579,-0.7913732378053859,0.4615720246697076,1.593409,1.2415138,1.6,0.4
1920,11762,2019-11-09 17:30:00,Arsenal,Leicester,away,12,0.961339,1.37055,-0.4092109999999999,0,2,-2,L,0,17,34,17,0.1127,False,False,Normal,False,0,0,0,0.11999960526315784,-0.8570745755140862,0.2946736484756517,1.292095,1.2004818,1.2,0.2
1920,11763,2019-11-23 15:00:00,Arsenal,Southampton,home,13,1.60823,2.60312,-0.99489,2,2,0,D,1,18,37,19,0.1284,False,False,Normal,False,0,0,0,0.4128391052631579,-0.1948598382597757,1.7666874699104096,1.1435648,1.2478918,1.0,0.2
1920,11781,2019-12-01 14:00:00,Arsenal,Norwich,away,14,1.96157,0.810596,1.1509740000000002,2,2,0,D,1,19,40,21,0.1448,False,False,Normal,False,0,0,0,-0.6600928947368421,0.1668501797516637,-0.3740591840350197,1.2169928,1.6317224000000004,0.6,0.0
1920,11783,2019-12-05 20:15:00,Arsenal,Brighton,home,15,0.965377,1.53446,-0.5690829999999999,1,2,-1,L,0,19,43,24,0.1578,False,False,Normal,False,0,0,0,0.19993560526315785,-0.8529409222262326,0.4904254398314133,1.4193598,1.6146972000000002,0.8,0.0
1920,11802,2019-12-09 20:00:00,Arsenal,West Ham,away,16,1.79181,0.521847,1.269963,3,1,2,W,3,22,46,24,0.1867,False,False,Normal,False,0,0,1,-0.7195873947368421,-0.0069311432166444,-0.7189016829806901,1.3044072,1.5658052000000002,0.6,0.0
1920,11803,2019-12-15 16:30:00,Arsenal,Manchester City,home,17,0.28161,1.69553,-1.41392,0,3,-3,L,0,22,49,27,0.3377,False,False,Normal,True,1,0,0,0.6223541052631579,-1.552905188614493,0.6827855217890275,1.4576652,1.3681146,1.0,0.2
1920,11816,2019-12-21 12:30:00,Arsenal,Everton,away,18,0.881818,0.486523,0.395295,0,0,0,D,1,23,52,29,0.2074,False,False,Normal,False,0,0,0,-0.2822533947368421,-0.938479291488184,-0.7610878600159589,1.3217194,1.4331106000000002,1.0,0.2
1920,11824,2019-12-26 15:00:00,Arsenal,Bournemouth,away,19,1.42464,1.55463,-0.12999,1,1,0,D,1,24,55,31,0.2397,False,False,Normal,False,0,0,0,-0.019610894736842077,-0.38279877018574,0.5145137421414965,1.176437,1.0097912,1.0,0.2
1920,11833,2019-12-29 14:00:00,Arsenal,Chelsea,home,20,0.785214,1.49666,-0.7114460000000001,1,2,-1,L,0,24,58,34,0.4407,False,True,High Stakes,True,1,0,0,0.27111710526315796,-1.0373716744054229,0.4452822654476188,1.069051,1.158598,1.0,0.2
1920,11844,2020-01-01 20:00:00,Arsenal,Manchester United,home,21,1.90747,0.715563,1.191907,2,0,2,W,3,27,61,34,0.3367,False,False,Normal,False,1,0,1,-0.6805593947368421,0.1114686436266314,-0.4875536626385955,1.0330184,1.1510380000000002,1.0,0.2
1920,11859,2020-01-11 12:30:00,Arsenal,Crystal Palace,away,22,1.43924,0.317862,1.121378,1,1,0,D,1,28,64,36,0.3061,False,False,Normal,False,0,0,0,-0.6452948947368422,-0.367852921249964,-0.9625135990303822,1.0561504,1.1897812,1.0,0.2
1920,11863,2020-01-18 15:00:00,Arsenal,Sheffield United,home,23,1.22882,1.18444,0.04438,1,1,0,D,1,29,67,38,0.3398,False,False,Normal,False,0,0,0,-0.10679589473684215,-0.5832574098161244,0.072409199148455,1.2876764,0.9142475999999998,1.2,0.2
1920,11881,2020-01-21 20:15:00,Arsenal,Chelsea,away,24,0.568077,3.38612,-2.818043,2,2,0,D,1,30,70,40,0.5135,True,True,High Stakes,True,1,0,0,1.324415605263158,-1.259652277170323,2.701796082146157,1.3570768000000002,1.0538310000000002,1.2,0.2
1920,11884,2020-02-02 14:00:00,Arsenal,Burnley,away,25,1.48025,2.24562,-0.7653700000000001,0,0,0,D,1,31,73,42,0.384,False,False,Normal,False,0,0,0,0.29807910526315795,-0.3258714647529664,1.3397381354604996,1.1857642,1.420129,1.2,0.2
1920,11893,2020-02-16 16:30:00,Arsenal,Newcastle United,home,26,3.02257,1.16662,1.85595,4,0,4,W,3,34,76,42,0.4419,False,True,High Stakes,False,0,0,1,-1.0125808947368422,1.2529834483035889,0.0511274169389518,1.3247714,1.569921,1.4,0.2
1920,11903,2020-02-23 16:30:00,Arsenal,Everton,home,27,1.33567,2.65691,-1.32124,3,2,1,W,3,37,79,42,0.4597,False,True,High Stakes,False,0,0,1,0.5760141052631579,-0.4738763167484778,1.8309269236168728,1.5477914,1.6601324000000002,1.4,0.2
1920,11923,2020-03-07 15:00:00,Arsenal,West Ham,home,28,1.55974,1.61615,-0.05641,1,0,1,W,3,40,79,39,0.509,True,True,High Stakes,False,0,0,1,-0.05640089473684207,-0.2444984831156504,0.5879848555830587,1.5270774,2.127942,1.8,0.4
1920,11917,2020-06-17 19:15:00,Arsenal,Manchester City,away,29,0.496759,2.73725,-2.240491,0,3,-3,L,0,40,82,42,0.6092,True,True,High Stakes,True,1,1,0,1.035639605263158,-1.332659678156738,1.9268740831405256,1.5932613999999998,2.214284,2.2,0.6
1920,11941,2020-06-20 14:00:00,Arsenal,Brighton,away,30,0.69627,0.670973,0.0252969999999999,1,2,-1,L,0,40,83,43,0.3849,False,False,Normal,False,0,1,0,-0.09725439473684205,-1.1284226050727952,-0.540805888717257,1.5789978,2.0845100000000003,2.0,0.6
1920,11952,2020-06-25 17:00:00,Arsenal,Southampton,away,31,2.18595,0.738305,1.447645,2,0,2,W,3,43,86,43,0.3628,False,False,Normal,False,0,1,1,-0.8084283947368421,0.3965453567523055,-0.4603937136482182,1.4222017999999998,1.7695805999999998,1.8,0.6
1920,11953,2020-07-01 17:00:00,Arsenal,Norwich,home,32,1.76496,0.153871,1.611089,4,0,4,W,3,46,86,40,0.4256,False,True,High Stakes,False,0,1,1,-0.8901503947368421,-0.0344171736225059,-1.1583621257598236,1.2548777999999998,1.6839175999999998,1.8,0.6
1920,11972,2020-07-04 16:30:00,Arsenal,Wolverhampton Wanderers,away,33,1.28273,0.985166,0.2975639999999999,2,0,2,W,3,49,89,40,0.3904,False,True,High Stakes,False,0,1,1,-0.23338789473684207,-0.5280703744649141,-0.1655765397974789,1.3407357999999998,1.1833098,1.8,0.6
1920,11973,2020-07-07 19:15:00,Arsenal,Leicester,home,34,1.29023,1.00238,0.2878499999999999,1,1,0,D,1,50,92,42,0.4135,False,True,High Stakes,False,0,1,0,-0.22853089473684207,-0.5203927123403717,-0.1450184814947634,1.2853338,1.057113,1.8,0.6
1920,11990,2020-07-12 15:30:00,Arsenal,Tottenham,away,35,0.68991,1.81846,-1.12855,1,2,-1,L,0,50,93,43,0.4326,False,True,High Stakes,True,1,1,0,0.47966910526315787,-1.134933262554407,0.8295963796461673,1.444028,0.7101390000000001,2.0,0.6
1920,11993,2020-07-15 19:15:00,Arsenal,Liverpool,home,36,1.31516,2.2233,-0.90814,2,1,1,W,3,53,93,40,0.327,False,False,Normal,False,1,1,1,0.36946410526315787,-0.4948721634383927,1.313082165824354,1.442756,0.9396364,2.0,0.6
1920,12003,2020-07-21 19:15:00,Arsenal,Aston Villa,away,37,0.737137,0.57408,0.163057,0,1,-1,L,0,53,96,43,0.0,False,False,Normal,False,0,1,0,-0.1661343947368421,-1.0865875360003054,-0.6565216981238448,1.268598,1.2366354000000002,2.0,0.6
1920,12014,2020-07-26 15:00:00,Arsenal,Watford,home,38,1.95282,3.9197,-1.96688,3,2,1,W,3,56,99,43,0.0,False,False,Normal,False,0,1,1,0.898834105263158,0.1578929072730309,3.3390313992812155,1.0630334,1.3206772,1.4,0.4
2021,14086,2020-09-12 11:30:00,Arsenal,Fulham,away,1,2.16287,0.126327,2.036543,3,0,3,W,3,3,3,0,0.0154,False,False,Normal,False,0,0,1,-0.8996518157894736,0.3729186311743803,-1.1912569298663642,,,,
2021,14099,2020-09-19 19:00:00,Arsenal,West Ham,home,2,1.32902,2.06377,-0.7347499999999998,2,1,1,W,3,6,6,0,0.0187,False,False,Normal,False,0,0,1,0.48599468421052616,-0.4806838438322385,1.1225612502305238,,,,
2021,14115,2020-09-28 19:15:00,Arsenal,Liverpool,away,3,1.17817,2.73834,-1.56017,1,3,-2,L,0,6,9,3,0.0221,False,False,Normal,False,1,0,0,0.8987046842105263,-0.6351072213638672,1.9281758307616452,,,,
2021,14465,2020-10-04 13:00:00,Arsenal,Sheffield United,home,4,0.667131,0.144994,0.5221370000000001,2,1,1,W,3,9,12,3,0.0269,False,False,Normal,False,0,0,1,-0.14244881578947372,-1.1582518579590673,-1.1689636061567796,1.5566866666666666,1.642812333333333,2.0,0.6666666666666666
2021,14480,2020-10-17 16:30:00,Arsenal,Manchester City,away,5,0.838322,1.43023,-0.5919079999999999,0,1,-1,L,0,9,13,4,0.1823,False,False,Normal,True,1,0,0,0.4145736842105262,-0.9830056370573964,0.3659473163916534,1.33429775,1.2683577499999998,2.25,0.75
2021,14485,2020-10-25 19:15:00,Arsenal,Leicester,home,6,0.73944,0.736172,0.0032679999999999,0,1,-1,L,0,9,13,4,0.0391,False,False,Normal,False,0,0,0,0.1169856842105263,-1.0842299818839294,-0.4629410784884465,1.2351025999999998,1.3007322,1.8,0.6
2021,14500,2020-11-01 16:30:00,Arsenal,Manchester United,away,7,0.998072,0.394113,0.6039589999999999,1,0,1,W,3,12,16,4,0.0473,False,False,Normal,False,1,0,1,-0.18335981578947375,-0.8194714338046444,-0.8714497844817386,0.9504166,1.4227012,1.2,0.4
2021,14505,2020-11-08 19:15:00,Arsenal,Aston Villa,home,8,1.39037,1.98553,-0.5951599999999999,0,3,-3,L,0,12,18,6,0.0558,False,False,Normal,False,0,0,0,0.4161996842105262,-0.417880567653482,1.0291220448393044,0.8842270000000001,1.0887698,1.2,0.4
2021,14518,2020-11-22 16:30:00,Arsenal,Leeds,away,9,0.710778,1.9617,-1.250922,0,0,0,D,1,13,20,7,0.0664,False,False,Normal,False,0,0,0,0.7440806842105263,-1.1135709354590806,1.0006627367555525,0.926667,0.9382078,1.2,0.4
2021,14525,2020-11-29 19:15:00,Arsenal,Wolverhampton Wanderers,home,10,1.1185,2.0069,-0.8883999999999999,1,2,-1,L,0,13,21,8,0.0786,False,False,Normal,False,0,0,0,0.5628196842105262,-0.6961907012267261,1.054643463796492,0.9353964,1.301549,0.8,0.2
2021,14542,2020-12-06 16:30:00,Arsenal,Tottenham,away,11,0.595216,0.390629,0.2045869999999999,0,2,-2,L,0,13,24,11,0.2538,False,False,Normal,True,1,0,0,0.016326184210526284,-1.2318704008505956,-0.8756105998138323,0.991432,1.416883,0.8,0.2
2021,14554,2020-12-13 19:15:00,Arsenal,Burnley,home,12,1.85362,0.815375,1.038245,0,1,-1,L,0,13,25,12,0.1215,False,False,Normal,False,0,0,0,-0.4005028157894738,0.0563430295724174,-0.3683517969879257,0.9625872,1.3477744,0.8,0.2
2021,14555,2020-12-16 18:00:00,Arsenal,Southampton,home,13,0.661135,1.11296,-0.4518249999999999,1,1,0,D,1,14,28,14,0.1393,False,False,Normal,False,0,0,0,0.3445321842105262,-1.164389892905568,-0.0129567824640752,1.1336968,1.4320267999999998,0.2,0.0
2021,14569,2020-12-19 17:30:00,Arsenal,Everton,away,14,1.25206,0.661744,0.590316,1,2,-1,L,0,14,31,17,0.1555,False,False,Normal,False,0,0,0,-0.1765383157894737,-0.5594668941128759,-0.551827749997364,0.9878498,1.2575128,0.4,0.0
2021,14575,2020-12-26 17:30:00,Arsenal,Chelsea,home,15,1.94485,2.25414,-0.30929,3,1,2,W,3,17,32,15,0.3374,False,False,Normal,True,1,0,1,0.2732646842105263,0.1497341116553505,1.349913263654942,1.0961062,0.9975215999999998,0.2,0.0
2021,14585,2020-12-29 18:00:00,Arsenal,Brighton,away,16,1.31394,0.799368,0.5145720000000001,1,0,1,W,3,20,33,13,0.1955,False,False,Normal,False,0,0,1,-0.1386663157894738,-0.4961210631439849,-0.3874683787964284,1.2613762,1.0469696,0.8,0.2
2021,14600,2021-01-02 20:00:00,Arsenal,West Bromwich Albion,away,17,4.03429,0.869874,3.164416,4,0,4,W,3,23,36,13,0.2248,False,False,Normal,False,0,0,1,-1.4635883157894738,2.288669358255855,-0.3032656101957979,1.405121,1.1287174,1.4,0.4
2021,14605,2021-01-14 20:00:00,Arsenal,Crystal Palace,home,18,0.368554,0.709634,-0.34108,0,0,0,D,1,24,38,14,0.251,False,False,Normal,False,0,0,0,0.28915968421052624,-1.4639016345136648,-0.4946344531391647,1.8412550000000003,1.1396172,2.0,0.6
2021,14615,2021-01-18 20:00:00,Arsenal,Newcastle United,home,19,2.30744,0.168796,2.138644,3,0,3,W,3,27,41,14,0.2827,False,False,Normal,False,0,0,1,-0.9507023157894738,0.520913246287059,-1.14053773746146,1.7827388000000002,1.058952,2.0,0.6
2021,14632,2021-01-26 20:15:00,Arsenal,Southampton,away,20,2.4339,0.99504,1.43886,3,1,2,W,3,30,44,14,0.3151,False,False,Normal,False,0,0,1,-0.6008103157894737,0.6503688665896757,-0.1537843783195532,1.9938148,0.9603624,2.6,0.8
2021,14635,2021-01-30 17:30:00,Arsenal,Manchester United,home,21,0.747166,1.51332,-0.766154,0,0,0,D,1,31,47,16,0.3297,False,False,Normal,False,1,0,0,0.5016966842105263,-1.0763209662073676,0.4651787015649208,2.0916248,0.7085424,2.6,0.8
2021,14650,2021-02-02 18:00:00,Arsenal,Wolverhampton Wanderers,away,22,0.716265,1.56162,-0.845355,1,2,-1,L,0,31,50,19,0.3265,False,False,Normal,False,0,0,0,0.5412971842105263,-1.1079539578487654,0.5228616466108807,1.97827,0.8513328000000001,2.2,0.6
2021,14655,2021-02-06 12:30:00,Arsenal,Aston Villa,away,23,0.679649,1.19792,-0.5182710000000001,0,1,-1,L,0,31,53,22,0.3487,False,False,Normal,False,0,0,0,0.37775518421052634,-1.1454373280290644,0.0885078761509301,1.3146650000000002,0.989682,1.6,0.4
2021,14665,2021-02-14 16:30:00,Arsenal,Leeds,home,24,2.50614,0.77074,1.7353999999999998,4,2,2,W,3,34,56,22,0.4419,False,True,High Stakes,False,0,0,1,-0.7490803157894736,0.7243201081732675,-0.4216577649408536,1.376884,1.0873392,1.4,0.4
2021,14675,2021-02-21 16:30:00,Arsenal,Manchester City,home,25,0.331188,2.08868,-1.757492,0,1,-1,L,0,34,59,25,0.522,True,True,High Stakes,True,1,0,0,0.9973656842105263,-1.5021527709064182,1.1523103632966702,1.416624,1.207728,1.4,0.4
2021,14690,2021-02-28 12:00:00,Arsenal,Leicester,away,26,2.1065,0.533575,1.572925,3,1,2,W,3,37,62,25,0.4143,False,True,High Stakes,False,0,0,1,-0.6678428157894738,0.3152133226463202,-0.7048953562829878,0.9960816,1.426456,0.8,0.2
2021,14697,2021-03-06 12:30:00,Arsenal,Burnley,away,27,2.53692,1.10374,1.43318,1,1,0,D,1,38,65,27,0.4121,False,True,High Stakes,False,0,0,0,-0.5979703157894737,0.7558292335323894,-0.0239678953693288,1.2679484,1.2305069999999998,1.2,0.4
2021,14705,2021-03-14 16:30:00,Arsenal,Tottenham,home,28,1.56529,0.705566,0.859724,2,1,1,W,3,41,65,24,0.5863,True,True,High Stakes,True,1,0,1,-0.31124231578947376,-0.2388170131434888,-0.4994927185728492,1.6320793999999998,1.138931,1.4,0.4
2021,14724,2021-03-21 15:00:00,Arsenal,West Ham,away,29,1.35217,2.50629,-1.1541199999999998,3,3,0,D,1,42,68,26,0.4383,False,True,High Stakes,False,0,1,0,0.6956796842105262,-0.4569854600744844,1.651046899127795,1.8092076,1.0404602,2.0,0.6
2021,14725,2021-04-03 19:00:00,Arsenal,Liverpool,home,30,0.161161,2.43732,-2.2761590000000003,0,3,-3,L,0,42,71,29,0.4089,False,True,High Stakes,False,1,1,0,1.2566991842105264,-1.67620741864636,1.5686785198354585,1.5784136,1.3875702,1.6,0.4
2021,14741,2021-04-11 18:00:00,Arsenal,Sheffield United,away,31,1.93838,0.315121,1.623259,3,0,3,W,3,45,74,29,0.3907,False,True,High Stakes,False,0,1,1,-0.6930098157894737,0.1431108484625786,-0.9657870763051436,1.5444082,1.4572982,1.6,0.4
2021,14745,2021-04-18 12:30:00,Arsenal,Fulham,home,32,2.85573,0.839128,2.016602,1,1,0,D,1,46,74,28,0.3929,False,True,High Stakes,False,0,1,0,-0.8896813157894736,1.082191295122436,-0.3399844472223629,1.5107842,1.4136074,1.6,0.4
2021,14755,2021-04-23 19:00:00,Arsenal,Everton,home,33,0.735767,0.529676,0.2060909999999999,0,1,-1,L,0,46,77,31,0.2603,False,False,Normal,False,0,1,0,0.01557418421052631,-1.0879899889483886,-0.7095517911222051,1.5745462,1.360685,1.6,0.4
2021,14771,2021-05-02 13:00:00,Arsenal,Newcastle United,away,34,1.78751,0.172988,1.614522,2,0,2,W,3,49,80,31,0.2226,False,False,Normal,False,0,1,1,-0.6886413157894737,-0.0113330028347153,-1.1355313833075746,1.4086415999999995,1.325507,1.0,0.2
2021,14775,2021-05-09 18:00:00,Arsenal,West Bromwich Albion,home,35,1.07042,1.83076,-0.76034,3,1,2,W,3,52,80,28,0.2422,False,False,Normal,False,0,1,1,0.4987896842105263,-0.7454096338864591,0.8442858252789893,1.4957096,0.8588466,1.4,0.4
2021,14790,2021-05-12 19:15:00,Arsenal,Chelsea,away,36,0.692043,1.56786,-0.8758170000000001,1,0,1,W,3,55,83,28,0.4225,False,True,High Stakes,True,1,1,1,0.5565281842105263,-1.1327497354461873,0.5303138531758247,1.6775613999999996,0.7375346,2.0,0.6
2021,14798,2021-05-19 18:00:00,Arsenal,Crystal Palace,away,37,1.7945,0.998377,0.796123,3,1,2,W,3,58,83,25,0.1652,False,False,Normal,False,0,1,1,-0.27944181578947375,-0.0041774217346418,-0.1497991197767299,1.428294,0.9880824,2.0,0.6
2021,14805,2021-05-23 15:00:00,Arsenal,Brighton,home,38,0.772904,0.193968,0.578936,2,0,2,W,3,61,86,25,0.0,False,False,Normal,False,0,1,1,-0.17084831578947374,-1.0499732771725048,-1.110475727260696,1.216048,1.0199322,2.4,0.8
2122,16376,2021-08-13 19:00:00,Arsenal,Brentford,away,1,1.02385,1.88818,-0.86433,0,2,-2,L,0,0,3,3,0.015,False,False,Normal,False,0,0,0,0.6295606710526316,-0.7930827972384508,0.9128604568429444,,,,
2122,16394,2021-08-22 15:30:00,Arsenal,Chelsea,home,2,0.630099,3.64132,-3.011221,0,2,-2,L,0,0,6,6,0.1704,False,False,Normal,True,1,0,0,1.7030061710526314,-1.1961610824652076,3.006572222430401,,,,
2122,16396,2021-08-28 11:30:00,Arsenal,Manchester City,away,3,0.116805,4.47273,-4.355925,0,5,-5,L,0,0,9,9,0.174,False,False,Normal,True,1,0,0,2.375358171052632,-1.7216141361391866,3.999495148738093,,,,
2122,16407,2021-09-11 14:00:00,Arsenal,Norwich,home,4,2.68515,0.577292,2.107858,1,0,1,W,3,3,10,7,0.0297,False,False,Normal,False,0,0,1,-0.8565333289473684,0.9075705477618448,-0.6526857225650948,0.5902513333333334,3.334076666666667,0.0,0.0
2122,16419,2021-09-18 14:00:00,Arsenal,Burnley,away,5,1.09928,0.775574,0.323706,1,0,1,W,3,6,13,7,0.0313,False,False,Normal,False,0,0,1,0.035542671052631536,-0.71586599003122,-0.4158846933807673,1.113976,2.6448805,0.75,0.25
2122,16434,2021-09-26 15:30:00,Arsenal,Tottenham,home,6,1.44499,0.980166,0.464824,3,1,2,W,3,9,14,5,0.1887,False,False,Normal,True,1,0,1,-0.03501632894736845,-0.3619667136211483,-0.1715478591604147,1.1110368000000002,2.2710192,1.2,0.4
2122,16436,2021-10-02 16:30:00,Arsenal,Brighton,away,7,0.36431,1.11551,-0.7512,0,0,0,D,1,10,16,6,0.0463,False,False,Normal,False,0,0,0,0.5729956710526316,-1.4682461675878724,-0.0099114095889779,1.1952648,2.0894164,1.8,0.6
2122,16446,2021-10-18 19:00:00,Arsenal,Crystal Palace,home,8,1.7436,0.492239,1.2513610000000002,2,2,0,D,1,11,19,8,0.0545,False,False,Normal,False,0,0,0,-0.42828482894736847,-0.0562831553532025,-0.7542614477202507,1.142107,1.5842544,2.0,0.6
2122,16456,2021-10-22 19:00:00,Arsenal,Aston Villa,home,9,3.4984,1.41088,2.0875200000000005,3,1,2,W,3,14,22,8,0.0656,False,False,Normal,False,0,0,1,-0.8463643289473686,1.7400850441330542,0.3428383104570919,1.467466,0.7881562,2.2,0.6
2122,16468,2021-10-30 11:30:00,Arsenal,Leicester,away,10,1.10288,1.98801,-0.88513,2,0,2,W,3,17,25,8,0.0786,False,False,Normal,False,0,0,1,0.6399606710526315,-0.7121807122114396,1.0320838192433206,1.630116,0.9548738,2.2,0.6
2122,16476,2021-11-07 14:00:00,Arsenal,Watford,home,11,1.49208,0.491659,1.000421,1,0,1,W,3,20,26,6,0.0964,False,False,Normal,False,0,0,1,-0.30281482894736844,-0.313761232361855,-0.7549541207663512,1.630836,1.197361,2.2,0.6
2122,16489,2021-11-20 17:30:00,Arsenal,Liverpool,away,12,0.268025,3.97374,-3.705715,0,4,-4,L,0,20,29,9,0.1103,False,False,Normal,False,1,0,0,2.0502531710526313,-1.5668119939427474,3.403569418955825,1.640254,1.0996596,2.2,0.6
2122,16496,2021-11-27 12:30:00,Arsenal,Newcastle United,home,13,2.84493,0.185383,2.6595470000000003,2,0,2,W,3,23,30,7,0.1344,False,False,Normal,False,0,0,1,-1.1323778289473685,1.0711354616630953,-1.1207284826068569,1.6209970000000002,1.6713055999999995,2.0,0.6
2122,16512,2021-12-02 20:15:00,Arsenal,Manchester United,away,14,1.16638,1.85597,-0.6895899999999999,2,3,-1,L,0,23,33,10,0.1515,False,False,Normal,False,1,0,0,0.5421906710526315,-0.6471765062236478,0.8743932175069117,1.841263,1.6099343999999998,2.4,0.8
2122,16517,2021-12-06 20:00:00,Arsenal,Everton,away,15,1.05723,1.06108,-0.0038500000000001,1,2,-1,L,0,23,35,12,0.1716,False,False,Normal,False,0,0,0,0.19932067105263163,-0.7589120823428209,-0.0749151921738971,1.3748590000000005,1.6989524,1.8,0.6
2122,16526,2021-12-11 15:00:00,Arsenal,Southampton,home,16,2.08429,0.502215,1.582075,3,0,3,W,3,26,38,12,0.199,False,False,Normal,False,0,0,1,-0.5936418289473686,0.2924772058748422,-0.7423474713273213,1.3657290000000002,1.5135664,1.2,0.4
2122,16536,2021-12-15 20:00:00,Arsenal,West Ham,home,17,2.81482,0.338855,2.475965,2,0,2,W,3,29,41,12,0.229,False,False,Normal,False,0,0,1,-1.0405868289473685,1.0403122074537656,-0.93744241755316,1.484171,1.5156775999999998,1.2,0.4
2122,16548,2021-12-18 17:30:00,Arsenal,Leeds,away,18,3.69008,1.31408,2.3760000000000003,4,1,3,W,3,32,44,12,0.2612,False,False,Normal,False,0,0,1,-0.9906043289473686,1.9363056142706911,0.2272335675906546,1.99353,0.7887006,1.8,0.6
2122,16562,2021-12-26 15:00:00,Arsenal,Norwich,away,19,2.87539,0.154212,2.721178,5,0,5,W,3,35,47,12,0.295,False,False,Normal,False,0,0,1,-1.1631933289473684,1.1023170067715695,-1.157954881779271,2.16256,1.01444,1.8,0.6
2122,16576,2022-01-01 12:30:00,Arsenal,Manchester City,home,20,0.836949,1.94623,-1.1092809999999995,1,2,-1,L,0,35,50,15,0.4578,False,False,Normal,True,1,0,0,0.7520361710526315,-0.9844111610703292,0.9821874746466288,2.504362,0.6740883999999999,2.4,0.8
2122,16596,2022-01-23 14:00:00,Arsenal,Burnley,home,21,1.35507,0.388963,0.966107,0,0,0,D,1,36,53,17,0.3449,False,False,Normal,False,0,0,0,-0.28565782894736846,-0.4540167640529948,-0.8776002434255625,2.4603058,0.8511184,2.4,0.8
2122,16611,2022-02-10 19:45:00,Arsenal,Wolverhampton Wanderers,away,22,1.45247,0.641359,0.8111109999999999,1,0,1,W,3,39,56,17,0.3826,False,False,Normal,False,0,0,1,-0.2081598289473684,-0.3543095252622715,-0.5761728190400531,2.3144618,0.828468,2.0,0.6
2122,16626,2022-02-19 15:00:00,Arsenal,Brentford,home,23,1.52247,0.640726,0.881744,2,1,1,W,3,42,57,15,0.4024,False,False,Normal,False,0,0,1,-0.24347632894736843,-0.2826513454332094,-0.5769287880714008,2.0419918,0.8889688,2.0,0.6
2122,16566,2022-02-24 19:45:00,Arsenal,Wolverhampton Wanderers,home,24,2.50961,1.10934,1.40027,2,1,1,W,3,45,60,15,0.4154,False,False,Normal,False,0,0,1,-0.5027393289473684,0.7278723065162225,-0.0172800176828407,1.6084698,0.754298,2.0,0.6
2122,16654,2022-03-06 14:00:00,Arsenal,Watford,away,25,1.00457,1.29603,-0.29146,3,2,1,W,3,48,63,15,0.444,False,False,Normal,False,0,0,1,0.3431256710526316,-0.8128195073399409,0.2056771046904565,1.5353138000000002,0.9453236,2.0,0.6
2122,16656,2022-03-13 16:30:00,Arsenal,Leicester,home,26,2.93665,0.54911,2.3875400000000004,2,0,2,W,3,51,63,12,0.4971,False,True,High Stakes,False,0,0,1,-0.9963743289473685,1.165028151004832,-0.6863424670223462,1.5688380000000002,0.8152836000000001,2.6,0.8
2122,16636,2022-03-16 20:15:00,Arsenal,Liverpool,home,27,0.534265,1.27681,-0.742545,0,2,-2,L,0,51,66,15,0.5072,True,True,High Stakes,False,1,0,0,0.5686681710526316,-1.2942652254043263,0.1827233530593312,1.885154,0.847313,3.0,1.0
2122,16666,2022-03-19 12:30:00,Arsenal,Aston Villa,away,28,1.14522,0.309375,0.835845,1,0,1,W,3,54,69,15,0.4908,False,False,Normal,False,0,0,1,-0.22052682894736841,-0.66883775029769,-0.9726493165170296,1.7015130000000005,0.9744032,2.4,0.8
2122,16682,2022-04-04 19:00:00,Arsenal,Crystal Palace,away,29,1.05199,1.39707,-0.34508,0,3,-3,L,0,54,70,16,0.5635,True,True,High Stakes,False,0,1,0,0.3699356710526316,-0.7642762089471677,0.3263455263766633,1.6260630000000005,0.908133,2.4,0.8
2122,16695,2022-04-09 14:00:00,Arsenal,Brighton,home,30,2.35153,0.596106,1.755424,1,2,-1,L,0,54,73,19,0.6494,True,True,High Stakes,False,0,1,0,-0.6803163289473684,0.5660476626965352,-0.63021684206624,1.334539,0.965679,1.8,0.6
2122,16700,2022-04-16 14:00:00,Arsenal,Southampton,away,31,1.35002,1.04007,0.3099499999999999,0,1,-1,L,0,54,74,20,0.5861,True,True,High Stakes,False,0,1,0,0.04242067105263159,-0.45918638988352,-0.1000066761369533,1.603931,0.8256942,1.2,0.4
2122,16618,2022-04-20 18:45:00,Arsenal,Chelsea,away,32,1.87331,0.593801,1.279509,4,2,2,W,3,57,77,20,0.9407,True,True,High Stakes,True,1,1,1,-0.44235882894736844,0.0764994518700492,-0.6329696202925534,1.2866050000000002,0.9238862,0.6,0.2
2122,16715,2022-04-23 11:30:00,Arsenal,Manchester United,home,33,2.54173,2.04244,0.4992899999999998,3,1,2,W,3,60,80,20,0.6246,True,True,High Stakes,False,1,1,1,-0.052249328947368334,0.7607531741749292,1.0970876018282398,1.5544140000000002,0.7872844000000001,1.2,0.4
2122,16717,2022-05-01 15:30:00,Arsenal,West Ham,away,34,0.964564,0.451976,0.512588,2,1,1,W,3,63,83,20,0.6202,True,True,High Stakes,False,0,1,1,-0.05889832894736846,-0.8537731808005331,-0.8023460940222277,1.8337160000000003,1.1338974,1.2,0.4
2122,16735,2022-05-08 13:00:00,Arsenal,Leeds,home,35,2.7227,0.696785,2.0259150000000004,2,1,1,W,3,66,86,20,0.4844,False,False,Normal,False,0,1,1,-0.8155618289473685,0.94601004279872,-0.5099795496380372,1.8162308000000005,0.9448786000000002,1.8,0.6
2122,16593,2022-05-12 18:45:00,Arsenal,Tottenham,away,36,0.387446,3.42522,-3.037774,0,3,-3,L,0,66,89,23,0.8041,True,True,High Stakes,True,1,1,0,1.7162826710526315,-1.4445621154660844,2.748491799564315,1.8904648,0.9650144,2.4,0.8
2122,16741,2022-05-16 19:00:00,Arsenal,Newcastle United,away,37,0.492454,1.68299,-1.190536,0,2,-2,L,0,66,90,24,0.4957,False,True,High Stakes,False,0,1,0,0.7926636710526316,-1.3370666562162252,0.6678094528267845,1.69795,1.4420444,2.4,0.8
2122,16746,2022-05-22 15:00:00,Arsenal,Everton,home,38,4.35597,1.08601,3.26996,5,1,4,W,3,69,93,24,0.25,False,False,Normal,False,0,1,1,-1.4375843289473687,2.6179694052188927,-0.0451421938302992,1.4217788000000002,1.6598821999999998,1.8,0.6
2223,18202,2022-08-05 19:00:00,Arsenal,Crystal Palace,away,1,1.43601,1.20637,0.22964,2,0,2,W,3,3,3,0,0.0154,False,False,Normal,False,0,0,1,0.29766573289473686,-0.3711594344049337,0.0985994058742915,,,,
2223,18217,2022-08-13 14:00:00,Arsenal,Leicester,home,2,3.0107,0.690679,2.320021,4,2,2,W,3,6,6,0,0.0187,False,False,Normal,False,0,0,1,-0.747524767105263,1.2408322683811464,-0.5172717248440544,,,,
2223,18227,2022-08-20 16:30:00,Arsenal,Bournemouth,away,3,1.71081,0.211335,1.499475,3,0,3,W,3,9,9,0,0.0228,False,False,Normal,False,0,0,1,-0.33725176710526306,-0.0898498941617018,-1.0897349465854749,,,,
2223,18238,2022-08-27 16:30:00,Arsenal,Fulham,home,4,2.47427,0.926007,1.5482630000000002,2,1,1,W,3,12,12,0,0.0277,False,False,Normal,False,0,0,1,-0.3616457671052632,0.6916951625853792,-0.2362279962358628,2.0525066666666665,0.7027946666666667,3.0,1.0
2223,18247,2022-08-31 18:30:00,Arsenal,Aston Villa,home,5,2.79971,0.297168,2.502542,2,1,1,W,3,15,15,0,0.0336,False,False,Normal,False,0,0,1,-0.8387852671052631,1.0248442774935211,-0.9872276956097008,2.1579475,0.7585977500000001,3.0,1.0
2223,18261,2022-09-04 15:30:00,Arsenal,Manchester United,away,6,1.42238,2.02904,-0.6066600000000002,1,3,-2,L,0,15,15,0,0.0408,False,False,Normal,False,1,0,0,0.715815732894737,-0.3851123057059353,1.081084465935572,2.2863,0.6663118,3.0,1.0
2223,18280,2022-09-18 11:00:00,Arsenal,Brentford,away,7,1.32021,0.54011,0.7801000000000001,3,0,3,W,3,18,18,0,0.0494,False,False,Normal,False,0,0,1,0.022435732894736826,-0.4897025376078676,-0.6970908418756308,2.283574,0.8308458,2.4,0.8
2223,18282,2022-10-01 11:30:00,Arsenal,Tottenham,home,8,2.48403,1.5027,0.9813300000000004,3,1,2,W,3,21,21,0,0.2097,False,False,Normal,True,1,0,1,-0.07817926710526324,0.701686360230117,0.4524956192380451,1.945476,0.800732,2.4,0.8
2223,18292,2022-10-09 15:30:00,Arsenal,Liverpool,home,9,2.81968,0.765151,2.054529,3,2,1,W,3,24,24,0,0.072,False,False,Normal,False,1,0,1,-0.6147787671052631,1.045287332510469,-0.4283325057247432,2.10012,1.059005,2.4,0.8
2223,18305,2022-10-16 13:00:00,Arsenal,Leeds,away,10,0.821757,2.02232,-1.2005630000000005,1,0,1,W,3,27,27,0,0.0866,False,False,Normal,False,0,0,1,1.012767232894737,-0.9999630334698024,1.0730590127117865,2.169202,1.0268338,2.4,0.8
2223,18328,2022-10-23 13:00:00,Arsenal,Southampton,away,11,1.57897,0.622653,0.956317,1,1,0,D,1,28,28,0,0.1038,False,False,Normal,False,0,0,0,-0.0656727671052631,-0.2248129574283237,-0.5985127190406686,1.7736114,1.3718642,2.4,0.8
2223,18332,2022-10-30 14:00:00,Arsenal,Nottingham Forest,home,12,3.00699,0.206127,2.800863,5,0,5,W,3,31,31,0,0.1241,False,False,Normal,False,0,0,1,-0.9879457671052632,1.2370343848502063,-1.095954672833909,1.8049294,1.0905868,2.6,0.8
2223,18343,2022-11-06 12:00:00,Arsenal,Chelsea,away,13,2.37846,0.278815,2.099645,1,0,1,W,3,34,34,0,0.2976,False,False,Normal,True,1,0,1,-0.6373367671052631,0.5936155881650587,-1.0091460204632932,2.1422854,1.0237902,2.6,0.8
2223,18361,2022-11-12 19:45:00,Arsenal,Wolverhampton Wanderers,away,14,2.27996,0.512339,1.767621,2,0,2,W,3,37,37,0,0.1748,False,False,Normal,False,0,0,1,-0.4713247671052631,0.4927822922627357,-0.7302567438812488,2.1211714,0.7790132,2.6,0.8
2223,18362,2022-12-26 20:00:00,Arsenal,West Ham,home,15,1.88828,1.02652,0.8617599999999999,3,1,2,W,3,40,40,0,0.2059,False,False,Normal,False,0,0,1,-0.01839426710526304,0.0918240654706357,-0.1161889516105093,2.0132274,0.7284508000000001,2.6,0.8
2223,18373,2022-12-31 17:30:00,Arsenal,Brighton,away,16,3.22106,1.15663,2.06443,4,2,2,W,3,43,43,0,0.2409,False,False,Normal,False,0,0,1,-0.6197292671052631,1.4561753356503104,0.0391967208518062,2.226532,0.5292908000000001,2.6,0.8
2223,18382,2023-01-03 19:45:00,Arsenal,Newcastle United,home,17,0.970637,0.959523,0.0111139999999999,0,0,0,D,1,44,44,0,0.2799,False,False,Normal,False,0,0,0,0.4069287328947369,-0.8475563218562203,-0.1962010482822314,2.5549500000000003,0.6360862,3.0,1.0
2223,18400,2023-01-15 16:30:00,Arsenal,Tottenham,away,18,2.04232,1.71032,0.3320000000000001,2,0,2,W,3,47,47,0,0.4727,False,False,Normal,True,1,0,1,0.24648573289473685,0.2495130086259031,0.7004486844645917,2.1476794,0.7867654,2.6,0.8
2223,18402,2023-01-22 16:30:00,Arsenal,Manchester United,home,19,2.90273,0.272246,2.630484,3,2,1,W,3,50,50,0,0.3688,False,False,Normal,False,1,0,1,-0.9027562671052631,1.1303046444362348,-1.016991139842318,2.0804514,1.0730664,2.6,0.8
2223,18416,2023-02-04 12:30:00,Arsenal,Everton,away,20,0.690102,2.09191,-1.401808,0,1,-1,L,0,50,50,0,0.4177,False,False,Normal,False,0,0,0,1.1133897328947369,-1.134736714404019,1.1561678356051266,2.2050054,1.0250478,2.6,0.8
2223,18422,2023-02-11 15:00:00,Arsenal,Brentford,home,21,1.36738,2.17538,-0.808,1,1,0,D,1,51,51,0,0.4685,False,False,Normal,False,0,0,0,0.8164857328947369,-0.4414151612859125,1.255853041049977,1.9653698,1.2381258,2.0,0.6
2223,18312,2023-02-15 18:30:00,Arsenal,Manchester City,home,22,1.70139,2.00841,-0.30702,1,3,-2,L,0,51,51,0,0.6704,True,False,Normal,True,1,0,0,0.5659957328947369,-0.099493037790127,1.0564468022440987,1.5946338,1.4418758,1.6,0.4
2223,18432,2023-02-18 12:30:00,Arsenal,Aston Villa,away,23,2.85981,0.335752,2.524058,4,2,2,W,3,54,54,0,0.6581,True,False,Normal,False,0,0,1,-0.8495432671052631,1.086367943318187,-0.9411482183497978,1.7407844,1.6516532000000002,1.4,0.4
2223,18447,2023-02-25 15:00:00,Arsenal,Leicester,away,24,0.722059,0.0203463,0.7017127,1,0,1,W,3,57,57,0,0.6231,True,False,Normal,False,0,0,1,0.06162938289473685,-1.1020227079354856,-1.3178258510678624,1.9042824,1.3767396,1.4,0.4
2223,18269,2023-03-01 20:00:00,Arsenal,Everton,home,25,3.06919,1.604,1.4651899999999998,4,0,4,W,3,60,60,0,0.672,True,True,High Stakes,False,0,0,1,-0.320109267105263,1.300707796069744,0.5734745495311248,1.4681482,1.32635966,1.4,0.4
2223,18452,2023-03-04 15:00:00,Arsenal,Bournemouth,home,26,2.46279,1.74267,0.7201200000000001,3,2,1,W,3,63,63,0,0.7181,True,True,High Stakes,False,0,0,1,0.05242573289473684,0.6799432210934129,0.7390831207427863,1.9439658,1.22877766,2.0,0.6
2223,18465,2023-03-12 14:00:00,Arsenal,Fulham,away,27,2.64355,0.61832,2.02523,3,0,3,W,3,66,66,0,0.7609,True,True,High Stakes,False,0,0,1,-0.600129267105263,0.8649851151777163,-0.6036874644005888,2.1630478,1.14223566,2.4,0.8
2223,18472,2023-03-19 14:00:00,Arsenal,Crystal Palace,home,28,1.53568,1.19194,0.3437399999999999,4,1,3,W,3,69,69,0,0.7999,True,True,High Stakes,False,0,0,1,0.24061573289473692,-0.2691284232111822,0.0813661781928588,2.3514798,0.8642176599999999,3.0,1.0
2223,18482,2023-04-01 14:00:00,Arsenal,Leeds,home,29,3.29548,0.497609,2.797871,4,1,3,W,3,72,72,0,0.8349,True,True,High Stakes,False,0,1,1,-0.9864497671052631,1.532358217691436,-0.7478482507244577,2.0866538,1.03545526,3.0,1.0
2223,18497,2023-04-09 15:30:00,Arsenal,Liverpool,away,30,1.53631,4.64012,-3.1038099999999997,2,2,0,D,1,73,73,0,0.8659,True,True,High Stakes,False,1,1,0,1.9643907328947368,-0.2684834995927205,4.199402978370457,2.601338,1.1309078,3.0,1.0
2223,18510,2023-04-16 13:00:00,Arsenal,West Ham,away,31,2.71782,1.96095,0.7568700000000002,2,2,0,D,1,74,74,0,0.8931,True,True,High Stakes,False,0,1,0,0.03405073289473681,0.9410144439763511,0.999767038851112,2.294762,1.7381318,2.6,0.8
2223,18512,2023-04-21 19:00:00,Arsenal,Southampton,home,32,2.39609,1.43063,0.96546,3,3,0,D,1,75,76,1,0.873,True,True,High Stakes,False,0,1,0,-0.0702442671052631,0.6116632125991496,0.3664250219406885,2.345768,1.7817878,2.2,0.6
2223,18531,2023-04-26 19:00:00,Arsenal,Manchester City,away,33,0.398372,2.01168,-1.6133080000000002,1,4,-3,L,0,75,79,4,0.8787,True,True,High Stakes,True,1,1,0,1.219139732894737,-1.4333772972830512,1.0603520451074588,2.296276,1.9442498,1.8,0.4
2223,18532,2023-05-02 19:00:00,Arsenal,Chelsea,home,34,2.7832,0.785202,1.997998,3,1,2,W,3,78,82,4,0.9547,True,True,High Stakes,True,1,1,1,-0.5865132671052631,1.007943183936695,-0.4043863208154981,2.0688144,2.1081978,1.2,0.2
2223,18547,2023-05-07 15:30:00,Arsenal,Newcastle United,away,35,1.29061,1.37224,-0.0816299999999998,2,0,2,W,3,81,85,4,0.6459,True,False,Normal,False,0,1,1,0.4533007328947368,-0.5200037107927281,0.296691954420324,1.9663584,2.1657164,1.2,0.2
2223,18552,2023-05-14 15:30:00,Arsenal,Brighton,home,36,0.958651,2.21276,-1.2541089999999997,0,3,-3,L,0,81,88,7,0.4088,False,False,Normal,False,0,1,0,1.0395402328947367,-0.8598262496195223,1.300494624607285,1.9172184,1.5121404,1.6,0.4
2223,18568,2023-05-20 16:30:00,Arsenal,Nottingham Forest,away,37,0.4902,1.1397,-0.6495,0,1,-1,L,0,81,89,8,0.2479,False,False,Normal,False,0,1,0,0.7372357328947369,-1.339374049606721,0.0189778334889054,1.5653846,1.5625024,1.4,0.4
2223,18572,2023-05-28 15:30:00,Arsenal,Wolverhampton Wanderers,home,38,3.02466,0.38772,2.63694,5,0,5,W,3,84,89,5,0.3333,False,False,Normal,False,0,1,1,-0.905984267105263,1.255122956815628,-0.8790847134191881,1.1842066,1.5043164,1.2,0.4
2324,22276,2023-08-12 11:30:00,Arsenal,Nottingham Forest,home,1,0.84262,0.966305,-0.1236849999999999,2,1,1,W,3,3,3,0,0.0154,False,False,Normal,False,0,0,1,0.754083994736842,-0.978605824815892,-0.1881015506983454,,,,
2324,22294,2023-08-21 19:00:00,Arsenal,Crystal Palace,away,2,2.20593,1.06916,1.1367699999999998,1,0,1,W,3,6,6,0,0.0187,False,False,Normal,False,0,0,1,0.12385649473684213,0.4169986486520862,-0.0652655400833927,,,,
2324,22297,2023-08-26 14:00:00,Arsenal,Fulham,home,3,3.23088,0.849817,2.381063,2,2,0,D,1,7,9,2,0.0224,False,False,Normal,False,0,0,0,-0.4982900052631579,1.4662279545920445,-0.3272189606882786,,,,
2324,21934,2023-09-03 15:30:00,Arsenal,Manchester United,home,4,1.90973,0.966109,0.943621,3,1,2,W,3,10,12,2,0.0272,False,False,Normal,False,1,0,1,0.22043099473684208,0.1137821791468268,-0.1883356264173724,2.0931433333333334,0.9617606666666668,2.333333333333333,0.6666666666666666
2324,21941,2023-09-17 15:30:00,Arsenal,Everton,away,5,0.802605,0.28317,0.5194350000000001,1,0,1,W,3,13,15,2,0.033,False,False,Normal,False,0,0,1,0.432523994736842,-1.0195687114710337,-1.003945001298176,2.04729,0.96284775,2.5,0.75
2324,21952,2023-09-24 13:00:00,Arsenal,Tottenham,home,6,2.3429,2.21166,0.13124,2,2,0,D,1,14,18,4,0.1891,False,False,Normal,True,1,0,0,0.626621494736842,0.5572132328118954,1.2991809343474394,1.798353,0.8269122,2.6,0.8
2324,21959,2023-09-30 14:00:00,Arsenal,Bournemouth,away,7,4.0742,0.644443,3.4297570000000004,4,0,4,W,3,17,18,1,0.0488,False,False,Normal,False,0,0,1,-1.0226370052631581,2.329524757641253,-0.5724897092569944,2.098409,1.0759832,2.2,0.6
2324,21965,2023-10-08 15:30:00,Arsenal,Manchester City,home,8,0.386558,0.858071,-0.471513,1,0,1,W,3,20,20,0,0.2097,False,False,Normal,True,1,0,1,0.9279979947368421,-1.4454711506616302,-0.3173615066839442,2.472063,0.9910398,2.2,0.6
2324,21978,2023-10-21 16:30:00,Arsenal,Chelsea,away,9,1.05791,1.71838,-0.6604700000000001,2,2,0,D,1,21,23,2,0.2204,False,False,Normal,True,1,0,0,1.022476494736842,-0.7582159743101957,0.7100744512776442,1.9031986000000003,0.9926906,2.6,0.8
2324,21986,2023-10-28 14:00:00,Arsenal,Sheffield United,home,10,3.03496,0.0281554,3.0068046,5,0,5,W,3,24,26,2,0.0846,False,False,Normal,False,0,0,1,-0.8111608052631578,1.2656669461333327,-1.308499725060442,1.7328346,1.1431448,2.2,0.6
2324,22001,2023-11-04 17:30:00,Arsenal,Newcastle United,away,11,0.535473,1.12355,-0.5880770000000001,0,1,-1,L,0,24,27,3,0.1001,False,False,Normal,False,0,0,0,0.986279994736842,-1.2930286099581334,-0.000309528053377,2.1793056,1.09214188,2.2,0.6
2324,22006,2023-11-11 15:00:00,Arsenal,Burnley,home,12,2.63194,0.327706,2.304234,3,1,2,W,3,27,28,1,0.1225,False,False,Normal,False,0,0,1,-0.459875505263158,0.853100094208925,-0.950757265468634,1.8178202,0.87451988,2.0,0.6
2324,22015,2023-11-25 17:30:00,Arsenal,Brentford,away,13,1.82699,1.66315,0.1638399999999999,1,0,1,W,3,30,30,0,0.1476,False,False,Normal,False,0,0,1,0.610321494736842,0.0290822105888755,0.6441152575946552,1.5293682,0.81117248,2.0,0.6
2324,22026,2023-12-02 15:00:00,Arsenal,Wolverhampton Wanderers,home,14,3.30368,1.07886,2.22482,2,1,1,W,3,33,33,0,0.1748,False,False,Normal,False,0,0,1,-0.42016850526315797,1.540752461614269,-0.0536811805192974,1.8174546,0.97218828,2.0,0.6
2324,22039,2023-12-05 20:15:00,Arsenal,Luton,away,15,2.58815,0.526254,2.061896,4,3,1,W,3,36,36,0,0.2059,False,False,Normal,False,0,0,1,-0.33870650526315804,0.8082727842844304,-0.7136385620941984,2.2666086,0.8442842799999999,2.4,0.8
2324,22045,2023-12-09 17:30:00,Arsenal,Aston Villa,away,16,1.71667,0.628499,1.088171,0,1,-1,L,0,36,37,1,0.2374,False,False,Normal,False,0,0,0,0.1481559947368421,-0.0838510808217261,-0.591531052441524,2.1772466,0.943904,2.4,0.8
2324,22056,2023-12-17 14:00:00,Arsenal,Brighton,home,17,2.76976,0.663054,2.106706,2,0,2,W,3,39,39,0,0.2799,False,False,Normal,False,0,0,1,-0.36111150526315805,0.9941848134095154,-0.5502632643242746,2.413486,0.8448938,2.4,0.8
2324,22068,2023-12-23 17:30:00,Arsenal,Liverpool,away,18,0.851681,0.982901,-0.13122,1,1,0,D,1,40,40,0,0.3227,False,False,Normal,False,1,0,0,0.757851494736842,-0.9693301852811615,-0.1682815474688888,2.44105,0.9119634,2.4,0.8
2324,22076,2023-12-28 20:15:00,Arsenal,West Ham,home,19,2.7884,1.59711,1.1912900000000002,0,2,-2,L,0,40,42,2,0.3565,False,False,Normal,False,0,0,0,0.09659649473684195,1.0132663630097112,0.5652460714489992,2.2459882,0.7759136,2.0,0.6
2324,22087,2023-12-31 14:00:00,Arsenal,Fulham,away,20,1.6591,1.52829,0.1308100000000001,1,2,-1,L,0,40,45,5,0.381,False,False,Normal,False,0,0,0,0.626836494736842,-0.1427848152897131,0.4830568317375505,2.1429322,0.8795636000000002,1.4,0.4
2324,22103,2024-01-20 12:30:00,Arsenal,Crystal Palace,home,21,3.52167,0.288083,3.233587,5,0,5,W,3,43,48,5,0.4889,False,False,Normal,False,0,0,1,-0.924552005263158,1.7639062704848003,-0.9980775828921552,1.9571222,1.0799708,0.8,0.2
2324,22108,2024-01-30 19:30:00,Arsenal,Nottingham Forest,away,22,1.39143,0.631618,0.7598119999999999,2,1,1,W,3,46,51,5,0.4694,False,False,Normal,False,0,0,1,0.3123354947368421,-0.4167954580732135,-0.5878061434229247,2.3181222000000004,1.0118876,1.4,0.4
2324,22116,2024-02-04 16:30:00,Arsenal,Liverpool,home,23,2.8526,0.542052,2.310548,3,1,2,W,3,49,52,3,0.5365,True,False,Normal,False,1,0,1,-0.46303250526315787,1.078987150795793,-0.6947715814350665,2.0424562,1.0056004,1.4,0.4
2324,22133,2024-02-11 14:00:00,Arsenal,West Ham,away,24,3.99893,0.191065,3.807865,6,0,6,W,3,52,54,2,0.5954,True,False,Normal,False,0,0,1,-1.211691005263158,2.2524717405593453,-1.1139426752828163,2.44264,0.9174306,1.8,0.6
2324,22136,2024-02-17 15:00:00,Arsenal,Burnley,away,25,2.20575,0.335143,1.870607,5,0,5,W,3,55,57,2,0.64,True,False,Normal,False,0,0,1,-0.24306200526315802,0.4168143847610974,-0.9418755250482036,2.684746,0.6362216,2.4,0.8
2324,22146,2024-02-24 20:00:00,Arsenal,Newcastle United,home,26,2.59336,0.217373,2.3759870000000003,4,1,3,W,3,58,60,2,0.6813,True,False,Normal,False,0,0,1,-0.495752005263158,0.8136062002402791,-1.0825239813227934,2.794076,0.3975921999999999,3.0,1.0
2324,22163,2024-03-04 20:00:00,Arsenal,Sheffield United,away,27,2.47294,0.201374,2.271566,6,0,6,W,3,61,63,2,0.7186,True,True,High Stakes,False,0,0,1,-0.44354150526315794,0.6903336571686268,-1.1016310090203156,2.608414,0.3834502,3.0,1.0
2324,22166,2024-03-09 17:30:00,Arsenal,Brentford,home,28,1.59369,0.733239,0.8604510000000001,2,1,1,W,3,64,64,0,0.7999,True,True,High Stakes,False,0,0,1,0.262015994736842,-0.2097442658985552,-0.4664438544267448,2.824716,0.2974014,3.0,1.0
2324,22190,2024-03-31 16:30:00,Arsenal,Manchester City,away,29,0.511402,1.22009,-0.7086879999999999,0,0,0,D,1,65,67,2,0.9292,True,True,High Stakes,True,1,1,0,1.046585494736842,-1.3176698106247815,0.1149847062061873,2.572934,0.3356388,3.0,1.0
2324,22196,2024-04-03 18:30:00,Arsenal,Luton,home,30,1.14384,0.292082,0.851758,2,0,2,W,3,68,70,2,0.8018,True,True,High Stakes,False,0,1,1,0.26636249473684204,-0.6702504401286057,-0.9933017216656792,1.8754284,0.5414437999999999,2.6,0.8
2324,22206,2024-04-06 16:30:00,Arsenal,Brighton,away,31,4.16518,0.428514,3.736666000000001,3,0,3,W,3,71,71,0,0.8931,True,True,High Stakes,False,0,1,1,-1.1760915052631582,2.422659917653368,-0.8303659130008675,1.6630464,0.5328316,2.6,0.8
2324,22216,2024-04-14 15:30:00,Arsenal,Aston Villa,home,32,1.89003,0.929049,0.960981,0,2,-2,L,0,71,73,2,0.8294,True,True,High Stakes,False,0,1,0,0.211750994736842,0.0936155199663624,-0.2325950455354526,1.9774104,0.5750598,2.6,0.8
2324,22234,2024-04-20 18:30:00,Arsenal,Wolverhampton Wanderers,away,33,1.66179,0.164516,1.497274,2,0,2,W,3,74,76,2,0.8328,True,True,High Stakes,False,0,1,1,-0.05639550526315801,-0.1400310938077105,-1.1456491868361331,1.8608284,0.7205948,2.0,0.6
2324,22175,2024-04-23 19:00:00,Arsenal,Chelsea,home,34,3.45858,1.60343,1.85515,5,0,5,W,3,77,79,2,0.977,True,True,High Stakes,True,1,1,1,-0.235333505263158,1.6993217766931503,0.5727938191237498,1.8744484,0.6068502,2.0,0.6
2324,22241,2024-04-28 13:00:00,Arsenal,Tottenham,away,35,1.51469,2.60458,-1.0898899999999998,3,2,1,W,3,80,82,2,0.9573,True,True,High Stakes,True,1,1,1,1.237186494736842,-0.2906156402770679,1.768431095164387,2.463884,0.6835182,2.4,0.8
2324,22245,2024-05-04 11:30:00,Arsenal,Bournemouth,home,36,3.91372,0.4687,3.44502,3,0,3,W,3,83,85,2,0.7631,True,True,High Stakes,False,0,1,1,-1.030268505263158,2.165243261941712,-0.78237322501708,2.538054,1.1460178,2.4,0.8
2324,22259,2024-05-12 15:30:00,Arsenal,Manchester United,away,37,1.73104,0.551669,1.179371,1,0,1,W,3,86,88,2,0.6609,True,False,Normal,False,1,1,1,0.10255599473684207,-0.0691406801911029,-0.6832863457723958,2.487762,1.154055,2.4,0.8
2324,22265,2024-05-19 15:00:00,Arsenal,Everton,home,38,3.2117,0.664904,2.546796,2,1,1,W,3,89,91,2,0.3333,False,False,Normal,False,0,1,1,-0.581156505263158,1.4465936133188817,-0.5480538761599885,2.455964,1.078579,3.0,1.0
2425,26604,2024-08-17 14:00:00,Arsenal,Wolverhampton Wanderers,home,1,1.6283,0.575835,1.0524650000000002,2,0,2,W,3,3,3,0,0.0154,False,False,Normal,False,0,0,1,-0.08425824605263149,-0.1743144144145003,-0.6544257650274544,,,,
2425,26618,2024-08-24 16:30:00,Arsenal,Aston Villa,away,2,1.41399,1.31664,0.09735,2,0,2,W,3,6,6,0,0.0187,False,False,Normal,False,0,0,1,0.39329925394736853,-0.3937010504025899,0.2302908831044779,,,,
2425,26622,2024-08-31 11:30:00,Arsenal,Brighton,home,3,2.41798,1.81748,0.6005,1,1,0,D,1,7,9,2,0.0224,False,False,Normal,False,0,0,0,0.14172425394736854,0.6340717491199805,0.8284260010510319,,,,
2425,26640,2024-09-15 13:00:00,Arsenal,Tottenham,away,4,1.1209,0.792595,0.3283049999999999,1,0,1,W,3,10,12,2,0.1772,False,False,Normal,True,1,0,1,0.2778217539473686,-0.6937338493468725,-0.3955571280054611,1.82009,1.2366516666666667,2.333333333333333,0.6666666666666666
2425,26651,2024-09-22 15:30:00,Arsenal,Manchester City,away,5,1.28411,2.75588,-1.4717699999999998,2,2,0,D,1,11,13,2,0.183,False,False,Normal,True,1,0,0,1.1778592539473685,-0.5266576846339981,1.949123219086824,1.6452925,1.1256375,2.5,0.75
2425,26655,2024-09-28 14:00:00,Arsenal,Leicester,home,6,6.05305,0.337909,5.715141,4,2,2,W,3,14,15,1,0.0404,False,False,Normal,False,0,0,1,-2.4155962460526315,4.35525031699467,-0.9385721911766274,1.573056,1.451686,2.2,0.6
2425,26666,2024-10-05 14:00:00,Arsenal,Southampton,home,7,3.25165,1.27313,1.97852,3,1,2,W,3,17,18,1,0.0488,False,False,Normal,False,0,0,1,-0.5472857460526315,1.4874899602356106,0.1783284620082106,2.458006,1.4041008,2.2,0.6
2425,26680,2024-10-19 16:30:00,Arsenal,Bournemouth,away,8,0.740758,2.18419,-1.443432,0,2,-2,L,0,17,21,4,0.0571,False,False,Normal,False,0,0,0,1.1636902539473686,-1.0828807607265765,1.26637450576747,2.825538,1.3953988000000002,2.2,0.6
2425,26691,2024-10-27 16:30:00,Arsenal,Liverpool,home,9,1.0883,1.35346,-0.26516,2,2,0,D,1,18,23,5,0.068,False,False,Normal,False,1,0,0,0.5745542539473686,-0.7271060873815499,0.2742636788931373,2.4900936,1.4687408000000002,2.0,0.6
2425,26694,2024-11-02 12:30:00,Arsenal,Newcastle United,away,10,0.911305,0.859715,0.05159,0,1,-1,L,0,18,25,7,0.0796,False,False,Normal,False,0,0,0,0.41617925394736854,-0.9082937950793332,-0.3153981368774109,2.4835736,1.5809138,1.6,0.4
2425,26705,2024-11-10 16:30:00,Arsenal,Chelsea,away,11,1.9605,1.24067,0.71983,1,1,0,D,1,19,28,9,0.2566,False,False,Normal,True,1,0,0,0.08205925394736857,0.1657548332885622,0.1395626567040311,2.4090126,1.2016808,1.4,0.4
2425,26714,2024-11-23 15:00:00,Arsenal,Nottingham Forest,home,12,1.66016,0.403136,1.257024,3,0,3,W,3,22,31,9,0.1268,False,False,Normal,False,0,0,1,-0.18653774605263151,-0.1416997057094444,-0.8606739415593847,1.5905026,1.382233,1.0,0.2
2425,26730,2024-11-30 17:30:00,Arsenal,West Ham,away,13,3.99935,1.23539,2.76396,5,2,3,W,3,25,34,9,0.1306,False,False,Normal,False,0,0,1,-0.9400057460526315,2.25290168963832,0.133256943456771,1.2722046,1.2082342,1.0,0.2
2425,26733,2024-12-04 20:15:00,Arsenal,Manchester United,home,14,2.96684,0.256083,2.710757,2,0,2,W,3,28,35,7,0.1585,False,False,Normal,False,1,0,1,-0.9134042460526314,1.1959333002768229,-1.0362940268149443,1.923923,1.0184742,1.6,0.4
2425,26749,2024-12-08 14:00:00,Arsenal,Fulham,away,15,2.4333,0.150988,2.282312,1,1,0,D,1,29,36,7,0.1859,False,False,Normal,False,0,0,0,-0.6991817460526315,0.6497546536197124,-1.1618051885044922,2.299631,0.7989987999999999,2.0,0.6
2425,26755,2024-12-14 15:00:00,Arsenal,Everton,home,16,1.30865,0.132166,1.176484,0,0,0,D,1,30,39,9,0.2095,False,False,Normal,False,0,0,0,-0.1462677460526315,-0.5015363741624955,-1.1842836231143277,2.60403,0.6572534,2.2,0.6
2425,26765,2024-12-21 17:30:00,Arsenal,Crystal Palace,away,17,3.05434,1.6052,1.44914,5,1,4,W,3,33,42,9,0.2417,False,False,Normal,False,0,0,1,-0.2825957460526314,1.28550602506315,0.5749076661782292,2.47366,0.4355525999999999,2.2,0.6
2425,26773,2024-12-27 20:15:00,Arsenal,Ipswich,home,18,2.16462,0.0783327,2.0862873000000004,1,0,1,W,3,36,45,9,0.2766,False,False,Normal,False,0,0,1,-0.6011693960526315,0.3747100856701072,-1.2485747884464742,2.752496,0.6759653999999999,2.2,0.6
2425,26783,2025-01-01 17:30:00,Arsenal,Brentford,away,19,1.99848,0.272604,1.725876,3,1,2,W,3,39,46,7,0.3258,False,False,Normal,False,0,0,1,-0.4209637460526314,0.2046345142872448,-1.0165635933759318,2.3855500000000003,0.44455394,2.2,0.6
2425,26794,2025-01-04 17:30:00,Arsenal,Brighton,away,20,1.81142,1.76513,0.0462899999999999,1,1,0,D,1,40,47,7,0.3664,False,False,Normal,False,0,0,0,0.4188292539473686,0.0131433840183257,0.7659062873210941,2.191878,0.4478581399999999,2.2,0.6
2425,26802,2025-01-15 20:00:00,Arsenal,Tottenham,home,21,2.25501,0.777071,1.477939,2,1,1,W,3,43,50,7,0.5578,True,False,Normal,True,1,0,1,-0.29699524605263145,0.4672412695950914,-0.4140968803635044,2.067502,0.77068654,2.2,0.6
2425,26812,2025-01-18 17:30:00,Arsenal,Aston Villa,home,22,1.64458,1.20602,0.4385599999999998,2,2,0,D,1,44,53,9,0.4285,False,False,Normal,False,0,0,0,0.22269425394736864,-0.1576487691628272,0.0981814135188861,2.256774,0.8996675399999999,2.6,0.8
2425,26831,2025-01-25 15:00:00,Arsenal,Wolverhampton Wanderers,away,23,0.887358,0.514724,0.372634,1,0,1,W,3,47,56,9,0.465,False,False,Normal,False,0,0,1,0.2556572539473686,-0.9328080583988554,-0.7274084245451284,1.974822,0.8198315399999998,2.2,0.6
2425,26833,2025-02-02 16:30:00,Arsenal,Manchester City,home,24,1.53202,0.743191,0.7888289999999999,5,1,4,W,3,50,57,7,0.6762,True,True,High Stakes,True,1,0,1,0.04755975394736861,-0.2728751223279589,-0.4545585403667573,1.7193695999999998,0.9071098,2.2,0.6
2425,26846,2025-02-15 12:30:00,Arsenal,Leicester,away,25,1.75,0.233209,1.516791,2,0,2,W,3,53,60,7,0.56,True,False,Normal,False,0,0,1,-0.31642124605263144,-0.0497315503402598,-1.0636116186365032,1.6260776,1.0012272,2.2,0.6
2425,26853,2025-02-22 15:00:00,Arsenal,West Ham,home,26,1.37264,1.02684,0.3458000000000001,0,1,-1,L,0,53,61,8,0.5708,True,False,Normal,False,0,0,0,0.2690742539473685,-0.4360305609159001,-0.1158067871712815,1.6137936,0.694843,2.6,0.8
2425,26864,2025-02-26 19:30:00,Arsenal,Nottingham Forest,away,27,1.31766,0.508611,0.809049,0,0,0,D,1,54,64,10,0.5548,True,False,Normal,False,0,0,0,0.03744975394736855,-0.492312942730212,-0.7347089595982537,1.4373196,0.7447968,2.0,0.6
2425,26877,2025-03-09 16:30:00,Arsenal,Manchester United,away,28,1.82996,1.31107,0.5188900000000001,1,1,0,D,1,55,67,12,0.5635,True,False,Normal,False,1,0,0,0.18252925394736852,0.0321225647901944,0.2236388333341673,1.3719356,0.605315,2.0,0.6
2425,26883,2025-03-16 13:30:00,Arsenal,Chelsea,home,29,0.695725,0.286036,0.409689,1,0,1,W,3,58,70,12,0.8461,True,True,High Stakes,True,1,1,1,0.23712975394736857,-1.1289805151871788,-1.0005222410393413,1.5604559999999998,0.7645842,1.6,0.4
2425,26892,2025-04-01 19:45:00,Arsenal,Fulham,home,30,2.30189,1.44206,0.8598300000000003,2,1,1,W,3,61,73,12,0.6254,True,True,High Stakes,False,0,1,1,0.012059253947368398,0.5152317763148978,0.3800754580043596,1.3931970000000002,0.6731532,1.6,0.4
2425,26905,2025-04-05 11:30:00,Arsenal,Everton,away,31,1.4031,1.22875,0.17435,1,1,0,D,1,62,73,11,0.5861,True,True,High Stakes,False,0,1,0,0.35479925394736855,-0.4048490158074255,0.1253270313427922,1.503575,0.9149234,1.6,0.4
2425,26913,2025-04-12 16:30:00,Arsenal,Brentford,home,32,0.767369,0.588583,0.178786,1,1,0,D,1,63,76,13,0.622,True,True,High Stakes,False,0,1,0,0.35258125394736856,-1.055639391820417,-0.6392012891797133,1.509667,0.9553054,1.8,0.4
2425,26927,2025-04-20 13:00:00,Arsenal,Ipswich,away,33,2.81362,0.192879,2.620741,4,0,4,W,3,66,79,13,0.6637,True,True,High Stakes,False,0,1,1,-0.8683962460526313,1.0390837815138383,-1.1117762806179434,1.3996088,0.9712998,1.8,0.4
2425,26933,2025-04-23 19:00:00,Arsenal,Crystal Palace,home,34,1.92149,2.50515,-0.5836600000000001,2,2,0,D,1,67,82,15,0.6679,True,True,High Stakes,False,0,1,0,0.7338042539473686,0.1258207533581092,1.6496854383130453,1.5963408,0.7476616,2.2,0.6
2425,26945,2025-05-03 16:30:00,Arsenal,Bournemouth,home,35,2.05484,1.41783,0.6370100000000001,1,2,-1,L,0,67,82,15,0.7266,True,True,High Stakes,False,0,1,0,0.12346925394736852,0.2623295859324724,0.3511384443715726,1.8414938,1.1914843999999998,1.8,0.4
2425,26952,2025-05-11 15:30:00,Arsenal,Liverpool,away,36,2.18795,2.74682,-0.5588700000000002,2,2,0,D,1,68,83,15,0.5723,True,True,High Stakes,False,1,1,0,0.7214092539473687,0.3985927333188499,1.9383031884011848,1.7920838,1.1866384,1.2,0.2
2425,26962,2025-05-18 15:30:00,Arsenal,Newcastle United,home,37,1.15958,2.24634,-1.08676,1,0,1,W,3,71,83,12,0.8551,True,True,High Stakes,False,0,1,1,0.9853542539473685,-0.6541375865498994,1.340598005448762,1.9490538,1.4902524,1.2,0.2
2425,26977,2025-05-25 15:00:00,Arsenal,Southampton,away,38,2.40711,0.598144,1.808966,2,1,1,W,3,74,84,10,0.3333,False,False,Normal,False,0,1,1,-0.46250874605263137,0.6229442574808103,-0.6277829322939074,2.027496,1.8218038,1.6,0.4
2526,28786,2025-08-17 15:30:00,Arsenal,Manchester United,away,1,1.3304,1.37653,-0.04613,1,0,1,W,3,3,3,0,0.0154,False,False,Normal,False,1,0,1,0.6066545763157896,-0.4792711540013227,0.301815346433723,,,,
2526,28793,2025-08-23 16:30:00,Arsenal,Leeds,home,2,2.73761,0.156761,2.580849,5,0,5,W,3,6,6,0,0.0187,False,False,Normal,False,0,0,1,-0.7068349236842105,0.9612732351023104,-1.1549107031680466,,,,
2526,28806,2025-08-31 15:30:00,Arsenal,Liverpool,away,3,0.485679,0.481404,0.004275,0,1,-1,L,0,6,9,3,0.0221,False,False,Normal,False,1,0,0,0.5814520763157895,-1.344002144335395,-0.7672012967797327,,,,
2526,28808,2025-09-13 11:30:00,Arsenal,Nottingham Forest,home,4,2.8817,0.293681,2.588019,3,0,3,W,3,9,12,3,0.0269,False,False,Normal,False,0,0,1,-0.7104199236842105,1.1087764798390178,-0.9913920937334124,1.5178963333333335,0.6715650000000001,2.0,0.6666666666666666
2526,28827,2025-09-21 15:30:00,Arsenal,Manchester City,home,5,0.718575,1.1227,-0.404125,1,1,0,D,1,10,15,5,0.182,False,False,Normal,True,1,0,0,0.7856520763157895,-1.1055892379144063,-0.0013246523450761,1.85884725,0.577094,2.25,0.75
2526,28836,2025-09-28 15:30:00,Arsenal,Newcastle United,away,6,2.07048,0.739851,1.3306289999999998,2,1,1,W,3,13,15,2,0.0399,False,False,Normal,False,0,0,1,-0.08172492368421042,0.2783400706828512,-0.4585473817011984,1.6307928,0.6862152,2.0,0.6
2526,28839,2025-10-04 14:00:00,Arsenal,West Ham,home,7,3.0585,0.864549,2.193951,2,0,2,W,3,16,16,0,0.0494,False,False,Normal,False,0,0,1,-0.5133859236842104,1.289764568321563,-0.3096250653173246,1.7788088000000002,0.5588794,2.0,0.6
2526,28851,2025-10-18 16:30:00,Arsenal,Fulham,away,8,2.07823,0.502332,1.575898,1,0,1,W,3,19,19,0,0.0597,False,False,Normal,False,0,0,1,-0.2043594236842105,0.2862736548782118,-0.7422077424542285,1.8429868,0.700437,2.0,0.6
2526,28859,2025-10-26 13:00:00,Arsenal,Crystal Palace,home,9,0.856175,0.350534,0.505641,1,0,1,W,3,22,22,0,0.072,False,False,Normal,False,0,0,1,0.33076907631578956,-0.9647297301361358,-0.9234946097852144,2.161497,0.7046226,2.6,0.8
2526,28869,2025-11-01 15:00:00,Arsenal,Burnley,away,10,2.51649,0.679177,1.837313,2,0,2,W,3,25,25,0,0.0866,False,False,Normal,False,0,0,1,-0.33506692368421054,0.7349152819051362,-0.5310081479065519,1.756392,0.7159932,2.6,0.8
2526,28885,2025-11-08 17:30:00,Arsenal,Sunderland,away,11,2.32943,1.20495,1.12448,2,2,0,D,1,26,26,0,0.1038,False,False,Normal,False,0,0,0,0.021349576315789542,0.5434241516362169,0.0969035511752177,2.115975,0.6272886,3.0,1.0
2526,28889,2025-11-23 16:30:00,Arsenal,Tottenham,home,12,2.27827,0.0300672,2.2482028,4,1,3,W,3,29,29,0,0.2741,False,False,Normal,True,1,0,1,-0.5405118236842106,0.4910522590640055,-1.30621653138883,2.167765,0.7203084000000001,2.6,0.8
2526,28900,2025-11-30 16:30:00,Arsenal,Chelsea,away,13,1.22828,0.791914,0.436366,1,1,0,D,1,30,30,0,0.2976,False,False,Normal,True,1,0,0,0.3654065763157895,-0.5838102014890915,-0.396370421702693,2.0117190000000003,0.55341204,2.6,0.8
2526,28909,2025-12-03 19:30:00,Arsenal,Brentford,home,14,2.63126,0.588716,2.0425440000000004,2,0,2,W,3,33,33,0,0.1748,False,False,Normal,False,0,0,1,-0.43768242368421056,0.8524039861762998,-0.6390424520846592,1.841729,0.61132844,2.2,0.6
2526,28919,2025-12-06 12:30:00,Arsenal,Aston Villa,away,15,1.85965,2.71986,-0.8602100000000001,1,2,-1,L,0,33,33,0,0.2059,False,False,Normal,False,0,0,0,1.0136945763157894,0.0625158699205494,1.906105834396235,2.196746,0.65896484,2.2,0.6
2526,28928,2025-12-13 20:00:00,Arsenal,Wolverhampton Wanderers,home,16,1.61796,0.61997,0.99799,2,1,1,W,3,36,36,0,0.2409,False,False,Normal,False,0,0,1,0.08459457631578948,-0.1848993512635361,-0.60171692901082,2.065378,1.06710144,1.6,0.4
2526,28941,2025-12-20 20:00:00,Arsenal,Everton,away,17,1.84723,0.213273,1.633957,1,0,1,W,3,39,39,0,0.2799,False,False,Normal,False,0,0,1,-0.2333889236842105,0.0498016614423071,-1.0874204632004008,1.923084,0.95010544,2.0,0.6
2526,28948,2025-12-27 15:00:00,Arsenal,Brighton,home,18,2.54318,0.710064,1.833116,2,1,1,W,3,42,42,0,0.3227,False,False,Normal,False,0,0,1,-0.3329684236842105,0.7622375221856742,-0.4941209196739522,1.836876,0.9867466,2.0,0.6
2526,28958,2025-12-30 20:15:00,Arsenal,Aston Villa,home,19,4.41335,2.94195,1.4714000000000005,4,1,3,W,3,45,45,0,0.3688,False,False,Normal,False,0,0,1,-0.1521104236842108,2.676708638913058,2.1713398978591174,2.099856,0.9703766,2.4,0.8
2526,28971,2026-01-03 17:30:00,Arsenal,Bournemouth,away,20,1.28,0.947846,0.332154,3,2,1,W,3,48,48,0,0.4177,False,False,Normal,False,0,0,1,0.4175125763157895,-0.5308650434782474,-0.2101464675224318,2.456274,1.4410234,2.4,0.8
2526,28980,2026-01-08 20:00:00,Arsenal,Liverpool,home,21,0.701832,0.318642,0.38319,0,0,0,D,1,49,49,0,0.4685,False,False,Normal,False,1,0,0,0.3919945763157895,-1.1227288508412347,-0.9615820732097644,2.340344,1.0866205999999998,3.0,1.0
2526,28994,2026-01-17 17:30:00,Arsenal,Nottingham Forest,away,22,2.86323,0.318481,2.5447490000000004,0,0,0,D,1,50,50,0,0.5204,True,False,Normal,False,0,0,0,-0.6887849236842105,1.0898689572469784,-0.9617743496932508,2.1571184,1.026355,2.6,0.8
2526,28999,2026-01-25 16:30:00,Arsenal,Manchester United,home,23,1.42411,0.640902,0.783208,2,3,-1,L,0,50,50,0,0.5722,True,False,Normal,False,1,0,0,0.1919855763157895,-0.3833413249758742,-0.5767185976298256,2.3603184,1.0473966,2.2,0.6
2526,29015,2026-01-31 15:00:00,Arsenal,Leeds,away,24,3.54427,0.17871,3.36556,4,0,4,W,3,53,53,0,0.7166,True,False,Normal,False,0,0,1,-1.0991904236842105,1.7870416256867552,-1.128697805428631,2.1365044,1.0335642,1.6,0.4
2526,29019,2026-02-07 15:00:00,Arsenal,Sunderland,home,25,1.19401,0.427225,0.766785,3,0,3,W,3,56,56,0,0.672,True,False,Normal,False,0,0,1,0.2001970763157895,-0.6188919989568337,-0.8319053191326325,1.9626884,0.4809161999999999,1.6,0.4
2526,29029,2026-02-12 20:00:00,Arsenal,Brentford,away,26,0.78418,1.81154,-1.0273599999999998,1,1,0,D,1,57,57,0,0.7181,True,False,Normal,False,0,0,0,1.0972695763157894,-1.038430168090326,0.8213320736478641,1.9454904,0.376792,1.6,0.4
2526,29087,2026-02-18 20:00:00,Arsenal,Wolverhampton Wanderers,away,27,2.01018,0.173119,1.837061,2,2,0,D,1,58,58,0,0.7609,True,False,Normal,False,0,0,0,-0.3349409236842105,0.2166116672015309,-1.1353749347402655,1.96196,0.6753716,1.6,0.4
2526,29046,2026-02-22 16:30:00,Arsenal,Tottenham,away,28,3.31701,0.383264,2.933746,4,1,3,W,3,61,61,0,0.9499,True,True,High Stakes,True,1,0,1,-0.8832834236842104,1.554398226430289,-0.8844063532354366,1.79135,0.6462992,1.6,0.4
2526,29049,2026-03-01 16:30:00,Arsenal,Chelsea,home,29,1.71598,1.35268,0.3632999999999999,2,1,1,W,3,64,64,0,0.9849,True,True,High Stakes,True,1,1,1,0.4019395763157895,-0.0845574257371838,0.2733321530725193,2.16993,0.5947716,2.2,0.6
2526,29060,2026-03-04 19:30:00,Arsenal,Brighton,away,30,0.514803,0.919228,-0.404425,1,0,1,W,3,67,67,0,0.8659,True,False,Normal,False,0,1,1,0.7858020763157895,-1.314188246773372,-0.2443239110281311,1.804272,0.8295656000000001,2.2,0.6
2526,29068,2026-03-14 17:30:00,Arsenal,Everton,home,31,1.90855,1.17847,0.7300800000000001,2,0,2,W,3,70,70,0,0.8931,True,True,High Stakes,False,0,1,1,0.21854957631578947,0.1125742269725655,0.0652794438291096,1.6684305999999995,0.9279662,2.2,0.6
2526,29092,2026-04-11 11:30:00,Arsenal,Bournemouth,home,32,3.16346,1.39461,1.7688500000000005,1,2,-1,L,0,70,70,0,0.9167,True,True,High Stakes,False,0,1,0,-0.3008354236842106,1.3972108905338254,0.3234076372500987,1.8933046,0.8013522,2.6,0.8
2526,29104,2026-04-19 15:30:00,Arsenal,Manchester City,away,33,2.28964,2.61528,-0.3256399999999999,1,2,-1,L,0,70,70,0,1.0,True,True,High Stakes,True,1,1,0,0.7464095763157894,0.5026915948448116,1.7812097186010691,2.1239606,1.0456504,2.4,0.8
2526,29109,2026-04-25 16:30:00,Arsenal,Newcastle United,home,34,0.639189,0.868897,-0.229708,1,0,1,W,3,73,73,0,0.9542,True,True,High Stakes,False,0,1,1,0.6984435763157895,-1.1868557559702622,-0.3044324059993156,1.9184866,1.4920535999999998,1.8,0.6
2526,29119,2026-05-02 17:30:00,Arsenal,Fulham,home,35,4.09079,0.696714,3.394076,3,0,3,W,3,76,76,0,0.9688,True,True,High Stakes,False,0,1,1,-1.1134484236842106,2.34650774626074,-0.5100643423729908,1.7031284,1.395297,1.8,0.6
2526,29137,2026-05-10 16:30:00,Arsenal,West Ham,away,36,1.42953,1.32011,0.10942,1,0,1,W,3,79,79,0,0.9811,True,True,High Stakes,False,0,1,1,0.5288795763157894,-0.3777929344805383,0.2344349787423552,2.4183258,1.3507942,1.8,0.6
2526,29139,2026-05-18 20:00:00,Arsenal,Burnley,home,37,1.22695,0.194884,1.032066,1,0,1,W,3,82,82,0,0.9914,True,True,High Stakes,False,0,1,1,0.06755657631578948,-0.5851717069058436,-1.1093817815534062,2.3225218,1.3791222,1.8,0.6
2526,29150,2026-05-24 15:00:00,Arsenal,Crystal Palace,away,38,3.90645,1.00492,2.90153,2,1,1,W,3,85,85,0,1.0,True,True,High Stakes,False,0,1,1,-0.8671754236842104,2.1578010481223218,-0.1419850512583921,1.9352198,1.139177,2.4,0.8
1920,11643,2019-08-09 20:00:00,Liverpool,Norwich,home,1,2.23456,0.842407,1.392153,4,1,3,W,3,3,3,0,0.0154,False,False,Normal,False,0,0,1,-0.2273860815789474,0.0656932261791492,-0.467388921797473,,,,
1920,11658,2019-08-17 15:00:00,Liverpool,Southampton,away,2,1.52022,2.14047,-0.6202500000000002,2,1,1,W,3,6,6,0,0.0187,False,False,Normal,False,0,0,1,0.7788154184210527,-0.6311030975874695,1.233328638179685,,,,
1920,11670,2019-08-24 17:30:00,Liverpool,Arsenal,home,3,2.78821,0.985542,1.802668,3,1,2,W,3,9,9,0,0.0228,False,False,Normal,False,1,0,1,-0.4326435815789473,0.6057459806845502,-0.2798539501147962,,,,
1920,11680,2019-08-31 17:30:00,Liverpool,Burnley,away,4,1.20057,0.61739,0.5831799999999999,3,0,3,W,3,12,12,0,0.0277,False,False,Normal,False,0,0,1,0.17710041842105267,-0.9429027236646872,-0.7622054008076445,2.1809966666666667,1.3228063333333335,3.0,1.0
1920,11683,2019-09-14 11:30:00,Liverpool,Newcastle United,home,5,2.93281,0.291073,2.641737,3,1,2,W,3,15,15,0,0.0336,False,False,Normal,False,0,0,1,-0.8521780815789473,0.7467947087645305,-1.1897447821928826,1.93589,1.14645225,3.0,1.0
1920,11701,2019-09-22 15:30:00,Liverpool,Chelsea,away,6,1.03003,1.23321,-0.2031799999999999,2,1,1,W,3,18,18,0,0.0408,False,False,Normal,False,1,0,1,0.5702804184210526,-1.1092543840157232,0.0446397891293102,2.135274,0.9753764,3.0,1.0
1920,11703,2019-09-28 11:30:00,Liverpool,Sheffield United,away,7,1.97079,1.17022,0.80057,1,0,1,W,3,21,21,0,0.0494,False,False,Normal,False,0,0,1,0.06840541842105263,-0.1915987724768423,-0.0378894864936456,1.894368,1.053537,3.0,1.0
1920,11715,2019-10-05 15:00:00,Liverpool,Leicester,home,8,3.74867,0.0982107,3.6504593,2,1,1,W,3,24,24,0,0.0597,False,False,Normal,False,0,0,1,-1.3565392315789475,1.542617774403069,-1.4424322867805508,1.984482,0.859487,3.0,1.0
1920,11729,2019-10-20 16:30:00,Liverpool,Manchester United,away,9,1.03212,0.791862,0.2402579999999999,1,1,0,D,1,25,25,0,0.222,False,False,Normal,True,1,0,0,0.34856141842105265,-1.107215712911386,-0.5336128023556937,2.176574,0.68202074,3.0,1.0
1920,11736,2019-10-27 16:30:00,Liverpool,Tottenham,home,10,2.18851,1.35143,0.83708,2,1,1,W,3,28,28,0,0.0866,False,False,Normal,False,1,0,1,0.05015041842105261,0.0207741810333462,0.1995312157707749,2.142884,0.71691514,2.6,0.8
1920,11744,2019-11-02 15:00:00,Liverpool,Aston Villa,away,11,2.38824,0.741615,1.6466250000000002,2,1,1,W,3,31,31,0,0.1038,False,False,Normal,False,0,0,1,-0.3546220815789474,0.2155989559947187,-0.5994462443659598,1.994024,0.92898654,2.6,0.8
1920,11755,2019-11-10 16:30:00,Liverpool,Manchester City,home,12,1.3319,1.48104,-0.1491399999999998,3,1,2,W,3,34,34,0,0.2741,False,False,Normal,True,1,0,1,0.5432604184210525,-0.8147980939361683,0.3693457802014994,2.2656660000000004,0.83066754,2.6,0.8
1920,11767,2019-11-23 15:00:00,Liverpool,Crystal Palace,away,13,1.64291,1.02306,0.61985,2,1,1,W,3,37,37,0,0.1476,False,False,Normal,False,0,0,1,0.15876541842105263,-0.5114262756778375,-0.2306979989666446,2.137888,0.8928315399999999,2.6,0.8
1920,11776,2019-11-30 15:00:00,Liverpool,Brighton,home,14,1.36832,0.867601,0.500719,2,1,1,W,3,40,40,0,0.1748,False,False,Normal,False,0,0,1,0.21833091842105262,-0.7792725429218331,-0.43437983194123,1.7167360000000005,1.0778013999999998,2.6,0.8
1920,11792,2019-12-04 20:15:00,Liverpool,Everton,home,15,2.41397,1.76453,0.64944,5,2,3,W,3,43,43,0,0.3559,False,False,Normal,True,0,0,1,0.14397041842105263,0.240697045714621,0.7407733773812392,1.7839759999999998,1.0929492,3.0,1.0
1920,11794,2019-12-07 15:00:00,Liverpool,Bournemouth,away,16,3.04446,0.154608,2.889852,3,0,3,W,3,46,46,0,0.2409,False,False,Normal,False,0,0,1,-0.9762355815789474,0.855702665127807,-1.3685407434230252,1.829068,1.1755692,3.0,1.0
1920,11808,2019-12-14 12:30:00,Liverpool,Watford,home,17,1.56674,1.01166,0.55508,2,0,2,W,3,49,49,0,0.2799,False,False,Normal,False,0,0,1,0.19115041842105263,-0.5857255953033706,-0.2456342387206009,1.960312,1.0581678,3.0,1.0
1920,11828,2019-12-26 20:00:00,Liverpool,Leicester,away,18,3.76973,0.120994,3.648736,4,0,4,W,3,52,52,0,0.3227,False,False,Normal,False,0,0,1,-1.3556775815789472,1.5631605559616053,-1.4125816875536816,2.00728,0.9642918,3.0,1.0
1920,11836,2019-12-29 16:30:00,Liverpool,Wolverhampton Wanderers,home,19,1.49124,0.363764,1.127476,1,0,1,W,3,55,55,0,0.3688,False,False,Normal,False,0,0,1,-0.09504758157894733,-0.6593713696466523,-1.0945052906178978,2.4326440000000003,0.7838786,3.0,1.0
1920,11847,2020-01-02 20:00:00,Liverpool,Sheffield United,home,20,3.0465,0.634607,2.411893,2,0,2,W,3,58,58,0,0.4177,False,False,Normal,False,0,0,1,-0.7372560815789473,0.8576925641961554,-0.7396477481897618,2.457228,0.6831111999999999,3.0,1.0
1920,11854,2020-01-11 17:30:00,Liverpool,Tottenham,away,21,1.74564,1.10584,0.6398000000000001,1,0,1,W,3,61,61,0,0.4685,False,False,Normal,False,1,0,1,0.14879041842105256,-0.4112192505349857,-0.1222399352094087,2.583734,0.4571265999999999,3.0,1.0
1920,11865,2020-01-19 16:30:00,Liverpool,Manchester United,home,22,2.00655,1.4185,0.5880499999999997,2,0,2,W,3,64,64,0,0.6704,True,False,Normal,True,1,0,1,0.17466541842105276,-0.1567170123375611,0.2874060929898839,2.32397,0.647373,3.0,1.0
1920,11874,2020-01-23 20:00:00,Liverpool,Wolverhampton Wanderers,away,23,1.59024,1.85442,-0.2641799999999998,2,1,1,W,3,67,67,0,0.5722,True,False,Normal,False,0,0,1,0.6007804184210526,-0.5628027383885744,0.8585469380376531,2.411932,0.728741,3.0,1.0
1920,11822,2020-01-29 19:45:00,Liverpool,West Ham,away,24,2.59926,0.878341,1.720919,2,0,2,W,3,70,70,0,0.6231,True,False,Normal,False,0,0,1,-0.3917690815789474,0.4214364566823911,-0.4203083218572396,1.976034,1.0754262,3.0,1.0
1920,11887,2020-02-01 15:00:00,Liverpool,Southampton,home,25,3.7195,0.716298,3.003202,4,0,4,W,3,73,73,0,0.672,True,False,Normal,False,0,0,1,-1.0329105815789474,1.514164168607128,-0.6326164883879694,2.1976380000000004,1.1783416,3.0,1.0
1920,11899,2020-02-15 17:30:00,Liverpool,Norwich,away,26,2.07331,0.383495,1.6898150000000003,1,0,1,W,3,76,76,0,0.7181,True,False,Normal,False,0,0,1,-0.3762170815789475,-0.0915965898851439,-1.0686538040753268,2.3322380000000003,1.1946798,3.0,1.0
1920,11911,2020-02-24 20:00:00,Liverpool,West Ham,home,27,2.48209,0.638236,1.843854,3,2,1,W,3,79,79,0,0.7609,True,False,Normal,False,0,0,1,-0.4532365815789473,0.3071440675459366,-0.7348930452014191,2.397772,1.0502108,3.0,1.0
1920,11921,2020-02-29 17:30:00,Liverpool,Watford,away,28,0.206031,2.71351,-2.507479,0,3,-3,L,0,79,79,0,0.7999,True,False,Normal,False,0,0,0,1.7224299184210525,-1.913016561672539,1.9841236231452144,2.4928800000000004,0.894158,3.0,1.0
1920,11928,2020-03-07 12:30:00,Liverpool,Bournemouth,home,29,1.89453,1.29544,0.5990900000000001,2,1,1,W,3,82,82,0,0.8349,True,True,High Stakes,False,0,1,1,0.16914541842105257,-0.2659858817671555,0.1261733154353358,2.2160382000000003,1.0659759999999998,2.4,0.8
1920,11940,2020-06-21 18:00:00,Liverpool,Everton,away,30,0.659123,0.621456,0.037667,0,0,0,D,1,83,83,0,1.0,True,True,High Stakes,True,0,1,0,0.4498569184210526,-1.4710521750666303,-0.7568781419620668,2.0750922,1.1493958,2.4,0.8
1920,11951,2020-06-24 19:15:00,Liverpool,Crystal Palace,home,31,2.56729,0.0645285,2.5027615,4,0,4,W,3,86,86,0,0.8931,True,True,High Stakes,False,0,1,1,-0.7826903315789473,0.3902516168710701,-1.4865625863104373,1.4630168,1.1304274,2.0,0.6
1920,11959,2020-07-02 19:15:00,Liverpool,Manchester City,away,32,0.819606,2.65433,-1.834724,0,4,-4,L,0,86,86,0,1.0,True,True,High Stakes,True,1,1,0,1.3860524184210528,-1.3145105220344075,1.906586196071607,1.5618127999999998,1.0666341,2.0,0.6
1920,11966,2020-07-05 15:30:00,Liverpool,Aston Villa,home,33,1.0837,0.689775,0.3939250000000001,2,0,2,W,3,89,89,0,0.9369,True,True,High Stakes,False,0,1,1,0.2717279184210526,-1.0569024805852076,-0.667366829352371,1.229316,1.4698529,1.4,0.4
1920,11976,2020-07-08 19:15:00,Liverpool,Brighton,away,34,2.61624,2.3646,0.2516400000000001,3,1,2,W,3,92,92,0,0.9542,True,True,High Stakes,False,0,1,1,0.3428704184210526,0.4379994401042308,1.5269829729212807,1.4048497999999998,1.0651059,2.0,0.6
1920,11986,2020-07-11 14:00:00,Liverpool,Burnley,home,35,2.17649,0.452331,1.7241589999999998,1,1,0,D,1,93,93,0,0.9688,True,True,High Stakes,False,0,1,0,-0.39338908157894725,0.0090493835816077,-0.9784651198908244,1.5491918,1.2789378999999998,2.0,0.6
1920,11993,2020-07-15 19:15:00,Liverpool,Arsenal,away,36,2.2233,1.31516,0.90814,1,2,-1,L,0,93,93,0,0.9811,True,True,High Stakes,False,1,1,0,0.014620418421052661,0.0547097636744425,0.1520103898167409,1.8526652,1.2451129,2.0,0.6
1920,12006,2020-07-22 19:15:00,Liverpool,Chelsea,home,37,1.45179,2.38205,-0.93026,5,3,2,W,3,96,96,0,0.9914,True,True,High Stakes,False,1,1,1,0.9338204184210527,-0.6978525060419166,1.549845901316591,1.7838672,1.4952392,1.4,0.4
1920,12016,2020-07-26 15:00:00,Liverpool,Newcastle United,away,38,0.56818,0.339294,0.228886,3,1,2,W,3,99,99,0,1.0,True,True,High Stakes,False,0,1,1,0.3542474184210527,-1.5597616804454524,-1.1265657982301176,1.910304,1.4407831999999998,2.0,0.6
2021,14090,2020-09-12 16:30:00,Liverpool,Leeds,home,1,3.15412,0.269813,2.884307,4,3,1,W,3,3,3,0,0.0154,False,False,Normal,False,0,0,1,-1.1144833684210527,0.962669494458724,-1.217599559137541,,,,
2021,14102,2020-09-20 15:30:00,Liverpool,Chelsea,away,2,2.25211,0.904183,1.347927,2,0,2,W,3,6,6,0,0.0187,False,False,Normal,False,1,0,1,-0.34629336842105285,0.0828122108112629,-0.3864502246886664,,,,
2021,14115,2020-09-28 19:15:00,Liverpool,Arsenal,home,3,2.73834,1.17817,1.56017,3,1,2,W,3,9,9,0,0.0228,False,False,Normal,False,1,0,1,-0.45241486842105283,0.5571007519891935,-0.0274734245599658,,,,
2021,14466,2020-10-04 18:15:00,Liverpool,Aston Villa,away,4,1.65705,3.07626,-1.41921,2,7,-5,L,0,9,12,3,0.0269,False,False,Normal,False,0,0,0,1.0372751315789472,-0.4976335439001688,2.459397392509039,2.7148566666666665,0.7840553333333333,3.0,1.0
2021,14477,2020-10-17 11:30:00,Liverpool,Everton,away,5,2.49492,1.35998,1.13494,2,2,0,D,1,10,13,3,0.1826,False,False,Normal,True,0,0,0,-0.23979986842105283,0.3196589719806957,0.2107333955862421,2.450405,1.3571065,2.25,0.75
2021,14490,2020-10-24 19:00:00,Liverpool,Sheffield United,home,6,2.40286,1.39788,1.00498,2,1,1,W,3,13,13,0,0.0408,False,False,Normal,False,0,0,1,-0.1748198684210528,0.2298598993178812,0.2603898417857982,2.459308,1.3576812,2.0,0.6
2021,14499,2020-10-31 17:30:00,Liverpool,West Ham,home,7,1.56302,0.269048,1.293972,2,1,1,W,3,16,16,0,0.0494,False,False,Normal,False,0,0,1,-0.31931586842105286,-0.5893542347809468,-1.2186018594368198,2.3090560000000004,1.5832946,2.0,0.6
2021,14511,2020-11-08 16:30:00,Liverpool,Manchester City,away,8,1.18789,1.58487,-0.3969800000000001,1,1,0,D,1,17,18,1,0.209,False,False,Normal,True,1,0,0,0.5261601315789473,-0.9552713119914792,0.5053834796447687,2.171238,1.4562676,2.0,0.6
2021,14519,2020-11-22 19:15:00,Liverpool,Leicester,home,9,3.77245,1.98397,1.78848,3,0,3,W,3,20,20,0,0.072,False,False,Normal,False,0,0,1,-0.5665698684210528,1.565813754719403,1.0282828906801988,1.861148,1.5376076,1.6,0.4
2021,14528,2020-11-28 12:30:00,Liverpool,Brighton,away,10,0.28109,2.30722,-2.02613,1,1,0,D,1,21,21,0,0.0866,False,False,Normal,False,0,0,0,1.3407351315789473,-1.83980095668668,1.451803899493035,2.284228,1.3191496,2.2,0.6
2021,14539,2020-12-06 19:15:00,Liverpool,Wolverhampton Wanderers,home,11,1.59454,0.357753,1.236787,4,0,4,W,3,24,24,0,0.1038,False,False,Normal,False,0,0,1,-0.29072336842105284,-0.5586083432935266,-1.1023808815969354,1.841462,1.5085976,2.2,0.6
2021,14547,2020-12-13 16:30:00,Liverpool,Fulham,away,12,1.82445,1.72509,0.0993599999999998,1,1,0,D,1,25,25,0,0.1241,False,False,Normal,False,0,0,0,0.27799013157894725,-0.3343447674092373,0.6890992286184295,1.6797980000000003,1.3005722,2.2,0.6
2021,14563,2020-12-16 20:00:00,Liverpool,Tottenham,home,13,1.21783,1.5161,-0.29827,2,1,1,W,3,28,28,0,0.1476,False,False,Normal,False,1,0,1,0.4768051315789472,-0.9260666168413092,0.4152812684272629,1.732084,1.5917806,1.8,0.4
2021,14568,2020-12-19 12:30:00,Liverpool,Crystal Palace,away,14,2.86902,0.489318,2.379702,7,0,7,W,3,31,31,0,0.1748,False,False,Normal,False,0,0,1,-0.8621808684210528,0.684571345249856,-0.9300048830680546,1.738072,1.5780265999999998,2.2,0.6
2021,14580,2020-12-27 16:30:00,Liverpool,West Bromwich Albion,home,15,1.45485,0.739845,0.715005,1,1,0,D,1,32,32,0,0.2059,False,False,Normal,False,0,0,0,-0.0298323684210528,-0.6948676574393942,-0.6017652921172321,1.557386,1.2790962,2.2,0.6
2021,14591,2020-12-30 20:00:00,Liverpool,Newcastle United,away,16,1.32047,0.817935,0.5025350000000001,0,0,0,D,1,33,33,0,0.2409,False,False,Normal,False,0,0,0,0.07640263157894717,-0.8259473813632373,-0.4994520498026323,1.792138,0.9656212,2.2,0.6
2021,14598,2021-01-04 20:00:00,Liverpool,Southampton,away,17,1.37204,0.500436,0.8716039999999999,0,1,-1,L,0,33,36,3,0.2672,False,False,Normal,False,0,0,0,-0.10813186842105277,-0.7756439034442569,-0.9154381187185384,1.737324,1.0576576,1.8,0.4
2021,14620,2021-01-17 16:30:00,Liverpool,Manchester United,home,18,1.20205,1.18929,0.0127600000000001,0,0,0,D,1,34,38,4,0.4975,False,False,Normal,True,1,0,0,0.32129013157894715,-0.9414590713994148,-0.0129040398175103,1.646842,0.8127268000000001,1.6,0.4
2021,14613,2021-01-21 20:00:00,Liverpool,Burnley,home,19,1.64907,1.08059,0.5684800000000001,0,1,-1,L,0,34,41,7,0.3746,False,False,Normal,False,0,0,0,0.04343013157894715,-0.5054175608440016,-0.155322396067952,1.643686,0.7473648,1.2,0.2
2021,14633,2021-01-28 20:00:00,Liverpool,Tottenham,away,20,2.58798,0.104586,2.483394,3,1,2,W,3,37,44,7,0.4213,False,False,Normal,False,1,0,1,-0.9140268684210527,0.4104334853632887,-1.4340793912276213,1.399696,0.8656191999999999,0.6,0.0
2021,14639,2021-01-31 16:30:00,Liverpool,West Ham,away,21,2.05809,0.883061,1.175029,3,1,2,W,3,40,47,7,0.4078,False,False,Normal,False,0,0,1,-0.2598443684210528,-0.1064427976401739,-0.4141241945205139,1.626322,0.7385674,1.0,0.2
2021,14654,2021-02-03 20:15:00,Liverpool,Brighton,home,22,1.09518,1.18977,-0.0945899999999999,0,1,-1,L,0,40,50,10,0.4183,False,False,Normal,False,0,0,0,0.3749651315789472,-1.0457044211221498,-0.0122751455120805,1.773846,0.7515926,1.4,0.4
2021,14659,2021-02-07 16:30:00,Liverpool,Manchester City,home,23,1.17728,3.55196,-2.37468,1,4,-3,L,0,40,53,13,0.5702,True,True,High Stakes,True,1,0,0,1.515010131578947,-0.9656207380283296,3.082657853119297,1.7184739999999998,0.8894594,1.4,0.4
2021,14670,2021-02-13 12:30:00,Liverpool,Leicester,away,24,1.68325,2.07383,-0.3905800000000001,1,3,-2,L,0,40,56,16,0.4465,False,False,Normal,False,0,0,0,0.5229601315789473,-0.4720769970419704,1.1460171454425236,1.7135200000000002,1.3619934,1.2,0.4
2021,14680,2021-02-20 17:30:00,Liverpool,Everton,home,25,1.54046,2.01468,-0.4742199999999998,0,2,-2,L,0,40,59,19,0.6606,True,True,High Stakes,True,0,0,0,0.5647801315789471,-0.6113601774191514,1.0685190242630052,1.720356,1.5606414000000002,1.2,0.4
2021,14694,2021-02-28 19:15:00,Liverpool,Sheffield United,away,26,2.80551,0.777149,2.028361,2,0,2,W,3,43,62,19,0.5717,True,True,High Stakes,False,0,0,1,-0.6865103684210527,0.6226211051367195,-0.5528897230135846,1.510852,1.9426602,0.6,0.2
2021,14719,2021-03-04 20:15:00,Liverpool,Chelsea,home,27,0.247034,1.22635,-0.979316,0,1,-1,L,0,43,65,22,0.4914,False,False,Normal,False,1,0,0,0.8173281315789472,-1.8730205658394588,0.0356518413475437,1.6603360000000005,1.9214778,0.6,0.2
2021,14699,2021-03-07 14:00:00,Liverpool,Fulham,home,28,0.701764,1.37047,-0.668706,0,1,-1,L,0,43,65,22,0.4726,False,False,Normal,False,0,0,0,0.6620231315789472,-1.4294584073345529,0.2244773565528212,1.4907068,1.9287938,0.6,0.2
2021,14714,2021-03-15 20:00:00,Liverpool,Wolverhampton Wanderers,away,29,1.0552,1.29175,-0.23655,1,0,1,W,3,46,68,22,0.5218,True,False,Normal,False,0,1,1,0.4459451315789472,-1.0847025410988969,0.1213386904623448,1.3956035999999998,1.4924958,0.6,0.2
2021,14725,2021-04-03 19:00:00,Liverpool,Arsenal,away,30,2.43732,0.161161,2.2761590000000003,3,0,3,W,3,49,71,22,0.5773,True,True,High Stakes,False,1,1,1,-0.8104093684210528,0.2634735865214506,-1.3599550259574398,1.2699936,1.3360798,1.2,0.4
2021,14739,2021-04-10 14:00:00,Liverpool,Aston Villa,home,31,2.14592,0.760621,1.3852989999999998,2,1,1,W,3,52,74,22,0.5861,True,True,High Stakes,False,0,1,1,-0.3649793684210527,-0.0207698392220228,-0.5745446502638818,1.4493656,0.965376,1.8,0.6
2021,14749,2021-04-19 19:00:00,Liverpool,Leeds,away,32,1.60043,2.59719,-0.99676,1,1,0,D,1,53,74,21,0.622,True,True,High Stakes,False,0,1,0,0.8260501315789471,-0.5528629974540309,1.831721569796076,1.3174476,0.9620704000000002,1.8,0.6
2021,14760,2021-04-24 11:30:00,Liverpool,Newcastle United,home,33,2.84708,0.860694,1.986386,1,1,0,D,1,54,77,23,0.5466,True,True,High Stakes,False,0,1,0,-0.6655228684210528,0.6631701758579145,-0.4434293589570699,1.5881268,1.2362384,2.0,0.6
2021,14780,2021-05-08 19:15:00,Liverpool,Southampton,home,34,2.26367,1.2289,1.0347699999999995,2,0,2,W,3,57,80,23,0.5248,True,False,Normal,False,0,1,1,-0.18971486842105267,0.0940883055319029,0.0389928423451393,2.0171900000000003,1.1342832,2.2,0.6
2021,14770,2021-05-13 19:15:00,Liverpool,Manchester United,away,35,2.938,1.71328,1.2247200000000005,4,2,2,W,3,60,80,20,0.695,True,True,High Stakes,True,1,1,1,-0.2846898684210529,0.7518572461001815,0.6736258083119187,2.258884,1.1217132,2.2,0.6
2021,14789,2021-05-16 15:30:00,Liverpool,West Bromwich Albion,away,36,2.07854,1.14202,0.9365199999999998,2,1,1,W,3,63,83,20,0.6541,True,True,High Stakes,False,0,1,1,-0.1405898684210527,-0.0864950349207024,-0.0748370269376424,2.35902,1.4321369999999998,2.2,0.6
2021,14796,2021-05-19 19:15:00,Liverpool,Burnley,away,37,2.73316,0.837048,1.896112,3,0,3,W,3,66,83,17,0.7436,True,True,High Stakes,False,0,1,1,-0.6203858684210527,0.5520479690607404,-0.4744102646783021,2.345544,1.5084168,2.2,0.6
2021,14810,2021-05-23 15:00:00,Liverpool,Crystal Palace,home,38,2.20348,0.772317,1.4311629999999995,2,0,2,W,3,69,86,17,0.5,True,False,Normal,False,0,1,1,-0.3879113684210527,0.0353765286084312,-0.5592205923549105,2.57209,1.1563883999999998,2.6,0.8
2122,16383,2021-08-14 16:30:00,Liverpool,Norwich,away,1,1.78728,1.3333,0.45398,3,0,3,W,3,3,3,0,0.0154,False,False,Normal,False,0,0,1,0.566317144736842,-0.3706018989634065,0.175777353776106,,,,
2122,16386,2021-08-21 11:30:00,Liverpool,Burnley,home,2,2.63945,0.690464,1.948986,2,0,2,W,3,6,6,0,0.0187,False,False,Normal,False,0,0,1,-0.181185855263158,0.4606394192102914,-0.6664641039847855,,,,
2122,16402,2021-08-28 16:30:00,Liverpool,Chelsea,home,3,2.08462,0.573638,1.5109820000000005,1,1,0,D,1,7,9,2,0.0224,False,False,Normal,False,1,0,0,0.03781614473684197,-0.0805643553444484,-0.8195291167475647,,,,
2122,16414,2021-09-12 15:30:00,Liverpool,Leeds,away,4,4.4016,0.652514,3.749086,3,0,3,W,3,10,10,0,0.0277,False,False,Normal,False,0,0,1,-1.081235855263158,2.179512283568086,-0.7161860600078237,2.17045,0.8658006666666666,2.333333333333333,0.6666666666666666
2122,16420,2021-09-18 14:00:00,Liverpool,Crystal Palace,home,5,2.76793,0.644168,2.123762,3,0,3,W,3,13,13,0,0.0336,False,False,Normal,False,0,0,1,-0.26857385526315786,0.585964042887441,-0.7271209597434833,2.7282375,0.812479,2.5,0.75
2122,16432,2021-09-25 16:30:00,Liverpool,Brentford,away,6,2.25736,2.94058,-0.6832200000000004,3,3,0,D,1,14,14,0,0.0408,False,False,Normal,False,0,0,0,1.1349171447368422,0.0879332745901001,2.281629935507568,2.736176,0.7788168,2.6,0.8
2122,16441,2021-10-03 15:30:00,Liverpool,Manchester City,home,7,0.949368,1.04319,-0.093822,2,2,0,D,1,15,16,1,0.1988,False,False,Normal,True,1,0,0,0.8402181447368421,-1.1879353833545017,-0.2043237440326852,2.830192,1.1002728000000002,2.2,0.6
2122,16455,2021-10-16 11:30:00,Liverpool,Watford,away,8,3.65553,0.302302,3.353228,5,0,5,W,3,18,19,1,0.059,False,False,Normal,False,0,0,1,-0.883306855263158,1.4517652257628937,-1.1750325860352355,2.4921756000000004,1.170818,1.8,0.4
2122,16463,2021-10-24 15:30:00,Liverpool,Manchester United,away,9,4.04765,1.35584,2.6918100000000003,5,0,5,W,3,21,22,1,0.2212,False,False,Normal,True,1,0,1,-0.552597855263158,1.834255040802464,0.2053091822019106,2.8063576,1.1165508,2.2,0.6
2122,16469,2021-10-30 14:00:00,Liverpool,Brighton,home,10,1.39778,1.51032,-0.11254,2,2,0,D,1,22,25,3,0.0836,False,False,Normal,False,0,0,0,0.8495771447368421,-0.7505360593171566,0.4077083328327133,2.7355676,1.257216,2.2,0.6
2122,16485,2021-11-07 16:30:00,Liverpool,West Ham,away,11,1.45641,1.25298,0.20343,2,3,-1,L,0,22,26,4,0.0989,False,False,Normal,False,0,0,0,0.691592144736842,-0.6933459699165395,0.0705423733341974,2.4615376,1.4304464,1.8,0.4
2122,16489,2021-11-20 17:30:00,Liverpool,Arsenal,home,12,3.97374,0.268025,3.705715,4,0,4,W,3,25,29,4,0.1179,False,False,Normal,False,1,0,1,-1.0595503552631578,1.7621602172036297,-1.219942190425267,2.3013476,1.0929264,1.6,0.4
2122,16503,2021-11-27 15:00:00,Liverpool,Southampton,home,13,3.07278,0.966132,2.106648,4,0,4,W,3,28,30,2,0.1438,False,False,Normal,False,0,0,1,-0.2600168552631579,0.8833271463119359,-0.3052848635906111,2.906222,0.9378934,2.0,0.6
2122,16507,2021-12-01 20:15:00,Liverpool,Everton,away,14,2.86067,0.512263,2.348407,4,1,3,W,3,31,33,2,0.3202,False,False,Normal,True,0,0,1,-0.38089635526315785,0.6764264152397049,-0.8999424250720436,2.789672,1.0706594,2.0,0.6
2122,16525,2021-12-04 15:00:00,Liverpool,Wolverhampton Wanderers,away,15,2.42332,0.095167,2.328153,1,0,1,W,3,34,35,1,0.203,False,False,Normal,False,0,0,1,-0.3707693552631579,0.2498174164445505,-1.4464201317752103,2.552276,0.901944,2.0,0.6
2122,16533,2021-12-11 15:00:00,Liverpool,Aston Villa,home,16,2.71181,0.140573,2.571237,1,0,1,W,3,37,38,1,0.2374,False,False,Normal,False,0,0,1,-0.49231135526315783,0.5312223096934681,-1.3869293508744966,2.757384,0.6189134,2.4,0.8
2122,16544,2021-12-16 20:00:00,Liverpool,Newcastle United,home,17,2.93912,0.2064,2.73272,3,1,2,W,3,40,41,1,0.2757,False,False,Normal,False,0,0,1,-0.573052855263158,0.7529497397063333,-1.3006830478671572,3.008464,0.396432,3.0,1.0
2122,16552,2021-12-19 16:30:00,Liverpool,Tottenham,away,18,1.54944,2.79777,-1.24833,2,2,0,D,1,41,44,3,0.3073,False,False,Normal,False,1,0,0,1.4174721447368421,-0.6026007197555399,2.0945207776775256,2.80154,0.384107,3.0,1.0
2122,16573,2021-12-28 20:00:00,Liverpool,Leicester,away,19,2.72682,0.615892,2.110928,0,1,-1,L,0,41,47,6,0.3319,False,False,Normal,False,0,0,0,-0.26215685526315796,0.5458636748973444,-0.7641680751191732,2.496872,0.7504346,2.6,0.8
2122,16578,2022-01-02 16:30:00,Liverpool,Chelsea,away,20,1.78897,1.389,0.3999699999999999,2,2,0,D,1,42,50,8,0.3591,False,False,Normal,False,1,0,0,0.5933221447368421,-0.3689534041469807,0.2487552971353481,2.470102,0.7711604000000001,2.0,0.6
2122,16589,2022-01-16 14:00:00,Liverpool,Brentford,home,21,3.49099,0.376656,3.114334,3,0,3,W,3,45,53,8,0.459,False,False,Normal,False,0,0,1,-0.7638598552631579,1.2912662097305287,-1.0776142377312308,2.3432319999999995,1.029927,1.6,0.4
2122,16599,2022-01-23 14:00:00,Liverpool,Crystal Palace,away,22,1.49697,1.62615,-0.12918,3,1,2,W,3,48,56,8,0.4388,False,False,Normal,False,0,0,1,0.8578971447368421,-0.6537820943223212,0.5594683899117256,2.499068,1.0771436,1.6,0.4
2122,16614,2022-02-10 19:45:00,Liverpool,Leicester,home,23,2.72997,0.544954,2.185016,2,0,2,W,3,51,57,6,0.5007,True,False,Normal,False,0,0,1,-0.2992008552631578,0.5489363131646466,-0.8571107922828698,2.2106380000000003,1.3610935999999998,1.6,0.4
2122,16617,2022-02-13 14:00:00,Liverpool,Burnley,away,24,1.95722,1.16081,0.7964100000000001,1,0,1,W,3,54,60,6,0.54,True,False,Normal,False,0,0,1,0.395102144736842,-0.2048355030442375,-0.0502184352730079,2.446744,0.9105304,2.0,0.6
2122,16631,2022-02-19 15:00:00,Liverpool,Norwich,home,25,3.15449,0.66975,2.48474,3,1,2,W,3,57,63,6,0.576,True,False,Normal,False,0,0,1,-0.449062855263158,0.9630304075250424,-0.6936035136570178,2.292824,1.0195139999999998,2.6,0.8
2122,16559,2022-02-23 19:45:00,Liverpool,Leeds,home,26,5.3303,0.141547,5.188753,6,0,6,W,3,60,63,3,0.6629,True,False,Normal,False,0,0,1,-1.801069355263158,3.085404080026437,-1.3856532195130622,2.565928,0.8756639999999999,3.0,1.0
2122,16649,2022-03-05 17:30:00,Liverpool,West Ham,home,27,2.18865,1.33829,0.85036,1,0,1,W,3,63,66,3,0.6975,True,True,High Stakes,False,0,0,1,0.36812714473684205,0.0209107427341152,0.182315234159636,2.93379,0.8286422,3.0,1.0
2122,16658,2022-03-12 12:30:00,Liverpool,Brighton,away,28,2.48312,0.629316,1.853804,2,0,2,W,3,66,69,3,0.7271,True,True,High Stakes,False,0,0,1,-0.13359485526315795,0.3081487714873087,-0.746579997710655,3.072126,0.7710701999999999,3.0,1.0
2122,16636,2022-03-16 20:15:00,Liverpool,Arsenal,away,29,1.27681,0.534265,0.742545,2,0,2,W,3,69,70,1,0.8071,True,True,High Stakes,False,1,1,1,0.42203464473684205,-0.8685351231887695,-0.8711154823469083,3.022756,0.7879425999999998,3.0,1.0
2122,16680,2022-04-02 11:30:00,Liverpool,Watford,home,30,2.23651,0.753307,1.483203,2,0,2,W,3,72,73,1,0.8339,True,True,High Stakes,False,0,1,1,0.05170564473684203,0.0675953355827173,-0.5841274272428674,2.886674,0.6626336,3.0,1.0
2122,16690,2022-04-10 15:30:00,Liverpool,Manchester City,away,31,1.29983,1.34647,-0.04664,2,2,0,D,1,73,74,1,1.0,True,True,High Stakes,True,1,1,0,0.8166271447368421,-0.8460804778194668,0.1930326412813345,2.703078,0.679345,3.0,1.0
2122,16669,2022-04-19 19:00:00,Liverpool,Manchester United,home,32,2.25967,0.110227,2.149443,4,0,4,W,3,76,77,1,1.0,True,True,High Stakes,True,1,1,1,-0.2814143552631579,0.0901865426527886,-1.4266885729423524,1.896984,0.9203296,2.6,0.8
2122,16708,2022-04-24 15:30:00,Liverpool,Everton,home,33,1.70397,0.424961,1.279009,2,0,2,W,3,79,80,1,1.0,True,True,High Stakes,True,0,1,1,0.15380264473684205,-0.4518658653281585,-1.0143251972650158,1.911188,0.674717,2.6,0.8
2122,16721,2022-04-30 11:30:00,Liverpool,Newcastle United,away,34,2.73435,0.115353,2.618997,1,0,1,W,3,82,83,1,0.8906,True,True,High Stakes,False,0,1,1,-0.516191355263158,0.5532087435172771,-1.4199725058389507,1.755358,0.633846,2.6,0.8
2122,16728,2022-05-07 18:45:00,Liverpool,Tottenham,home,35,1.0481,0.982635,0.065465,1,1,0,D,1,83,86,3,0.7266,True,True,High Stakes,False,1,1,0,0.760574644736842,-1.0916281702093245,-0.283662691252055,2.046866,0.5500636,2.6,0.8
2122,16705,2022-05-10 19:00:00,Liverpool,Aston Villa,away,36,1.75417,1.44726,0.30691,2,1,1,W,3,86,89,3,0.6541,True,False,Normal,False,0,1,1,0.639852144736842,-0.4028987411952747,0.325087343456882,1.809184,0.5959292,2.2,0.6
2122,16740,2022-05-17 18:45:00,Liverpool,Southampton,away,37,1.19178,0.121506,1.070274,2,1,1,W,3,89,90,1,0.8262,True,True,High Stakes,False,0,1,1,0.258170144736842,-0.9514768475915404,-1.4119108669612237,1.900052,0.6160872000000001,2.6,0.8
2122,16753,2022-05-22 15:00:00,Liverpool,Wolverhampton Wanderers,home,38,3.19385,1.11708,2.07677,3,1,2,W,3,92,93,1,0.6667,True,False,Normal,False,0,1,1,-0.24507785526315784,1.0014237542555264,-0.1075133268905956,1.686474,0.6183430000000001,2.6,0.8
2223,18203,2022-08-06 11:30:00,Liverpool,Fulham,away,1,2.34111,1.26822,1.07289,2,2,0,D,1,1,3,2,0.0151,False,False,Normal,False,0,0,0,-0.20751527631578948,0.169626434871555,0.0905097675315913,,,,
2223,18221,2022-08-15 19:00:00,Liverpool,Crystal Palace,home,2,2.23596,1.64468,0.59128,1,1,0,D,1,2,6,4,0.018,False,False,Normal,False,0,0,0,0.03328972368421057,0.067058843186839,0.5837463304942526,,,,
2223,18231,2022-08-22 19:00:00,Liverpool,Manchester United,away,3,1.52301,2.01764,-0.4946300000000001,1,2,-1,L,0,2,9,7,0.1713,False,False,Normal,True,1,0,0,0.5762447236842106,-0.6283816179792873,1.0723972058131557,,,,
2223,18236,2022-08-27 14:00:00,Liverpool,Bournemouth,home,4,4.86035,0.180991,4.679359000000001,9,0,9,W,3,5,12,7,0.0297,False,False,Normal,False,0,0,1,-2.0107497763157895,2.626995713766502,-1.3339738299643742,2.03336,1.6435133333333332,0.6666666666666666,0.0
2223,18250,2022-08-31 19:00:00,Liverpool,Newcastle United,home,5,1.76119,0.643546,1.117644,2,1,1,W,3,8,15,7,0.0313,False,False,Normal,False,0,0,1,-0.22989227631578946,-0.3960511473424291,-0.7279359019476027,2.7401075,1.2778827499999998,1.25,0.25
2223,18252,2022-09-03 11:30:00,Liverpool,Everton,away,6,1.38617,1.39169,-0.0055200000000001,0,0,0,D,1,9,15,6,0.1883,False,False,Normal,True,0,0,0,0.3316897236842107,-0.7618609260737859,0.252279725638694,2.5443240000000005,1.1510154,1.6,0.4
2223,18288,2022-10-01 14:00:00,Liverpool,Brighton,home,7,2.1515,2.36567,-0.2141700000000002,3,3,0,D,1,10,18,8,0.0452,False,False,Normal,False,0,0,0,0.4360147236842107,-0.0153268800056583,1.5283848831438016,2.353336,1.1757094,1.6,0.4
2223,18292,2022-10-09 15:30:00,Liverpool,Arsenal,away,8,0.765151,2.81968,-2.054529,2,3,-1,L,0,10,21,11,0.0526,False,False,Normal,False,1,0,0,1.3561942236842106,-1.3676281464299491,2.123227182327454,2.336444,1.3199074,1.6,0.4
2223,18307,2022-10-16 15:30:00,Liverpool,Manchester City,home,9,1.9992,0.911493,1.087707,1,0,1,W,3,13,24,11,0.2226,False,False,Normal,True,1,0,1,-0.21492377631578946,-0.1638865016279333,-0.3768726884955594,2.1848722,1.4803153999999998,1.6,0.4
2223,18320,2022-10-19 18:30:00,Liverpool,West Ham,home,10,2.24066,2.48649,-0.2458299999999997,1,0,1,W,3,16,27,11,0.0756,False,False,Normal,False,0,0,1,0.45184472368421047,0.0716434145697984,1.6866828206063436,1.6126421999999998,1.6264158000000002,1.6,0.4
2223,18327,2022-10-22 11:30:00,Liverpool,Nottingham Forest,away,11,2.19752,2.50163,-0.3041100000000001,0,1,-1,L,0,16,28,12,0.089,False,False,Normal,False,0,0,0,0.48098472368421064,0.029562901918551,1.7065191951567733,1.7085362,1.9950046,1.6,0.4
2223,18339,2022-10-29 18:45:00,Liverpool,Leeds,home,12,1.90889,1.61271,0.2961799999999999,1,2,-1,L,0,16,31,15,0.1011,False,False,Normal,False,0,0,0,0.18083972368421064,-0.2519785530311355,0.5418593493596933,1.8708062,2.2169926,1.4,0.4
2223,18349,2022-11-06 16:30:00,Liverpool,Tottenham,away,13,1.46548,1.81736,-0.3518800000000002,2,1,1,W,3,19,34,15,0.1192,False,False,Normal,False,1,0,1,0.5048697236842107,-0.684498722588148,0.8099910568725993,1.8222842,2.0664006,1.2,0.4
2223,18355,2022-11-12 15:00:00,Liverpool,Southampton,home,14,2.74418,1.43427,1.30991,3,1,2,W,3,22,37,15,0.1399,False,False,Normal,False,0,0,1,-0.3260252763157895,0.5627973257927004,0.3080678913161898,1.96235,1.8659366,1.8,0.6
2223,18363,2022-12-26 17:30:00,Liverpool,Aston Villa,away,15,3.50694,1.69155,1.81539,3,1,2,W,3,25,40,15,0.163,False,False,Normal,False,0,0,1,-0.5787652763157894,1.306824489210997,0.645155239026527,2.111346,1.970492,1.8,0.6
2223,18375,2022-12-30 20:00:00,Liverpool,Leicester,home,16,2.02463,0.863312,1.161318,2,1,1,W,3,28,43,15,0.1885,False,False,Normal,False,0,0,1,-0.2517292763157895,-0.1390810441239644,-0.4399992645995386,2.364602,1.811504,1.8,0.6
2223,18384,2023-01-02 17:30:00,Liverpool,Brentford,away,17,2.10461,2.0991,0.0055100000000001,1,3,-2,L,0,28,44,16,0.212,False,False,Normal,False,0,0,0,0.3261747236842105,-0.061065295356075,1.1791258102304596,2.330024,1.4838404,2.4,0.8
2223,18394,2023-01-14 15:00:00,Liverpool,Brighton,away,18,1.28853,2.40062,-1.11209,0,3,-3,L,0,28,47,19,0.2254,False,False,Normal,False,0,0,0,0.8849747236842106,-0.8571029579529648,1.5741762497579035,2.369168,1.5811184,2.4,0.8
2223,18408,2023-01-21 12:30:00,Liverpool,Chelsea,home,19,1.30125,1.84467,-0.54342,0,0,0,D,1,29,50,21,0.2397,False,False,Normal,False,1,0,0,0.6006397236842106,-0.8446953519973813,0.8457725224586118,2.333778,1.6977704,1.8,0.6
2223,18421,2023-02-04 15:00:00,Liverpool,Wolverhampton Wanderers,away,20,1.30193,2.63328,-1.33135,0,3,-3,L,0,29,50,21,0.3034,False,False,Normal,False,0,0,0,0.9946047236842106,-0.8440320523079319,1.879006560385574,2.045192,1.7798504000000002,1.4,0.4
2223,18428,2023-02-13 20:00:00,Liverpool,Everton,home,21,2.23291,0.402331,1.830579,2,0,2,W,3,32,51,19,0.4992,False,True,High Stakes,True,0,0,1,-0.5863597763157894,0.0640837489915144,-1.0439749433730885,1.6041900000000002,1.9681964,0.8,0.2
2223,18438,2023-02-18 17:30:00,Liverpool,Newcastle United,away,22,2.16549,1.74852,0.41697,2,0,2,W,3,35,51,16,0.3571,False,False,Normal,False,0,0,1,0.12044472368421055,-0.001680464335956,0.7197971319022184,1.645846,1.8760002,0.8,0.2
2223,18443,2023-02-25 19:45:00,Liverpool,Crystal Palace,away,23,1.35123,0.989086,0.3621439999999999,0,0,0,D,1,36,54,18,0.3845,False,False,Normal,False,0,0,0,0.14785772368421063,-0.7959428248228488,-0.2752106138263734,1.658022,1.8058842,1.4,0.4
2223,18264,2023-03-01 20:00:00,Liverpool,Wolverhampton Wanderers,home,24,2.70191,0.78681,1.9151,2,0,2,W,3,39,57,18,0.4362,False,True,High Stakes,False,0,0,1,-0.6286202763157893,0.5215654465676602,-0.5402319149203416,1.670562,1.5235774,1.6,0.4
2223,18457,2023-03-05 16:30:00,Liverpool,Manchester United,home,25,3.44269,0.837542,2.605148,7,0,7,W,3,42,60,18,0.618,True,True,High Stakes,True,1,0,1,-0.9736442763157893,1.244152422965224,-0.4737630276222973,1.950694,1.3120054,2.0,0.6
2223,18462,2023-03-11 12:30:00,Liverpool,Bournemouth,away,26,2.13465,1.10128,1.03337,0,1,-1,L,0,42,63,21,0.4695,False,True,High Stakes,False,0,0,0,-0.18775527631578948,-0.0317630561339269,-0.1282144311109911,2.378846,0.9528578,2.6,0.8
2223,18488,2023-04-01 11:30:00,Liverpool,Manchester City,away,27,0.318171,3.01243,-2.694259,1,4,-3,L,0,42,66,24,0.5938,True,True,High Stakes,True,1,0,0,1.6760592236842107,-1.803630639356571,2.375767551851581,2.359194,1.0926476,2.0,0.6
2223,18281,2023-04-04 19:00:00,Liverpool,Chelsea,away,28,0.202217,2.18903,-1.986813,0,0,0,D,1,43,69,26,0.4181,False,False,Normal,False,1,0,0,1.3223362236842104,-1.9167368925777744,1.2969517787456593,1.9897302,1.3454296,1.4,0.4
2223,18497,2023-04-09 15:30:00,Liverpool,Arsenal,home,29,4.64012,1.53631,3.1038099999999997,2,2,0,D,1,44,72,28,0.4321,False,False,Normal,False,1,1,0,-1.2229752763157893,2.412174404049668,0.4417603390787941,1.7599276,1.5854184,1.4,0.4
2223,18505,2023-04-17 19:00:00,Liverpool,Leeds,away,30,2.65476,1.16748,1.48728,6,1,5,W,3,47,73,26,0.4979,False,True,High Stakes,False,0,1,1,-0.4147102763157894,0.4755734166301012,-0.0414794248204736,2.1475696,1.7353184,1.0,0.2
2223,18519,2023-04-22 14:00:00,Liverpool,Nottingham Forest,home,31,3.32745,0.724666,2.602784,3,2,1,W,3,50,74,24,0.4187,False,False,Normal,False,0,1,1,-0.9724622763157893,1.1317426344179424,-0.6216527643299776,1.9899836,1.8013060000000003,1.0,0.2
2223,18526,2023-04-26 18:45:00,Liverpool,West Ham,away,32,1.7045,0.939348,0.7651519999999999,2,1,1,W,3,53,76,23,0.4584,False,True,High Stakes,False,0,1,1,-0.05364627631578939,-0.451348881746676,-0.3403771658335903,2.2285436,1.7259832,1.6,0.4
2223,18539,2023-04-30 15:30:00,Liverpool,Tottenham,home,33,2.42911,1.44927,0.97984,4,3,1,W,3,56,79,23,0.4424,False,True,High Stakes,False,1,1,1,-0.16099027631578944,0.2554652182120686,0.327720838360869,2.5058093999999995,1.3113667999999998,2.2,0.6
2223,18477,2023-05-03 19:00:00,Liverpool,Fulham,home,34,1.67372,0.740125,0.933595,1,0,1,W,3,59,82,23,0.5248,True,True,High Stakes,False,0,1,1,-0.13786777631578945,-0.4813729471014599,-0.6013984371057314,2.951188,1.1634148,2.6,0.8
2223,18545,2023-05-06 16:30:00,Liverpool,Brentford,home,35,1.992,0.183892,1.808108,1,0,1,W,3,62,85,23,0.4844,False,True,High Stakes,False,0,1,1,-0.5751242763157894,-0.170909674810339,-1.3301729500059332,2.357908,1.0041778,3.0,1.0
2223,18559,2023-05-15 19:00:00,Liverpool,Leicester,away,36,1.77085,0.527496,1.243354,3,0,3,W,3,65,88,23,0.4088,False,False,Normal,False,0,1,1,-0.29274727631578945,-0.3866283899893682,-0.8799842022499371,2.225356,0.8074602000000001,3.0,1.0
2223,18565,2023-05-20 14:00:00,Liverpool,Aston Villa,home,37,0.918508,1.46948,-0.5509719999999999,1,1,0,D,1,66,89,23,0.2479,False,False,Normal,False,0,1,0,0.6044157236842105,-1.218037483966868,0.3541999090123999,1.914036,0.7680262000000001,3.0,1.0
2223,18581,2023-05-28 15:30:00,Liverpool,Southampton,away,38,4.00345,1.33964,2.66381,4,4,0,D,1,67,89,22,0.3333,False,False,Normal,False,0,1,0,-1.0029752763157895,1.791140560988251,0.1840839993936571,1.7568376,0.8740526000000001,2.6,0.8
2324,22283,2023-08-13 15:30:00,Liverpool,Chelsea,away,1,1.29994,1.93258,-0.6326399999999999,1,1,0,D,1,1,3,2,0.0151,False,False,Normal,False,1,0,0,0.9398264144736841,-0.8459731793402911,0.960951894105128,,,,
2324,22288,2023-08-19 14:00:00,Liverpool,Bournemouth,home,2,3.25448,1.3867,1.86778,3,1,2,W,3,4,6,2,0.0184,False,False,Normal,False,0,0,1,-0.31038358552631584,1.0605647250957009,0.245741845255164,,,,
2324,22304,2023-08-27 15:30:00,Liverpool,Newcastle United,away,3,0.856121,1.62037,-0.7642490000000001,2,1,1,W,3,7,9,2,0.0224,False,False,Normal,False,0,0,1,1.0056309144736844,-1.2788923041516933,0.5518954543171761,,,,
2324,21933,2023-09-03 13:00:00,Liverpool,Aston Villa,home,4,2.73138,0.615503,2.115877,3,0,3,W,3,10,12,2,0.0272,False,False,Normal,False,0,0,1,-0.4344320855263159,0.5503116845795348,-0.7646777415458651,1.803513666666667,1.6465500000000002,2.333333333333333,0.6666666666666666
2324,21935,2023-09-16 11:30:00,Liverpool,Wolverhampton Wanderers,away,5,2.82701,0.538833,2.288177,3,1,2,W,3,13,15,2,0.033,False,False,Normal,False,0,0,1,-0.5205820855263159,0.6435930806119586,-0.8651305048735686,2.03548025,1.38878825,2.5,0.75
2324,21953,2023-09-24 13:00:00,Liverpool,West Ham,home,6,4.14262,1.53878,2.60384,3,1,2,W,3,16,18,2,0.0399,False,False,Normal,False,0,0,1,-0.6784135855263158,1.9268926459598337,0.4449965243588178,2.1937862000000004,1.2187972,2.6,0.8
2324,21962,2023-09-30 16:30:00,Liverpool,Tottenham,away,7,1.12299,2.18823,-1.06524,1,2,-1,L,0,16,18,2,0.0483,False,False,Normal,False,1,0,0,1.1561264144736842,-1.018577414705108,1.295903621569943,2.7623222000000003,1.1400372,3.0,1.0
2324,21966,2023-10-08 13:00:00,Liverpool,Brighton,away,8,2.51029,2.23187,0.2784200000000001,2,2,0,D,1,17,20,3,0.0577,False,False,Normal,False,0,0,0,0.4842964144736841,0.3346514958436921,1.353080595505263,2.3360242,1.3003432,2.4,0.8
2324,21979,2023-10-21 11:30:00,Liverpool,Everton,home,9,2.28568,0.0937725,2.1919075,2,0,2,W,3,20,23,3,0.2196,False,False,Normal,True,0,0,1,-0.4724473355263159,0.1155577557742293,-1.4482472007521303,2.666858,1.4226432,2.0,0.6
2324,21991,2023-10-29 14:00:00,Liverpool,Nottingham Forest,home,10,2.70428,0.642014,2.062266,3,0,3,W,3,23,26,3,0.0836,False,False,Normal,False,0,0,1,-0.40762658552631575,0.5238772410735354,-0.7299431229390992,2.577718,1.3182971,2.0,0.6
2324,21999,2023-11-05 16:30:00,Liverpool,Luton,away,11,3.03925,1.3411,1.69815,1,1,0,D,1,24,27,3,0.1001,False,False,Normal,False,0,0,0,-0.22556858552631587,0.8506206189777608,0.1859968862393392,2.553172,1.3389333,2.0,0.6
2324,22011,2023-11-12 14:00:00,Liverpool,Brentford,home,12,1.56004,1.44954,0.1105,3,0,3,W,3,27,28,1,0.1225,False,False,Normal,False,0,0,1,0.5682564144736841,-0.592261048125887,0.3280745914076733,2.332498,1.2993973,1.6,0.4
2324,22020,2023-11-25 12:30:00,Liverpool,Manchester City,away,13,0.766278,1.79622,-1.029942,1,1,0,D,1,28,30,2,0.2938,False,False,Normal,True,1,0,0,1.1384774144736842,-1.3665288247387586,0.7822935035042979,2.4199080000000004,1.1516593,2.2,0.6
2324,22030,2023-12-03 14:00:00,Liverpool,Fulham,home,14,2.72831,1.51005,1.21826,4,3,1,W,3,31,33,2,0.1702,False,False,Normal,False,0,0,1,0.014376414473684096,0.5473170815698145,0.4073545797859088,2.0711056,1.0645293,2.2,0.6
2324,22040,2023-12-06 19:30:00,Liverpool,Sheffield United,away,15,1.80116,0.834172,0.966988,2,0,2,W,3,34,36,2,0.2002,False,False,Normal,False,0,0,1,0.14001241447368412,-0.3570627817728799,-0.4781783897250019,2.1596316,1.3477848,2.2,0.6
2324,22047,2023-12-09 12:30:00,Liverpool,Crystal Palace,away,16,1.3708,1.79152,-0.42072,2,1,1,W,3,37,37,0,0.2409,False,False,Normal,False,0,0,1,0.8338664144736841,-0.7768534499367823,0.7761355800969653,1.9790076,1.3862164,2.2,0.6
2324,22060,2023-12-17 16:30:00,Liverpool,Manchester United,home,17,1.97111,0.632715,1.3383949999999998,0,0,0,D,1,38,39,1,0.4257,False,False,Normal,True,1,0,0,-0.04569108552631579,-0.1912866314465133,-0.7421266399103306,1.6453175999999998,1.4763004,2.6,0.8
2324,22068,2023-12-23 17:30:00,Liverpool,Arsenal,home,18,0.982901,0.851681,0.13122,1,1,0,D,1,39,40,1,0.3175,False,False,Normal,False,1,0,0,0.5578964144736842,-1.155225929698167,-0.4552381597379827,1.7275316,1.3129354,2.2,0.6
2324,22079,2023-12-26 17:30:00,Liverpool,Burnley,away,19,1.68451,0.972389,0.712121,2,0,2,W,3,42,42,0,0.3688,False,False,Normal,False,0,0,1,0.26744591447368415,-0.4708479417350494,-0.2970869642800406,1.7708562,1.1240276,2.2,0.6
2324,22088,2024-01-01 19:00:00,Liverpool,Newcastle United,home,20,6.67151,0.910974,5.760536,4,2,2,W,3,45,45,0,0.4177,False,False,Normal,False,0,0,1,-2.2567615855263155,4.393674927800643,-0.3775526804633054,1.5620962,1.0164954,2.2,0.6
2324,22102,2024-01-21 16:30:00,Liverpool,Bournemouth,away,21,1.53344,0.834585,0.6988549999999999,4,0,4,W,3,48,48,0,0.4685,False,False,Normal,False,0,0,1,0.2740789144736842,-0.6182077712719969,-0.4776372785830384,2.5361662,1.0318558,2.2,0.6
2324,22113,2024-01-31 20:15:00,Liverpool,Chelsea,home,22,3.6627,0.477972,3.184728,4,1,3,W,3,51,51,0,0.5204,True,False,Normal,False,1,0,1,-0.9688575855263158,1.4587591357237055,-0.9448703722126496,2.5686942000000004,0.8404688,2.2,0.6
2324,22116,2024-02-04 16:30:00,Liverpool,Arsenal,away,23,0.542052,2.8526,-2.310548,1,3,-2,L,0,51,52,1,0.5603,True,False,Normal,False,1,0,0,1.778780414473684,-1.5852479955718266,2.166358850108176,2.9070122,0.8095202,2.6,0.8
2324,22128,2024-02-10 15:00:00,Liverpool,Burnley,home,24,3.14734,1.11123,2.03611,3,1,2,W,3,54,54,0,0.6231,True,False,Normal,False,0,0,1,-0.3945485855263158,0.9560560063786254,-0.1151779762380207,2.8188424,1.209704,2.4,0.8
2324,22135,2024-02-17 12:30:00,Liverpool,Brentford,away,25,3.08952,1.69518,1.39434,4,1,3,W,3,57,57,0,0.672,True,True,High Stakes,False,0,0,1,-0.0736635855263158,0.899656023961029,0.649911252211339,3.1114084,1.2374721999999998,2.4,0.8
2324,22151,2024-02-21 15:00:00,Liverpool,Luton,home,26,3.70302,0.956512,2.746508,4,1,3,W,3,60,60,0,0.7181,True,True,High Stakes,False,0,0,1,-0.7497475855263158,1.4980889055451774,-0.3178889536285986,2.3950104,1.3943134,2.4,0.8
2324,22162,2024-03-02 15:00:00,Liverpool,Nottingham Forest,away,27,1.32259,0.971466,0.3511239999999999,1,0,1,W,3,63,63,0,0.7609,True,True,High Stakes,False,0,0,1,0.4479444144736842,-0.8238794470373069,-0.2982962756215231,2.8289263999999994,1.4186988,2.4,0.8
2324,22171,2024-03-10 15:45:00,Liverpool,Manchester City,home,28,2.25492,1.37289,0.8820299999999999,1,1,0,D,1,64,64,0,0.9499,True,True,High Stakes,True,1,0,0,0.18249141447368422,0.0855531992338404,0.2276480320093626,2.3609044,1.5173975999999998,2.4,0.8
2324,22189,2024-03-31 14:00:00,Liverpool,Brighton,home,29,3.21149,0.43922,2.77227,2,1,1,W,3,67,67,0,0.8349,True,True,High Stakes,False,0,1,1,-0.7626285855263158,1.0186305285524204,-0.9956431058043436,2.703478,1.2214556,2.6,0.8
2324,22203,2024-04-04 18:30:00,Liverpool,Sheffield United,home,30,2.51772,0.720948,1.7967720000000005,3,1,2,W,3,70,70,0,0.8659,True,True,High Stakes,False,0,1,1,-0.2748795855263159,0.3418990203916471,-0.6265240748041188,2.716308,1.0870536000000002,2.6,0.8
2324,22211,2024-04-07 14:30:00,Liverpool,Manchester United,away,31,4.43457,0.814509,3.620061,2,2,0,D,1,71,71,0,1.0,True,True,High Stakes,True,1,1,0,-1.1865240855263157,2.211672564099185,-0.503940782907637,2.601948,0.8922072,2.6,0.8
2324,22220,2024-04-14 13:00:00,Liverpool,Crystal Palace,home,32,3.04497,2.12879,0.9161800000000002,0,1,-1,L,0,71,73,2,0.8294,True,True,High Stakes,False,0,1,0,0.16541641447368405,0.8562001398948943,1.218025543414228,2.748258,0.8638066,2.2,0.6
2324,22229,2024-04-21 15:30:00,Liverpool,Fulham,away,33,1.02445,0.83885,0.1856000000000001,3,1,2,W,3,74,76,2,0.8328,True,True,High Stakes,False,0,1,1,0.5307064144736842,-1.1146973432320877,-0.4720492906400013,3.092734,1.0952714,1.6,0.4
2324,22179,2024-04-24 19:00:00,Liverpool,Everton,away,34,1.87155,1.89111,-0.01956,0,2,-2,L,0,74,79,5,0.7861,True,True,High Stakes,True,0,1,0,0.6332864144736842,-0.2884015095076669,0.9066180465089384,2.8466400000000003,0.9884634,2.0,0.6
2324,22243,2024-04-27 11:30:00,Liverpool,West Ham,away,35,2.29298,0.794025,1.498955,2,2,0,D,1,75,82,7,0.4037,False,False,Normal,False,0,1,0,-0.12597108552631586,0.1226784730286127,-0.5307788473918509,2.5786520000000004,1.2788414,1.4,0.4
2324,22251,2024-05-05 15:30:00,Liverpool,Tottenham,home,36,3.26222,1.17205,2.09017,4,2,2,W,3,78,85,7,0.4906,False,False,Normal,False,1,1,1,-0.4215785855263159,1.068114636266787,-0.0354918269541948,2.533704,1.2934568,1.0,0.2
2324,22256,2024-05-13 19:00:00,Liverpool,Aston Villa,away,37,1.89968,2.71655,-0.8168699999999998,3,3,0,D,1,79,88,9,0.2479,False,False,Normal,False,0,1,0,1.031941414473684,-0.260962362060296,1.988106620412936,2.299234,1.3649650000000002,1.4,0.4
2324,22271,2024-05-19 15:00:00,Liverpool,Wolverhampton Wanderers,home,38,5.65937,0.731254,4.928116,2,0,2,W,3,82,91,9,0.25,False,False,Normal,False,0,1,1,-1.840551585526316,3.406392357683969,-0.6130211899879546,2.070176,1.482517,1.6,0.4
2425,26603,2024-08-17 11:30:00,Liverpool,Ipswich,away,1,3.92906,0.342601,3.586459,2,0,2,W,3,3,3,0,0.0154,False,False,Normal,False,0,0,1,-1.1232450263157898,1.718577525843924,-1.1222329785050007,,,,
2425,26621,2024-08-25 15:30:00,Liverpool,Brentford,home,2,2.71877,0.457239,2.261531,2,0,2,W,3,6,6,0,0.0187,False,False,Normal,False,0,0,1,-0.46078102631578965,0.5380113771031271,-0.9720346756178054,,,,
2425,26631,2024-09-01 15:00:00,Liverpool,Manchester United,away,3,2.10397,1.50087,0.6031,3,0,3,W,3,9,9,0,0.1728,False,False,Normal,True,1,0,1,0.36843447368421045,-0.0616895774167335,0.3953269761945652,,,,
2425,26635,2024-09-14 14:00:00,Liverpool,Nottingham Forest,home,4,1.17044,0.589532,0.580908,0,1,-1,L,0,9,12,3,0.0269,False,False,Normal,False,0,0,0,0.37953047368421045,-0.9722927525516152,-0.7987048540590227,2.9172666666666665,0.7669033333333334,3.0,1.0
2425,26645,2024-09-21 14:00:00,Liverpool,Bournemouth,home,5,2.43731,1.46979,0.9675200000000002,3,0,3,W,3,12,13,1,0.0333,False,False,Normal,False,0,0,1,0.18622447368421036,0.2634638321142528,0.35460606991799,2.48056,0.7225604999999999,2.25,0.75
2425,26658,2024-09-28 16:30:00,Liverpool,Wolverhampton Wanderers,away,6,2.11724,0.748925,1.368315,2,1,1,W,3,15,15,0,0.0408,False,False,Normal,False,0,0,1,-0.014173026315789483,-0.048745479065272,-0.589868708172853,2.4719100000000003,0.8720064000000001,2.4,0.8
2425,26662,2024-10-05 11:30:00,Liverpool,Crystal Palace,away,7,2.07332,0.609481,1.4638389999999997,1,0,1,W,3,18,18,0,0.0494,False,False,Normal,False,0,0,1,-0.061935026315789454,-0.0915868354779465,-0.7725677446860689,2.1095460000000004,0.9532712,2.4,0.8
2425,26679,2024-10-20 15:30:00,Liverpool,Chelsea,home,8,2.22517,1.33904,0.8861299999999999,2,1,1,W,3,21,21,0,0.0597,False,False,Normal,False,1,0,1,0.2269194736842105,0.0565338378204282,0.18329788151187,1.980456,0.9837196,2.4,0.8
2425,26691,2024-10-27 16:30:00,Liverpool,Arsenal,away,9,1.35346,1.0883,0.26516,2,2,0,D,1,22,23,1,0.0712,False,False,Normal,False,1,0,0,0.5374044736842104,-0.7937675920177425,-0.1452207812869868,2.004696,0.9513536,2.4,0.8
2425,26696,2024-11-02 15:00:00,Liverpool,Brighton,home,10,1.81037,1.01568,0.7946900000000001,2,1,1,W,3,25,25,0,0.0866,False,False,Normal,False,0,0,1,0.2726394736842104,-0.3480789727437194,-0.240367248912627,2.0413,1.0511072,2.6,0.8
2425,26707,2024-11-09 20:00:00,Liverpool,Aston Villa,home,11,2.68196,1.66337,1.01859,2,0,2,W,3,28,28,0,0.1038,False,False,Normal,False,0,0,1,0.16068947368421038,0.5021054042080783,0.608233902511923,1.915912,0.9602852,2.6,0.8
2425,26721,2024-11-24 14:00:00,Liverpool,Southampton,away,12,3.18835,1.53985,1.6485,3,2,1,W,3,31,31,0,0.1241,False,False,Normal,False,0,0,1,-0.1542655263157895,0.9960588302967444,0.4463984345813381,2.028856,1.1431742,2.6,0.8
2425,26726,2024-12-01 16:00:00,Liverpool,Manchester City,home,13,3.70054,0.745015,2.955525,2,0,2,W,3,34,34,0,0.2976,False,False,Normal,True,1,0,1,-0.8077780263157897,1.4956698125601269,-0.594991576369166,2.251862,1.329248,2.6,0.8
2425,26740,2024-12-04 19:30:00,Liverpool,Newcastle United,away,14,2.22766,1.52057,0.7070900000000002,3,3,0,D,1,35,35,0,0.1748,False,False,Normal,False,0,0,0,0.3164394736842103,0.0589626852126772,0.4211378466465773,2.546936,1.210443,2.6,0.8
2425,26752,2024-12-14 15:00:00,Liverpool,Fulham,home,15,2.09698,1.2862,0.8107799999999998,2,2,0,D,1,36,36,0,0.2059,False,False,Normal,False,0,0,0,0.2645944736842105,-0.0685079080479857,0.1140671000558136,2.721776,1.296897,2.6,0.8
2425,26768,2024-12-22 16:30:00,Liverpool,Tottenham,away,16,5.20214,1.20245,3.99969,6,3,3,W,3,39,39,0,0.2409,False,False,Normal,False,1,0,1,-1.3298605263157897,2.9603915973796164,0.0043381457230216,2.7790980000000003,1.351001,2.2,0.6
2425,26776,2024-12-26 20:00:00,Liverpool,Leicester,home,17,1.89935,0.22097,1.6783800000000002,3,1,2,W,3,42,42,0,0.2799,False,False,Normal,False,0,0,1,-0.1692055263157896,-0.2612842574978228,-1.2815934853044255,3.283134,1.258817,2.2,0.6
2425,26791,2024-12-29 17:15:00,Liverpool,West Ham,away,18,3.29868,0.518279,2.780401,5,0,5,W,3,45,45,0,0.3227,False,False,Normal,False,0,0,1,-0.7202160263157895,1.1036792049099131,-0.8920602831106575,3.025334,0.995041,2.2,0.6
2425,26797,2025-01-05 16:30:00,Liverpool,Manchester United,home,19,2.862,1.67469,1.18731,2,2,0,D,1,46,46,0,0.5188,True,False,Normal,True,1,0,0,0.07632947368421039,0.6777237513970107,0.6230653265483075,2.9449620000000003,0.9496938,2.2,0.6
2425,26807,2025-01-14 20:00:00,Liverpool,Nottingham Forest,away,20,2.72291,0.5292,2.1937100000000003,1,1,0,D,1,47,47,0,0.4177,False,False,Normal,False,0,0,0,-0.42687052631578964,0.5420497016830104,-0.8777516274656615,3.07183,0.9805178,2.2,0.6
2425,26813,2025-01-18 15:00:00,Liverpool,Brentford,away,21,4.16249,1.20021,2.96228,2,0,2,W,3,50,50,0,0.4685,False,False,Normal,False,0,0,1,-0.8111555263157896,1.9462746530618336,0.0014033056310161,3.197016,0.8291178,2.2,0.6
2425,26827,2025-01-25 15:00:00,Liverpool,Ipswich,home,22,2.16809,0.804707,1.3633829999999998,4,1,3,W,3,53,53,0,0.5204,True,False,Normal,False,0,0,1,-0.011707026315789515,0.0008556815354678,-0.5167833287031001,2.989086,0.8286698000000001,2.2,0.6
2425,26832,2025-02-01 15:00:00,Liverpool,Bournemouth,away,23,2.7219,1.65273,1.0691700000000002,2,0,2,W,3,56,56,0,0.5722,True,False,Normal,False,0,0,1,0.13539947368421035,0.5410645065560341,0.5942934120748973,3.042834,0.9454172,2.2,0.6
2425,26748,2025-02-12 19:30:00,Liverpool,Everton,away,24,0.929103,0.910523,0.01858,2,2,0,D,1,57,57,0,0.7731,True,False,Normal,True,0,0,0,0.6606944736842104,-1.207702689540814,-0.3781435790711154,2.927478,1.1723074,2.2,0.6
2425,26847,2025-02-16 14:00:00,Liverpool,Wolverhampton Wanderers,home,25,1.86758,1.05329,0.81429,2,1,1,W,3,60,60,0,0.672,True,False,Normal,False,0,0,1,0.26283947368421046,-0.2922740091651878,-0.1910907596892679,2.5408986,1.019474,2.2,0.6
2425,26884,2025-02-19 15:00:00,Liverpool,Aston Villa,away,26,2.04279,1.02269,1.0201,2,2,0,D,1,61,61,0,0.7181,True,False,Normal,False,0,0,0,0.15993447368421043,-0.1213670406527857,-0.2311827716604133,2.3698326,1.124292,2.6,0.8
2425,26859,2025-02-23 16:30:00,Liverpool,Manchester City,away,27,0.807058,0.58248,0.224578,2,0,2,W,3,64,64,0,0.9109,True,True,High Stakes,True,1,0,1,0.5576954736842104,-1.3267503521861888,-0.8079443595629612,1.9458926,1.088788,2.2,0.6
2425,26870,2025-02-26 20:15:00,Liverpool,Newcastle United,home,28,1.40027,0.45882,0.94145,2,0,2,W,3,67,67,0,0.7999,True,False,Normal,False,0,0,1,0.1992594736842105,-0.7481072119249081,-0.969963254999296,1.6736862,1.0443426,2.2,0.6
2425,26876,2025-03-08 15:00:00,Liverpool,Southampton,home,29,4.98996,0.511566,4.478394,3,1,2,W,3,70,70,0,0.8349,True,False,Normal,False,0,1,1,-1.5692125263157894,2.753422585457001,-0.9008556320113864,1.4093602,0.8055606000000001,2.2,0.6
2425,26901,2025-04-02 20:00:00,Liverpool,Everton,home,30,1.29718,0.823136,0.474044,1,0,1,W,3,73,73,0,1.0,True,True,High Stakes,True,0,1,1,0.4329624736842104,-0.84866539572688,-0.4926377179640072,2.2215316,0.7257692,2.6,0.8
2425,26906,2025-04-06 13:00:00,Liverpool,Fulham,away,31,1.40638,1.72764,-0.3212600000000001,2,3,-1,L,0,73,73,0,0.8931,True,True,High Stakes,False,0,1,0,0.8306144736842105,-0.7421472691270611,0.692440229616025,2.1074516,0.6797384,2.6,0.8
2425,26916,2025-04-13 13:00:00,Liverpool,West Ham,home,32,1.42902,1.46598,-0.0369600000000001,2,1,1,W,3,76,76,0,0.9167,True,True,High Stakes,False,0,1,1,0.6884644736842105,-0.7200632912312744,0.3496142213686417,1.9801696,0.8207283999999999,2.4,0.8
2425,26928,2025-04-20 15:30:00,Liverpool,Leicester,away,33,4.52706,0.232205,4.294855,1,0,1,W,3,79,79,0,0.9369,True,True,High Stakes,False,0,1,1,-1.4774430263157894,2.301891076271504,-1.2668734279679608,2.104562,0.9974284,2.4,0.8
2425,26936,2025-04-27 15:30:00,Liverpool,Tottenham,home,34,2.51104,0.512812,1.998228,5,1,4,W,3,82,82,0,0.9542,True,True,High Stakes,False,1,1,1,-0.3291295263157895,0.3353830763835261,-0.8992231272102083,2.72992,0.9521054,2.4,0.8
2425,26948,2025-05-04 15:30:00,Liverpool,Chelsea,away,35,1.4267,3.51944,-2.09274,1,3,-2,L,0,82,82,0,0.9688,True,True,High Stakes,False,1,1,0,1.7163544736842105,-0.7223263137011605,3.040050263926433,2.234136,0.9523546000000002,2.4,0.8
2425,26952,2025-05-11 15:30:00,Liverpool,Arsenal,home,36,2.74682,2.18795,0.5588700000000002,2,2,0,D,1,83,83,0,0.9811,True,True,High Stakes,False,1,1,0,0.39054947368421034,0.5653724892929157,1.2955367665584423,2.26004,1.4916154,1.8,0.6
2425,26965,2025-05-19 19:00:00,Liverpool,Brighton,away,37,3.065,2.17789,0.8871099999999998,2,3,-1,L,0,83,83,0,0.9914,True,True,High Stakes,False,0,1,0,0.2264294736842105,0.8757382175120587,1.2823561900738114,2.528128,1.5836773999999998,2.0,0.6
2425,26975,2025-05-25 15:00:00,Liverpool,Crystal Palace,home,38,1.92122,1.4144,0.5068199999999998,1,1,0,D,1,84,84,0,1.0,True,True,High Stakes,False,0,1,0,0.4165744736842105,-0.2399513689562658,0.2820342874643383,2.855324,1.7260593999999998,1.4,0.4
2526,28778,2025-08-15 19:00:00,Liverpool,Bournemouth,home,1,2.33007,1.57303,0.7570400000000002,4,2,2,W,3,3,3,0,0.0154,False,False,Normal,False,0,0,1,-0.20234986842105274,0.1588575693251997,0.4898707534441684,,,,
2526,28797,2025-08-25 19:00:00,Liverpool,Newcastle United,away,2,0.646559,1.96342,-1.3168609999999998,3,2,1,W,3,6,6,0,0.0187,False,False,Normal,False,0,0,1,0.8346006315789473,-1.4833076122699285,1.0013583532289885,,,,
2526,28806,2025-08-31 15:30:00,Liverpool,Arsenal,home,3,0.481404,0.485679,-0.004275,1,0,1,W,3,9,9,0,0.0228,False,False,Normal,False,1,0,1,0.17830763157894736,-1.644406524344957,-0.9347726880210936,,,,
2526,28816,2025-09-14 13:00:00,Liverpool,Burnley,away,4,2.79492,0.168041,2.626879,1,0,1,W,3,12,12,0,0.0277,False,False,Normal,False,0,0,1,-1.1372693684210526,0.6122911879142644,-1.3509408742462805,1.1526776666666667,1.3407096666666665,3.0,1.0
2526,28818,2025-09-20 11:30:00,Liverpool,Everton,home,5,1.06166,0.721371,0.340289,2,1,1,W,3,15,15,0,0.1836,False,False,Normal,True,0,0,1,0.00602563157894731,-1.0784011940491272,-0.6259698616974589,1.56323825,1.0475425,3.0,1.0
2526,28830,2025-09-27 14:00:00,Liverpool,Crystal Palace,away,6,3.10176,3.53323,-0.43147,1,2,-1,L,0,15,15,0,0.0408,False,False,Normal,False,0,0,0,0.39190513157894735,0.9115954183711188,3.0581178732428413,1.4629226,0.9823082,3.0,1.0
2526,28842,2025-10-04 16:30:00,Liverpool,Chelsea,away,7,2.05981,1.23721,0.8226000000000002,1,2,-1,L,0,15,16,1,0.0488,False,False,Normal,False,1,0,0,-0.23512986842105277,-0.1047650396021546,0.0498805750078913,1.6172606000000005,1.3743482,2.4,0.8
2526,28852,2025-10-19 15:30:00,Liverpool,Manchester United,home,8,2.60972,2.53117,0.0785499999999999,1,2,-1,L,0,15,19,4,0.2071,False,False,Normal,True,1,0,0,0.1368951315789474,0.4316395666112745,1.7452223988700948,1.8999108,1.2291062,1.8,0.6
2526,28861,2025-10-25 19:00:00,Liverpool,Brentford,away,9,2.11838,3.27126,-1.1528799999999997,2,3,-1,L,0,15,22,7,0.0763,False,False,Normal,False,0,0,0,0.7526101315789472,-0.0476334766447241,2.7148857040898684,2.3255740000000005,1.6382044,1.2,0.4
2526,28872,2025-11-01 20:00:00,Liverpool,Aston Villa,home,10,1.47021,0.43502,1.03519,2,0,2,W,3,18,25,7,0.0915,False,False,Normal,False,0,0,1,-0.3414248684210527,-0.6798848879835954,-1.0011459309768538,2.190266,2.2588482,0.6,0.2
2526,28883,2025-11-09 16:30:00,Liverpool,Manchester City,away,11,1.0281,1.59542,-0.56732,0,3,-3,L,0,18,26,8,0.2439,False,False,Normal,True,1,0,0,0.45983013157894737,-1.1111369846048955,0.5192060523995264,2.271976,2.201578,0.6,0.2
2526,28894,2025-11-22 15:00:00,Liverpool,Nottingham Forest,home,12,1.79273,1.19459,0.5981399999999999,0,3,-3,L,0,18,29,11,0.1072,False,False,Normal,False,0,0,0,-0.1228998684210526,-0.3652857470406133,-0.0059599985283902,1.857244,1.814016,0.6,0.2
2526,28907,2025-11-30 14:05:00,Liverpool,West Ham,away,13,1.56793,0.364152,1.203778,2,0,2,W,3,21,30,9,0.1306,False,False,Normal,False,0,0,1,-0.42571886842105267,-0.5845648208468341,-1.0939969343876752,1.803828,1.805492,0.6,0.2
2526,28914,2025-12-03 20:15:00,Liverpool,Sunderland,home,14,1.37633,0.712662,0.663668,1,1,0,D,1,22,33,11,0.1492,False,False,Normal,False,0,0,0,-0.15566386842105268,-0.7714592627564067,-0.6373803627515996,1.5954700000000002,1.3720884,1.2,0.4
2526,28923,2025-12-06 17:30:00,Liverpool,Leeds,away,15,2.04805,1.79333,0.2547199999999998,3,3,0,D,1,23,33,10,0.1773,False,False,Normal,False,0,0,0,0.048810131578947424,-0.1162362224667507,0.7785070357070233,1.44706,0.8603688,1.4,0.4
2526,28933,2025-12-13 15:00:00,Liverpool,Brighton,home,16,2.4127,1.69004,0.7226600000000001,2,0,2,W,3,26,36,10,0.206,False,False,Normal,False,0,0,1,-0.1851598684210527,0.2394582360005023,0.6431768423573625,1.562628,1.1320308,1.0,0.2
2526,28946,2025-12-20 17:30:00,Liverpool,Tottenham,away,17,1.23164,1.34905,-0.11741,2,1,1,W,3,29,39,10,0.2375,False,False,Normal,False,1,0,1,0.23487513157894735,-0.9125957805011672,0.1964129481730194,1.839548,1.1509548,1.6,0.4
2526,28953,2025-12-27 15:00:00,Liverpool,Wolverhampton Wanderers,home,18,1.56502,0.780664,0.784356,2,1,1,W,3,32,42,10,0.2714,False,False,Normal,False,0,0,1,-0.21600786842105268,-0.5874033533413897,-0.5482843824227814,1.7273299999999998,1.1818468000000002,2.2,0.6
2526,28963,2026-01-01 17:30:00,Liverpool,Leeds,home,19,1.67833,0.15936,1.5189700000000002,0,0,0,D,1,33,45,12,0.295,False,False,Normal,False,0,0,0,-0.5833148684210527,-0.4768761653832807,-1.362314689799271,1.726748,1.2651492000000002,2.2,0.6
2526,28975,2026-01-04 15:00:00,Liverpool,Fulham,away,20,1.7188,0.609182,1.1096180000000002,2,2,0,D,1,34,48,14,0.3151,False,False,Normal,False,0,0,0,-0.3786388684210527,-0.4374000794538423,-0.772959493430493,1.7871480000000002,1.1544888000000002,2.2,0.6
2526,28980,2026-01-08 20:00:00,Liverpool,Arsenal,away,21,0.318642,0.701832,-0.38319,0,0,0,D,1,35,49,14,0.347,False,False,Normal,False,1,0,0,0.3677651315789474,-1.8031712067775556,-0.651569790517858,1.7212980000000002,0.9176592,2.2,0.6
2526,28992,2026-01-17 15:00:00,Liverpool,Burnley,home,22,3.49045,0.546971,2.943479,1,1,0,D,1,36,50,14,0.3826,False,False,Normal,False,0,0,0,-1.2955693684210527,1.2907394717418483,-0.8544681260035953,1.3024863999999998,0.7200176,1.8,0.4
2526,28998,2026-01-24 17:30:00,Liverpool,Bournemouth,away,23,0.937335,3.31474,-2.377405,2,3,-1,L,0,36,50,14,0.4113,False,False,Normal,False,0,0,0,1.3648726315789474,-1.199672861535597,2.771853046590045,1.7542484000000005,0.5596018,1.4,0.2
2526,29014,2026-01-31 20:00:00,Liverpool,Newcastle United,home,24,3.09973,0.284319,2.815411,4,1,3,W,3,39,53,14,0.5135,True,False,Normal,False,0,0,1,-1.2315353684210528,0.9096152737099684,-1.1985938491488668,1.6287113999999998,1.066417,0.8,0.0
2526,29024,2026-02-08 16:30:00,Liverpool,Manchester City,home,25,1.26652,2.41476,-1.1482399999999997,1,2,-1,L,0,39,56,17,0.594,True,True,High Stakes,True,1,0,0,0.7502901315789472,-0.8785724081952907,1.592702427838688,1.9129914,1.0914088,1.2,0.2
2526,29035,2026-02-11 20:15:00,Liverpool,Sunderland,away,26,3.08172,0.693794,2.387926,1,0,1,W,3,42,57,15,0.4971,False,False,Normal,False,0,0,1,-1.0177928684210524,0.8920475863467562,-0.6621011497408666,1.8225354,1.4525244000000002,1.0,0.2
2526,29044,2026-02-22 14:00:00,Liverpool,Nottingham Forest,away,27,2.39634,0.934768,1.461572,1,0,1,W,3,45,58,13,0.5231,True,False,Normal,False,0,0,1,-0.5546158684210526,0.2235000258249249,-0.3463778656645655,2.375151,1.4509168,1.4,0.4
2526,29054,2026-02-28 15:00:00,Liverpool,West Ham,home,28,2.09939,1.3517,0.7476900000000002,5,2,3,W,3,48,61,13,0.5454,True,True,High Stakes,False,0,0,1,-0.19767486842105275,-0.0661570959133191,0.1998849688175791,2.1563290000000004,1.5284762,1.8,0.6
2526,29067,2026-03-03 20:15:00,Liverpool,Wolverhampton Wanderers,away,29,2.17217,0.636033,1.536137,1,2,-1,L,0,48,64,16,0.5635,True,True,High Stakes,False,0,1,0,-0.5918983684210526,0.0048354796721645,-0.7377794080240476,2.38874,1.1358682,2.4,0.8
2526,29073,2026-03-15 16:30:00,Liverpool,Tottenham,home,30,1.30076,1.15636,0.1443999999999998,1,1,0,D,1,49,67,18,0.6013,True,True,High Stakes,False,1,1,0,0.10397013157894741,-0.8451733179500729,-0.0560488095629291,2.203228,1.206211,1.8,0.6
2526,29080,2026-03-21 12:30:00,Liverpool,Brighton,away,31,0.956801,3.42956,-2.472759,1,2,-1,L,0,49,70,21,0.5303,True,True,High Stakes,False,0,1,0,1.4125496315789472,-1.1806849324843876,2.9222898052347155,2.210076,0.954531,2.0,0.6
2526,29097,2026-04-11 16:30:00,Liverpool,Fulham,home,32,2.01499,1.42024,0.5947500000000001,2,0,2,W,3,52,70,18,0.6777,True,True,High Stakes,False,0,1,1,-0.12120486842105271,-0.1484842926626298,0.2896858348470665,1.7850922,1.5016842,1.4,0.4
2526,29102,2026-04-19 13:00:00,Liverpool,Everton,away,33,1.38333,1.4784,-0.0950699999999999,2,1,1,W,3,55,70,15,0.7356,True,True,High Stakes,True,0,1,1,0.22370513157894734,-0.764631177717957,0.3658868615216358,1.7088221999999995,1.5987786,1.4,0.4
2526,29113,2026-04-25 14:00:00,Liverpool,Crystal Palace,home,34,1.45071,2.19912,-0.7484100000000002,3,1,2,W,3,58,73,15,0.7156,True,True,High Stakes,False,0,1,1,0.5503751315789475,-0.6989059820192774,1.3101716611243803,1.5656102,1.6241186,1.4,0.4
2526,29125,2026-05-03 15:30:00,Liverpool,Manchester United,away,35,1.02814,2.55612,-1.52798,2,3,-1,L,0,58,76,18,0.8766,True,True,High Stakes,True,1,1,0,0.9401601315789473,-1.1110979669761043,1.7779118007877444,1.4213182,1.936736,2.0,0.6
2526,29132,2026-05-09 12:30:00,Liverpool,Chelsea,home,36,0.623191,0.597184,0.026007,1,1,0,D,1,59,79,20,0.7358,True,True,High Stakes,False,1,1,0,0.16316663157894734,-1.506101711009714,-0.7886792306732969,1.3667942,2.216688,1.8,0.6
2526,29140,2026-05-15 20:00:00,Liverpool,Aston Villa,away,37,1.55027,2.5252,-0.97493,2,4,-2,L,0,59,82,23,0.3718,False,False,Normal,False,0,1,0,0.6636351315789473,-0.6017911039581236,1.7374005259463123,1.3000722,1.6502127999999998,2.0,0.6
2526,29152,2026-05-24 15:00:00,Liverpool,Brentford,home,38,2.99412,1.46082,1.5333,1,1,0,D,1,60,85,25,0.0,False,False,Normal,False,0,1,0,-0.5904798684210527,0.8065989792941544,0.342853607585272,1.2071282,1.8712048,1.4,0.4
1920,11644,2019-08-10 12:30:00,Manchester City,West Ham,away,1,3.18377,1.2003,1.98347,5,0,5,W,3,3,3,0,0.0154,False,False,Normal,False,0,0,1,-0.1337402105263159,0.931105653348168,0.2743953531427277,,,,
1920,11659,2019-08-17 17:30:00,Manchester City,Tottenham,home,2,3.20076,0.074542,3.126218,2,2,0,D,1,4,6,2,0.0184,False,False,Normal,False,1,0,0,-0.7051142105263157,0.9481293270967956,-1.2039536642348312,,,,
1920,11671,2019-08-25 14:00:00,Manchester City,Bournemouth,away,3,3.12856,1.89345,1.2351099999999997,3,1,2,W,3,7,9,2,0.0224,False,False,Normal,False,0,0,1,0.24043978947368427,0.8757862285299367,1.1846421569809018,,,,
1920,11678,2019-08-31 15:00:00,Manchester City,Brighton,home,4,2.30818,0.861035,1.447145,4,0,4,W,3,10,12,2,0.0272,False,False,Normal,False,0,0,1,0.13442228947368406,0.0537802561991949,-0.1711285333236331,3.17103,1.0560973333333334,2.333333333333333,0.6666666666666666
1920,11689,2019-09-14 16:30:00,Manchester City,Norwich,away,5,2.34436,1.7413,0.6030599999999999,2,3,-1,L,0,10,15,5,0.032,False,False,Normal,False,0,0,0,0.5564647894736842,0.090031964040593,0.984838288836953,2.9553175,1.00733175,2.5,0.75
1920,11695,2019-09-21 14:00:00,Manchester City,Watford,home,6,6.63049,0.344718,6.285772,8,0,8,W,3,13,18,5,0.0387,False,False,Normal,False,0,0,1,-2.284891210526316,4.384656964876747,-0.8491576742272101,2.833126,1.1541254,2.0,0.6
1920,11711,2019-09-28 16:30:00,Manchester City,Everton,away,7,3.1082,2.35854,0.74966,3,1,2,W,3,16,21,5,0.0468,False,False,Normal,False,0,0,1,0.48316478947368413,0.8553858755268727,1.7953998371325233,3.52247,0.9830090000000002,2.0,0.6
1920,11716,2019-10-06 14:00:00,Manchester City,Wolverhampton Wanderers,home,8,1.61884,1.18825,0.43059,0,2,-2,L,0,16,24,8,0.0545,False,False,Normal,False,0,0,0,0.6426997894736841,-0.6369259981786225,0.2585712544826254,3.503958,1.4398086,2.4,0.8
1920,11726,2019-10-19 17:30:00,Manchester City,Crystal Palace,away,9,4.02104,0.616864,3.404176,2,0,2,W,3,19,25,6,0.0672,False,False,Normal,False,0,0,1,-0.8440932105263159,1.770035101230077,-0.4917746738992239,3.202014,1.2987686,1.8,0.6
1920,11737,2019-10-26 12:30:00,Manchester City,Aston Villa,home,10,3.19004,0.980145,2.2098950000000004,3,0,3,W,3,22,28,6,0.0806,False,False,Normal,False,0,0,1,-0.24695271052631595,0.9373880803289742,-0.0147128991821558,3.544586,1.2499344,1.8,0.6
1920,11749,2019-11-02 15:00:00,Manchester City,Southampton,home,11,3.36132,0.893889,2.467431,2,1,1,W,3,25,31,6,0.0964,False,False,Normal,False,0,0,1,-0.3757207105263159,1.1090075529402146,-0.1279845551179065,3.713722,1.0977034,2.4,0.8
1920,11755,2019-11-10 16:30:00,Manchester City,Liverpool,away,12,1.48104,1.3319,0.1491399999999998,1,3,-2,L,0,25,34,9,0.2603,False,False,Normal,True,1,0,0,0.7834247894736842,-0.7749991142799126,0.4472128953559627,3.059888,1.2075375999999998,2.4,0.8
1920,11769,2019-11-23 17:30:00,Manchester City,Chelsea,home,13,1.23596,0.820474,0.4154859999999999,2,1,1,W,3,28,37,9,0.1306,False,False,Normal,False,1,0,1,0.6502517894736841,-1.0205648566173882,-0.2243933686557836,2.734456,1.0022096,1.8,0.6
1920,11777,2019-11-30 12:30:00,Manchester City,Newcastle United,away,14,2.44389,0.208252,2.235638,2,2,0,D,1,29,40,11,0.1492,False,False,Normal,False,0,0,0,-0.25982421052631594,0.1897592299735495,-1.028365263252068,2.65788,0.9286544,2.4,0.8
1920,11784,2019-12-03 20:15:00,Manchester City,Burnley,away,15,2.56057,0.486548,2.074022,4,1,3,W,3,32,43,11,0.1744,False,False,Normal,False,0,0,1,-0.17901621052631578,0.306670486771071,-0.6629060631929923,2.3424500000000004,0.8469320000000001,2.0,0.6
1920,11797,2019-12-07 17:30:00,Manchester City,Manchester United,home,16,2.07108,1.63385,0.4372299999999998,1,2,-1,L,0,32,46,14,0.342,False,False,Normal,True,1,0,0,0.6393797894736842,-0.1837896699808913,0.8437346041043384,2.216556,0.7482126000000001,2.0,0.6
1920,11803,2019-12-15 16:30:00,Manchester City,Arsenal,away,17,1.69553,0.28161,1.41392,3,0,3,W,3,35,49,14,0.3705,False,False,Normal,True,1,0,1,0.15103478947368415,-0.5600840005457639,-0.9320313022970644,1.958508,0.8962047999999999,1.4,0.4
1920,11817,2019-12-21 17:30:00,Manchester City,Leicester,home,18,3.59139,1.01388,2.57751,3,1,2,W,3,38,52,14,0.251,False,False,Normal,False,0,0,1,-0.43076021052631597,1.3395335458387907,0.0295880110500891,2.001406,0.6861468000000001,2.0,0.6
1920,11832,2019-12-27 19:45:00,Manchester City,Wolverhampton Wanderers,away,19,1.52044,2.39405,-0.87361,2,3,-1,L,0,38,55,17,0.2674,False,False,Normal,False,0,0,0,1.294799789473684,-0.7355210244802693,1.8420316830595136,2.472492,0.724828,2.0,0.6
1920,11837,2019-12-29 18:00:00,Manchester City,Sheffield United,home,20,1.08628,1.23346,-0.1471800000000001,2,0,2,W,3,41,58,17,0.2931,False,False,Normal,False,0,0,1,0.9315847894736842,-1.1705415185770478,0.3179411715301964,2.287802,1.1619876,1.8,0.6
1920,11848,2020-01-01 17:30:00,Manchester City,Everton,home,21,1.79757,0.848942,0.948628,2,1,1,W,3,44,61,17,0.321,False,False,Normal,False,0,0,1,0.38368078947368417,-0.4578417598565358,-0.1870090997216927,1.992944,1.31137,1.8,0.6
1920,11856,2020-01-12 16:30:00,Manchester City,Aston Villa,away,22,3.75131,1.12565,2.62566,6,1,5,W,3,47,64,17,0.352,False,False,Normal,False,0,0,1,-0.4548352105263159,1.4997705032184592,0.1763647336425912,1.938242,1.1543884,2.4,0.8
1920,11864,2020-01-18 15:00:00,Manchester City,Crystal Palace,home,23,2.47314,0.586716,1.886424,2,2,0,D,1,48,67,19,0.3845,False,False,Normal,False,0,0,0,-0.08521721052631581,0.2190672027308985,-0.5313651242232711,2.349398,1.3231964,2.4,0.8
1920,11875,2020-01-21 19:30:00,Manchester City,Sheffield United,away,24,2.873,0.774943,2.0980570000000003,1,0,1,W,3,51,70,19,0.405,False,False,Normal,False,0,0,1,-0.19103371052631596,0.6197197150985463,-0.2841848239332212,2.125748,1.2377636,2.0,0.6
1920,11890,2020-02-02 16:30:00,Manchester City,Tottenham,away,25,3.25139,0.420293,2.831097,0,2,-2,L,0,51,73,22,0.456,False,False,Normal,False,1,0,0,-0.5575537105263157,0.9988596744713116,-0.7499123417593894,2.39626,0.9139422,2.6,0.8
1920,11898,2020-02-19 19:30:00,Manchester City,West Ham,home,26,2.13777,0.0895892,2.0481808000000004,2,0,2,W,3,54,76,22,0.5248,True,False,Normal,False,0,0,1,-0.16609561052631594,-0.1169674920941346,-1.1841936329187903,2.829282,0.7513088,2.0,0.6
1920,11904,2020-02-22 17:30:00,Manchester City,Leicester,away,27,2.42749,0.723269,1.704221,1,0,1,W,3,57,79,22,0.5231,True,False,Normal,False,0,0,1,0.005884289473684079,0.1733267255899417,-0.3520432865192903,2.897322,0.59943824,2.0,0.6
1920,11932,2020-03-08 16:30:00,Manchester City,Manchester United,away,28,0.585469,1.7389,-1.153431,0,2,-2,L,0,57,79,22,0.7135,True,True,High Stakes,True,1,0,0,1.434710289473684,-1.6723451132635725,0.9816866011370152,2.6325580000000004,0.5189620400000001,2.0,0.6
1920,11917,2020-06-17 19:15:00,Manchester City,Arsenal,home,29,2.73725,0.496759,2.240491,3,0,3,W,3,60,82,22,0.7135,True,True,High Stakes,True,1,1,1,-0.2622507105263159,0.483700662045207,-0.6494969452329669,2.2550238,0.74939884,1.8,0.6
1920,11939,2020-06-22 19:00:00,Manchester City,Burnley,home,30,2.71096,0.0303408,2.6806192,5,0,5,W,3,63,83,20,0.5292,True,True,High Stakes,False,0,1,1,-0.48231481052631586,0.4573585559327041,-1.2619988218858618,2.2278738,0.69376204,1.8,0.6
1920,11946,2020-06-25 19:15:00,Manchester City,Chelsea,away,31,0.690594,4.206,-3.5154060000000005,1,2,-1,L,0,63,86,23,0.5303,True,True,High Stakes,False,1,1,0,2.6156977894736846,-1.567011758182672,4.221490236351846,2.1197878,0.6157716000000001,2.4,0.8
1920,11959,2020-07-02 19:15:00,Manchester City,Liverpool,home,32,2.65433,0.819606,1.834724,4,0,4,W,3,66,86,20,0.772,True,True,High Stakes,True,1,1,1,-0.05936721052631583,0.4006163167105264,-0.2255332290405944,1.8303526,1.4390537600000002,1.8,0.6
1920,11970,2020-07-05 18:00:00,Manchester City,Southampton,away,33,3.39575,0.628765,2.766985,0,1,-1,L,0,66,89,23,0.6246,True,True,High Stakes,False,0,1,0,-0.5254977105263159,1.1435057923260448,-0.4761462425171592,1.8757206,1.45832116,1.8,0.6
1920,11979,2020-07-08 17:00:00,Manchester City,Newcastle United,home,34,3.28662,0.21643,3.07019,5,0,5,W,3,69,92,23,0.6679,True,True,High Stakes,False,0,1,1,-0.677100210526316,1.0341594994368304,-1.0176258874145314,2.4377768,1.23629416,1.8,0.6
1920,11985,2020-07-11 19:00:00,Manchester City,Brighton,away,35,5.51767,0.149588,5.368082,5,0,5,W,3,72,93,21,0.7266,True,True,High Stakes,False,0,1,1,-1.8260462105263158,3.2696313838909883,-1.1054030162642048,2.5476508,1.18022836,1.8,0.6
1920,11999,2020-07-15 17:00:00,Manchester City,Bournemouth,home,36,0.82755,1.66635,-0.8388,2,1,1,W,3,75,93,18,0.7358,True,True,High Stakes,False,0,1,1,1.2773947894736841,-1.429784314867953,0.8864137083743241,3.1089928,1.2040778,1.8,0.6
1920,12011,2020-07-21 17:00:00,Manchester City,Watford,away,37,3.73814,0.131868,3.606272,4,0,4,W,3,78,96,18,0.6196,True,True,High Stakes,False,0,1,1,-0.945141210526316,1.486574400612842,-1.1286729771154096,3.136384,0.6961478,2.4,0.8
1920,12017,2020-07-26 15:00:00,Manchester City,Norwich,home,38,3.56749,0.786563,2.780927,5,0,5,W,3,81,99,18,0.5,True,False,Normal,False,0,1,1,-0.5324687105263157,1.3155861766456058,-0.268925402652691,3.353146,0.5586002000000001,2.4,0.8
2021,14105,2020-09-21 19:15:00,Manchester City,Wolverhampton Wanderers,away,1,2.07651,0.727677,1.348833,3,1,2,W,3,3,3,0,0.0154,False,False,Normal,False,0,0,1,-0.05465408026315782,-0.1783489078587578,-0.346254686777072,,,,
2021,14112,2020-09-27 15:30:00,Manchester City,Leicester,home,2,1.44633,2.86721,-1.42088,2,5,-3,L,0,3,6,3,0.0182,False,False,Normal,False,0,0,0,1.330202419736842,-0.8097779086186337,2.4633869131021746,,,,
2021,14469,2020-10-03 16:30:00,Manchester City,Leeds,away,3,1.41533,2.56662,-1.15129,1,1,0,D,1,4,9,5,0.0217,False,False,Normal,False,0,0,0,1.195407419736842,-0.8408393498315508,2.0686511607170965,,,,
2021,14480,2020-10-17 16:30:00,Manchester City,Arsenal,home,4,1.43023,0.838322,0.5919079999999999,1,0,1,W,3,7,12,5,0.1764,False,False,Normal,True,1,0,1,0.32380841973684216,-0.8259098184098584,-0.2009553177939158,1.6460566666666665,2.0538356666666666,1.3333333333333333,0.3333333333333333
2021,14493,2020-10-24 11:30:00,Manchester City,West Ham,away,5,0.892456,0.263739,0.628717,1,1,0,D,1,8,13,5,0.032,False,False,Normal,False,0,0,0,0.305403919736842,-1.3647496728239012,-0.9554995568327236,1.5920999999999998,1.74995725,1.75,0.5
2021,14502,2020-10-31 12:30:00,Manchester City,Sheffield United,away,6,1.89643,0.687544,1.208886,1,0,1,W,3,11,13,2,0.0399,False,False,Normal,False,0,0,1,0.015319419736842088,-0.3587858218465681,-0.398957471136067,1.4521712,1.4527136,1.6,0.4
2021,14511,2020-11-08 16:30:00,Manchester City,Liverpool,home,7,1.58487,1.18789,0.3969800000000001,1,1,0,D,1,12,16,4,0.1973,False,False,Normal,True,1,0,0,0.42127241973684204,-0.670963325856132,0.2580985013276347,1.4161552,1.444687,1.6,0.4
2021,14523,2020-11-21 17:30:00,Manchester City,Tottenham,away,8,1.66325,0.761142,0.902108,0,2,-2,L,0,12,18,6,0.0558,False,False,Normal,False,1,0,0,0.16870841973684214,-0.5924279786861822,-0.3023083414110697,1.4438632,1.108823,1.8,0.4
2021,14533,2020-11-28 15:00:00,Manchester City,Burnley,home,9,2.26129,0.419877,1.841413,5,0,5,W,3,15,20,5,0.068,False,False,Normal,False,0,0,1,-0.3009440802631578,0.0067973214097208,-0.7504586342940451,1.4934472,0.7477273999999999,1.6,0.4
2021,14540,2020-12-05 15:00:00,Manchester City,Fulham,home,10,3.26328,0.287444,2.975836,2,0,2,W,3,18,21,3,0.0836,False,False,Normal,False,0,0,1,-0.8681555802631579,1.0107732401494274,-0.9243700747798,1.6596592,0.6640384,1.6,0.4
2021,14549,2020-12-12 17:30:00,Manchester City,Manchester United,away,11,1.28434,0.591617,0.6927230000000001,0,0,0,D,1,19,24,5,0.2476,False,False,Normal,True,1,0,0,0.27340091973684205,-0.9720889686857452,-0.5249291152993573,2.133824,0.6687794,2.0,0.6
2021,14564,2020-12-15 20:00:00,Manchester City,West Bromwich Albion,home,12,2.58593,0.210243,2.375687,1,1,0,D,1,20,25,5,0.1164,False,False,Normal,False,0,0,0,-0.5680810802631578,0.3320807496471866,-1.0257506756643284,2.011406,0.649594,1.6,0.4
2021,14572,2020-12-19 15:00:00,Manchester City,Southampton,away,13,1.15599,0.586972,0.569018,1,0,1,W,3,23,28,5,0.1382,False,False,Normal,False,0,0,1,0.3352534197368421,-1.1006933551269684,-0.5310289442019444,2.211618,0.4540646,1.6,0.4
2021,14581,2020-12-26 20:00:00,Manchester City,Newcastle United,home,14,3.19575,0.200953,2.994797,2,0,2,W,3,26,31,5,0.1632,False,False,Normal,False,0,0,1,-0.8776360802631579,0.9431093974039982,-1.0379503334695028,2.1101659999999995,0.4192306,2.2,0.6
2021,14603,2021-01-03 16:30:00,Manchester City,Chelsea,away,15,3.18063,0.691013,2.489617,3,1,2,W,3,29,32,3,0.1973,False,False,Normal,False,1,0,1,-0.6250460802631579,0.9279594299478916,-0.3944019692064492,2.297058,0.3754457999999999,2.2,0.6
2021,14614,2021-01-13 18:00:00,Manchester City,Brighton,home,16,2.90855,0.177084,2.731466,1,0,1,W,3,32,33,1,0.2374,False,False,Normal,False,0,0,1,-0.7459705802631579,0.6553401742959397,-1.0692951808485889,2.280528,0.4561596,2.2,0.6
2021,14621,2021-01-17 19:15:00,Manchester City,Crystal Palace,home,17,0.961088,0.0515836,0.9095044,4,0,4,W,3,35,36,1,0.2757,False,False,Normal,False,0,0,1,0.165010219736842,-1.2959816459424516,-1.2341027087724326,2.60537,0.373253,2.6,0.8
2021,14089,2021-01-20 20:00:00,Manchester City,Aston Villa,home,18,3.34385,0.601768,2.7420820000000004,2,0,2,W,3,38,38,0,0.3227,False,False,Normal,False,0,0,1,-0.7512785802631581,1.091502927843774,-0.5115987895318302,2.2804016000000003,0.34152112,3.0,1.0
2021,14629,2021-01-26 20:15:00,Manchester City,West Bromwich Albion,away,19,2.24838,0.568258,1.680122,5,0,5,W,3,41,41,0,0.3688,False,False,Normal,False,0,0,1,-0.2202985802631579,-0.006138265882497,-0.5556042290422063,2.7179736,0.34448032,3.0,1.0
2021,14642,2021-01-30 15:00:00,Manchester City,Sheffield United,home,20,1.53116,0.154537,1.3766230000000002,1,0,1,W,3,44,44,0,0.4177,False,False,Normal,False,0,0,1,-0.06854908026315792,-0.7247797777124476,-1.0989039735862922,2.5284996,0.41794132,3.0,1.0
2021,14646,2021-02-03 18:00:00,Manchester City,Burnley,away,21,2.12153,0.0489155,2.0726145,2,0,2,W,3,47,47,0,0.4685,False,False,Normal,False,0,0,1,-0.41654483026315786,-0.133239679361805,-1.237606466252517,2.1986056,0.31064612,3.0,1.0
2021,14659,2021-02-07 16:30:00,Manchester City,Liverpool,away,22,3.55196,1.17728,2.37468,4,1,3,W,3,50,50,0,0.6704,True,False,Normal,True,1,0,1,-0.5675775802631577,1.300025396579909,0.2441654152874949,2.0412016,0.28501242,3.0,1.0
2021,14671,2021-02-13 17:30:00,Manchester City,Tottenham,home,23,2.46219,0.4235,2.03869,3,0,3,W,3,53,53,0,0.5722,True,False,Normal,False,1,0,1,-0.39958258026315796,0.2080955001089167,-0.7457008990703481,2.559376,0.5101517,3.0,1.0
2021,14593,2021-02-17 20:15:00,Manchester City,Everton,away,24,1.23218,1.04664,0.18554,3,1,2,W,3,56,56,0,0.6231,True,False,Normal,False,0,0,1,0.5269924197368421,-1.0243523484814148,0.072608548154235,2.383044,0.4744981,3.0,1.0
2021,14675,2021-02-21 16:30:00,Manchester City,Arsenal,away,25,2.08868,0.331188,1.757492,1,0,1,W,3,59,59,0,0.822,True,False,Normal,True,1,0,1,-0.25898358026315793,-0.166154787227751,-0.8669253136356073,2.179804,0.5701745,3.0,1.0
2021,14689,2021-02-27 12:30:00,Manchester City,West Ham,home,26,0.760574,1.92892,-1.168346,2,1,1,W,3,62,62,0,0.7181,True,False,Normal,False,0,0,1,1.2039354197368421,-1.496893059599448,1.23122147477956,2.291308,0.6055047,3.0,1.0
2021,14720,2021-03-02 20:00:00,Manchester City,Wolverhampton Wanderers,home,27,3.26196,0.318824,2.943136,4,1,3,W,3,65,65,0,0.7609,True,False,Normal,False,0,0,1,-0.851805580263158,1.0094506239429422,-0.8831617581031183,2.0191168,0.9815056,3.0,1.0
2021,14700,2021-03-07 16:30:00,Manchester City,Manchester United,home,28,1.27561,2.11411,-0.8385000000000002,0,2,-2,L,0,65,65,0,0.9499,True,True,High Stakes,True,1,0,0,1.0390124197368422,-0.9808362713240926,1.474413576925981,1.9611168,0.8098144000000002,3.0,1.0
2021,14761,2021-03-10 18:00:00,Manchester City,Southampton,home,29,3.10503,1.60561,1.4994200000000002,5,2,3,W,3,68,68,0,0.8349,True,False,Normal,False,0,1,1,-0.129947580263158,0.8522095926673584,0.8066497455017414,1.7238008,1.1479364,2.4,0.8
2021,14708,2021-03-13 20:00:00,Manchester City,Fulham,away,30,2.72578,0.449499,2.276281,3,0,3,W,3,71,71,0,0.8659,True,True,High Stakes,False,0,1,1,-0.5183780802631579,0.4722079287964275,-0.7115589288575678,2.0983708,1.2597304,2.4,0.8
2021,14730,2021-04-03 16:30:00,Manchester City,Leicester,away,31,1.98438,0.284781,1.699599,2,0,2,W,3,74,74,0,0.8931,True,True,High Stakes,False,0,1,1,-0.23003708026315794,-0.2706615071795983,-0.9278671349235222,2.2257908,1.2833926,2.4,0.8
2021,14740,2021-04-10 11:30:00,Manchester City,Leeds,home,32,1.98825,0.17525,1.813,1,2,-1,L,0,74,74,0,0.9167,True,True,High Stakes,False,0,1,0,-0.28673758026315793,-0.2667838369378566,-1.0717035955326242,2.470552,0.9545648,2.4,0.8
2021,14746,2021-04-21 19:15:00,Manchester City,Aston Villa,away,33,1.5634,0.801733,0.7616669999999999,2,1,1,W,3,77,77,0,0.9369,True,True,High Stakes,False,0,1,1,0.23892891973684216,-0.6924758788510139,-0.2490041099826699,2.2158100000000003,0.92585,1.8,0.6
2021,14768,2021-05-01 11:30:00,Manchester City,Crystal Palace,away,34,2.04443,0.361866,1.6825640000000002,2,0,2,W,3,80,80,0,0.9542,True,True,High Stakes,False,0,1,1,-0.221519580263158,-0.2104924896042536,-0.8266388656111574,2.273368,0.6633746,2.4,0.8
2021,14781,2021-05-08 16:30:00,Manchester City,Chelsea,home,35,1.79168,0.619724,1.1719559999999998,1,2,-1,L,0,80,80,0,0.9688,True,True,High Stakes,False,1,1,0,0.03378441973684215,-0.46374343368699,-0.4880189127234651,2.061248,0.4146257999999999,2.4,0.8
2021,14791,2021-05-14 19:00:00,Manchester City,Newcastle United,away,36,1.477,2.18312,-0.7061200000000001,4,3,1,W,3,83,83,0,0.9811,True,True,High Stakes,False,0,1,1,0.9728224197368421,-0.7790471214573378,1.5650377303312646,1.874428,0.4486708,1.8,0.6
2021,14795,2021-05-18 18:00:00,Manchester City,Brighton,away,37,1.07139,1.22824,-0.1568499999999999,2,3,-1,L,0,83,83,0,0.9914,True,True,High Stakes,False,0,1,0,0.6981874197368421,-1.185461030178994,0.3110862507828325,1.772952,0.8283386,1.8,0.6
2021,14811,2021-05-23 15:00:00,Manchester City,Everton,home,38,2.88355,1.07258,1.81097,5,0,5,W,3,86,86,0,1.0,True,True,High Stakes,False,0,1,1,-0.2857225802631579,0.6302906249306841,0.1066730393777253,1.58958,1.0389366,1.8,0.6
2122,16385,2021-08-15 15:30:00,Manchester City,Tottenham,away,1,2.10585,1.06014,1.04571,0,1,-1,L,0,0,3,3,0.015,False,False,Normal,False,1,0,0,0.37435064473684193,-0.1489507567236932,0.090336791466383,,,,
2122,16387,2021-08-21 14:00:00,Manchester City,Norwich,home,2,2.43928,0.0250088,2.4142712,5,0,5,W,3,3,6,3,0.0209,False,False,Normal,False,0,0,1,-0.30992995526315803,0.1851400930705963,-1.269000821392556,,,,
2122,16396,2021-08-28 11:30:00,Manchester City,Arsenal,home,3,4.47273,0.116805,4.355925,5,0,5,W,3,6,9,3,0.1721,False,False,Normal,True,1,0,1,-1.280756855263158,2.222620339341773,-1.1484537570421416,,,,
2122,16409,2021-09-11 14:00:00,Manchester City,Leicester,away,4,2.75058,0.8001,1.95048,1,0,1,W,3,9,10,1,0.0274,False,False,Normal,False,0,0,1,-0.07803435526315788,0.4970570817667612,-0.2511485708218356,3.0059533333333337,0.4006512666666666,2.0,0.6666666666666666
2122,16421,2021-09-18 14:00:00,Manchester City,Southampton,home,5,1.22451,0.490923,0.733587,0,0,0,D,1,10,13,3,0.0326,False,False,Normal,False,0,0,0,0.530412144736842,-1.0320375502266754,-0.6571607991566479,2.94211,0.50051345,2.25,0.75
2122,16426,2021-09-25 11:30:00,Manchester City,Chelsea,away,6,1.69244,0.194202,1.498238,1,0,1,W,3,13,14,1,0.0404,False,False,Normal,False,1,0,1,0.14808664473684202,-0.5631801248473095,-1.046815768328785,2.59859,0.49859536,2.0,0.6
2122,16441,2021-10-03 15:30:00,Manchester City,Liverpool,away,7,1.04319,0.949368,0.093822,2,2,0,D,1,14,16,2,0.1983,False,False,Normal,True,1,0,0,0.850294644736842,-1.2137169218630026,-0.0551293543242283,2.515908,0.32540776,2.6,0.8
2122,16451,2021-10-16 14:00:00,Manchester City,Burnley,home,8,2.15712,1.07719,1.0799299999999998,2,0,2,W,3,17,19,2,0.0584,False,False,Normal,False,0,0,1,0.3572406447368421,-0.0975791408854269,0.1127269061680217,2.2366900000000003,0.5102795999999999,2.2,0.6
2122,16458,2021-10-23 16:30:00,Manchester City,Brighton,away,9,3.57376,1.1695,2.40426,4,1,3,W,3,20,22,2,0.0704,False,False,Normal,False,0,0,1,-0.30492435526315803,1.3218686036264122,0.2339486943268643,1.7735679999999998,0.7023566,2.2,0.6
2122,16470,2021-10-30 14:00:00,Manchester City,Crystal Palace,home,10,0.65739,1.05029,-0.3928999999999999,0,2,-2,L,0,20,25,5,0.0816,False,False,Normal,False,0,0,0,1.093655644736842,-1.60028156766763,0.0774017398645564,1.938204,0.7762366,2.2,0.6
2122,16483,2021-11-06 12:30:00,Manchester City,Manchester United,away,11,2.04202,0.759561,1.2824589999999998,2,0,2,W,3,23,26,3,0.2501,False,False,Normal,True,1,0,1,0.25597614473684205,-0.2129072661630646,-0.3043845156834034,1.82478,0.88811,2.0,0.6
2122,16490,2021-11-21 14:00:00,Manchester City,Everton,home,12,2.61302,0.266894,2.346126,3,0,3,W,3,26,29,3,0.1195,False,False,Normal,False,0,0,1,-0.275857355263158,0.359224441339378,-0.951356400710514,1.894696,1.0011818,2.0,0.6
2122,16504,2021-11-28 14:00:00,Manchester City,West Ham,home,13,2.72187,0.171763,2.550107,2,1,1,W,3,29,30,1,0.1457,False,False,Normal,False,0,0,1,-0.377847855263158,0.4682901792757017,-1.0762827351199915,2.208662,0.864687,2.4,0.8
2122,16506,2021-12-01 20:15:00,Manchester City,Aston Villa,away,14,1.01897,0.772083,0.2468869999999999,2,1,1,W,3,32,33,1,0.1725,False,False,Normal,False,0,0,1,0.773762144736842,-1.2379849252880624,-0.2879405851089801,2.321612,0.6836016,2.4,0.8
2122,16523,2021-12-04 17:30:00,Manchester City,Watford,away,15,4.03223,0.675105,3.3571250000000004,3,1,2,W,3,35,35,0,0.2059,False,False,Normal,False,0,0,1,-0.7813568552631581,1.7812472795259655,-0.4152924058442011,1.810654,0.6041182,2.4,0.8
2122,16534,2021-12-11 12:30:00,Manchester City,Wolverhampton Wanderers,home,16,2.99915,0.0762839,2.9228661,1,0,1,W,3,38,38,0,0.2409,False,False,Normal,False,0,0,1,-0.5642274052631582,0.7461197411956271,-1.2016661955662808,2.485622,0.5290812,3.0,1.0
2122,16545,2021-12-14 20:00:00,Manchester City,Leeds,home,17,3.31349,0.227498,3.085992,7,0,7,W,3,41,41,0,0.2799,False,False,Normal,False,0,0,1,-0.6457903552631579,1.061082755094607,-1.0030913543049866,2.677048,0.39242578,3.0,1.0
2122,16550,2021-12-19 14:15:00,Manchester City,Newcastle United,away,18,3.64686,0.174208,3.472652,4,0,4,W,3,44,44,0,0.3227,False,False,Normal,False,0,0,1,-0.8391203552631581,1.3951134859704204,-1.0730719532756805,2.817142,0.3845465799999999,3.0,1.0
2122,16560,2021-12-26 15:00:00,Manchester City,Leicester,home,19,3.82869,2.43425,1.39444,6,3,3,W,3,47,47,0,0.3688,False,False,Normal,False,0,0,1,0.199985644736842,1.5773038684137983,1.8948224520334656,3.00214,0.38503558,3.0,1.0
2122,16567,2021-12-29 20:15:00,Manchester City,Brentford,away,20,1.01763,0.238829,0.7788010000000001,1,0,1,W,3,50,50,0,0.4177,False,False,Normal,False,0,0,1,0.507805144736842,-1.23932758113404,-0.9882114487516572,3.5640840000000003,0.7174689799999999,3.0,1.0
2122,16576,2022-01-01 12:30:00,Manchester City,Arsenal,away,21,1.94623,0.836949,1.1092809999999995,2,1,1,W,3,53,53,0,0.6185,True,False,Normal,True,1,0,1,0.3425651447368421,-0.3088871195109787,-0.2027583457989215,2.961164,0.6302137800000001,3.0,1.0
2122,16590,2022-01-15 12:30:00,Manchester City,Chelsea,home,22,0.901703,0.613757,0.287946,1,0,1,W,3,56,56,0,0.5204,True,False,Normal,False,1,0,1,0.753232644736842,-1.3554843455046806,-0.4958547962674345,2.75058,0.7823468000000001,3.0,1.0
2122,16604,2022-01-22 17:30:00,Manchester City,Southampton,away,23,1.62907,1.00222,0.6268499999999999,1,1,0,D,1,57,57,0,0.5722,True,False,Normal,False,0,0,0,0.5837806447368421,-0.6266757225783598,0.0142760616412268,2.2682226,0.8595986,3.0,1.0
2122,16615,2022-02-09 19:45:00,Manchester City,Brentford,home,24,1.98246,0.461305,1.521155,2,0,2,W,3,60,60,0,0.6231,True,False,Normal,False,0,0,1,0.13662814473684196,-0.2725853125708498,-0.6960552517802922,1.8646646,1.025201,2.6,0.8
2122,16623,2022-02-12 17:30:00,Manchester City,Norwich,away,25,4.44653,0.356755,4.089775,4,0,4,W,3,63,63,0,0.672,True,False,Normal,False,0,0,1,-1.147681855263158,2.1963684116069846,-0.8333506472088159,1.4954186,0.630612,2.6,0.8
2122,16632,2022-02-19 17:30:00,Manchester City,Tottenham,home,26,2.31773,2.00235,0.3153800000000002,2,3,-1,L,0,63,63,0,0.7181,True,False,Normal,False,1,0,0,0.7395156447368418,0.0633491840567225,1.3276499863655618,2.1811986,0.6541972,2.6,0.8
2122,16641,2022-02-26 17:30:00,Manchester City,Everton,away,27,1.93422,0.770819,1.163401,1,0,1,W,3,66,66,0,0.7609,True,False,Normal,False,0,0,1,0.315505144736842,-0.3209209230260475,-0.2896004739642804,2.2554986,0.8872774,2.0,0.6
2122,16650,2022-03-06 16:30:00,Manchester City,Manchester United,home,28,2.74434,0.361782,2.382558,4,1,3,W,3,69,69,0,0.9499,True,True,High Stakes,True,1,0,1,-0.2940733552631579,0.4908047142451934,-0.8267491746806551,2.462002,0.9186898,2.0,0.6
2122,16660,2022-03-14 20:00:00,Manchester City,Crystal Palace,away,29,2.04021,0.474002,1.566208,0,0,0,D,1,70,70,0,0.8349,True,False,Normal,False,0,1,0,0.11410164473684195,-0.2147208535371089,-0.679381510644415,2.6850560000000003,0.7906022,2.4,0.8
2122,16684,2022-04-02 14:00:00,Manchester City,Burnley,away,30,1.62008,0.0591223,1.5609577,2,0,2,W,3,73,73,0,0.8659,True,True,High Stakes,False,0,1,1,0.116726794736842,-0.6356835405301059,-1.2242028637459663,2.696606,0.7931416,2.0,0.6
2122,16690,2022-04-10 15:30:00,Manchester City,Liverpool,home,31,1.34647,1.29983,0.04664,2,2,0,D,1,74,74,0,1.0,True,True,High Stakes,True,1,1,0,0.8738856447368419,-0.9098358286032112,0.405098468465549,2.1313160000000004,0.73361506,2.0,0.6
2122,16670,2022-04-20 19:00:00,Manchester City,Brighton,home,32,1.52844,0.117354,1.411086,3,0,3,W,3,77,77,0,0.9167,True,True,High Stakes,False,0,1,1,0.19166264473684197,-0.7275051686833874,-1.147732808480781,1.937064,0.59311106,2.2,0.6
2122,16707,2022-04-23 14:00:00,Manchester City,Watford,home,33,3.68,0.42632,3.25368,5,1,4,W,3,80,80,0,0.9369,True,True,High Stakes,False,0,1,1,-0.7296343552631581,1.4283191686090035,-0.7419976660229215,1.855908,0.4624180600000001,2.2,0.6
2122,16723,2022-04-30 16:30:00,Manchester City,Leeds,away,34,3.01431,1.03608,1.97823,4,0,4,W,3,83,83,0,0.9542,True,True,High Stakes,False,0,1,1,-0.09190935526315808,0.761309787930718,0.0587411222745102,2.04304,0.47532566,2.2,0.6
2122,16727,2022-05-08 15:30:00,Manchester City,Newcastle United,home,35,4.05613,0.995099,3.061031,5,0,5,W,3,86,86,0,0.9688,True,True,High Stakes,False,0,1,1,-0.6333098552631578,1.8051946487191493,0.0049247415948707,2.23786,0.5877412599999999,2.6,0.8
2122,16696,2022-05-11 19:15:00,Manchester City,Wolverhampton Wanderers,away,36,3.39304,0.411857,2.981183,5,1,4,W,3,89,89,0,0.9811,True,True,High Stakes,False,0,1,1,-0.593385855263158,1.1407904211748512,-0.7609905240246695,2.72507,0.7749366,2.6,0.8
2122,16737,2022-05-15 13:00:00,Manchester City,West Ham,away,37,2.14723,1.0088,1.13843,2,2,0,D,1,90,90,0,0.9914,True,True,High Stakes,False,0,1,0,0.327990644736842,-0.107488742614322,0.0229169387518883,3.134384,0.597342,3.0,1.0
2122,16754,2022-05-22 15:00:00,Manchester City,Aston Villa,home,38,3.3209,0.247841,3.073059,3,2,1,W,3,93,93,0,1.0,True,True,High Stakes,False,0,1,1,-0.6393238552631579,1.0685074415264688,-0.9763768614383922,3.2581420000000003,0.7756312,2.6,0.8
2223,18211,2022-08-07 15:30:00,Manchester City,West Ham,away,1,2.58739,0.246188,2.341202,2,0,2,W,3,3,3,0,0.0154,False,False,Normal,False,0,0,1,-0.5112174197368422,0.3335436433301177,-0.978547586341724,,,,
2223,18214,2022-08-13 14:00:00,Manchester City,Bournemouth,home,2,1.69064,0.123946,1.566694,4,0,4,W,3,6,6,0,0.0187,False,False,Normal,False,0,0,1,-0.12396341973684216,-0.564983692401608,-1.1390761729316197,,,,
2223,18230,2022-08-21 15:30:00,Manchester City,Newcastle United,away,3,3.67382,2.2127,1.4611200000000002,3,3,0,D,1,7,9,2,0.0224,False,False,Normal,False,0,0,0,-0.0711764197368423,1.422126920005912,1.603882281232993,,,,
2223,18237,2022-08-27 14:00:00,Manchester City,Crystal Palace,home,4,2.3853,0.091976,2.293324,4,2,2,W,3,10,12,2,0.0272,False,False,Normal,False,0,0,1,-0.48727841973684216,0.1310531060811358,-1.1810592795012025,2.6506166666666666,0.8609446666666667,2.333333333333333,0.6666666666666666
2223,18246,2022-08-31 18:30:00,Manchester City,Nottingham Forest,home,5,3.83759,0.729752,3.107838,6,0,6,W,3,13,15,2,0.033,False,False,Normal,False,0,0,1,-0.8945354197368423,1.5862215079878297,-0.3435297901198345,2.5842875000000003,0.6687025,2.5,0.75
2223,18258,2022-09-03 16:30:00,Manchester City,Aston Villa,away,6,1.92143,0.279392,1.642038,1,1,0,D,1,14,15,1,0.0404,False,False,Normal,False,0,0,0,-0.1616354197368422,-0.3337362724813124,-0.93494398701309,2.834948,0.6809124000000001,2.6,0.8
2223,18274,2022-09-17 11:30:00,Manchester City,Wolverhampton Wanderers,away,7,1.4242,0.310995,1.1132049999999998,3,0,3,W,3,17,18,1,0.0488,False,False,Normal,False,0,0,1,0.10278108026315785,-0.8319517697167582,-0.8934428260209557,2.7017560000000005,0.6875532,2.2,0.6
2223,18289,2022-10-02 13:00:00,Manchester City,Manchester United,home,8,3.01103,1.71335,1.29768,6,3,3,W,3,20,21,1,0.209,False,False,Normal,True,1,0,1,0.010543580263157826,0.7580232870539962,0.948134259164765,2.6484680000000003,0.724963,2.2,0.6
2223,18298,2022-10-08 14:00:00,Manchester City,Southampton,home,9,2.73536,0.101148,2.634212,4,0,4,W,3,23,24,1,0.0712,False,False,Normal,False,0,0,1,-0.6577224197368422,0.4818069161131937,-1.1690145796746083,2.51591,0.625093,2.6,0.8
2223,18307,2022-10-16 15:30:00,Manchester City,Liverpool,away,10,0.911493,1.9992,-1.087707,0,1,-1,L,0,23,27,4,0.2326,False,False,Normal,True,1,0,0,1.2032370802631578,-1.345674941973246,1.323513396259394,2.585922,0.6269274,2.6,0.8
2223,18326,2022-10-22 14:00:00,Manchester City,Brighton,home,11,1.86239,0.52863,1.3337599999999998,3,1,2,W,3,26,28,2,0.1013,False,False,Normal,False,0,0,1,-0.007496419736842175,-0.3928932882623005,-0.6076438457810063,2.0007026,0.8808170000000001,2.0,0.6
2223,18338,2022-10-29 11:30:00,Manchester City,Leicester,away,12,0.703827,0.693597,0.0102299999999999,1,0,1,W,3,29,31,2,0.121,False,False,Normal,False,0,0,1,0.6542685802631578,-1.5537525307126547,-0.3910086521161833,1.9888946,0.9306645999999998,2.4,0.8
2223,18346,2022-11-05 15:00:00,Manchester City,Fulham,home,13,2.39332,0.843884,1.549436,2,1,1,W,3,32,34,2,0.1438,False,False,Normal,False,0,0,1,-0.11533441973684228,0.13908900151751,-0.1936512815493108,1.84482,1.0071850000000002,2.4,0.8
2223,18356,2022-11-12 12:30:00,Manchester City,Brentford,home,14,1.605,3.29012,-1.68512,1,2,-1,L,0,32,37,5,0.1632,False,False,Normal,False,0,0,0,1.5019435802631578,-0.6507934287072281,3.018753681927396,1.7212780000000003,0.8332918000000001,2.4,0.8
2223,18368,2022-12-28 20:00:00,Manchester City,Leeds,away,15,4.16249,0.603751,3.558739,3,1,2,W,3,35,40,5,0.1916,False,False,Normal,False,0,0,1,-1.1199859197368423,1.911765451538694,-0.508994707569757,1.495206,1.4710862,1.8,0.6
2223,18376,2022-12-31 15:00:00,Manchester City,Everton,home,16,2.36333,0.0760019,2.2873281,1,1,0,D,1,36,43,7,0.2165,False,False,Normal,False,0,0,0,-0.4842804697368422,0.109039562098949,-1.2020365188710236,2.1454054,1.1919964,2.4,0.8
2223,18385,2023-01-05 20:00:00,Manchester City,Chelsea,away,17,1.71972,0.493576,1.226144,1,0,1,W,3,39,44,5,0.2587,False,False,Normal,False,1,0,1,0.04631158026315785,-0.5358460565799424,-0.6536768710450088,2.2455934,1.10147078,2.0,0.6
2223,18397,2023-01-14 12:30:00,Manchester City,Manchester United,away,18,0.73695,1.98228,-1.24533,1,2,-1,L,0,39,47,8,0.4317,False,False,Normal,True,1,0,0,1.2820485802631578,-1.52056388176764,1.3012939979748352,2.448772,1.06146658,2.0,0.6
2223,18267,2023-01-19 19:00:00,Manchester City,Tottenham,home,19,2.34166,1.16499,1.17667,4,2,2,W,3,42,50,8,0.3196,False,False,Normal,False,1,0,1,0.07104858026315775,0.0873266127091454,0.2280261478573986,2.117498,1.28914578,1.4,0.4
2223,18409,2023-01-22 14:00:00,Manchester City,Wolverhampton Wanderers,home,20,3.32757,0.469277,2.858293,3,0,3,W,3,45,50,5,0.381,False,False,Normal,False,0,0,1,-0.7697629197368423,1.0751906612971194,-0.6855863958036669,2.26483,0.86411978,2.0,0.6
2223,18420,2023-02-05 16:30:00,Manchester City,Tottenham,away,21,0.773747,1.42168,-0.6479330000000001,0,1,-1,L,0,45,51,6,0.4165,False,False,Normal,False,1,0,0,0.9833500802631578,-1.4836939510479077,0.5651122793977881,2.097846,0.83722498,2.0,0.6
2223,18429,2023-02-12 16:30:00,Manchester City,Aston Villa,home,22,3.60987,0.275348,3.334522,3,1,2,W,3,48,51,3,0.4898,False,False,Normal,False,0,0,1,-1.0078774197368423,1.3580501727295875,-0.9402545807874846,1.7799294,1.1063606,1.8,0.6
2223,18312,2023-02-15 18:30:00,Manchester City,Arsenal,away,23,2.00841,1.70139,0.30702,3,1,2,W,3,51,54,3,0.6865,True,False,Normal,True,1,0,1,0.5058735802631578,-0.2465838803297144,0.9324283487934104,2.1579594,1.062715,1.8,0.6
2223,18439,2023-02-18 15:00:00,Manchester City,Nottingham Forest,away,24,2.80966,1.12735,1.68231,1,1,0,D,1,52,57,5,0.5539,True,False,Normal,False,0,0,0,-0.1817714197368422,0.556254176826734,0.1785971790967136,2.4122514,1.006537,2.4,0.8
2223,18442,2023-02-25 17:30:00,Manchester City,Bournemouth,away,25,2.98206,1.08527,1.89679,4,1,3,W,3,55,60,5,0.592,True,False,Normal,False,0,0,1,-0.2890114197368423,0.7289958692495381,0.1233375880911442,2.5058514,0.9990089999999998,2.0,0.6
2223,18458,2023-03-04 12:30:00,Manchester City,Newcastle United,home,26,1.34144,0.359809,0.981631,2,0,2,W,3,58,63,5,0.626,True,False,Normal,False,0,0,1,0.16856808026315784,-0.9148757979355008,-0.8293401246106453,2.4367494,1.1222076,2.0,0.6
2223,18463,2023-03-11 17:30:00,Manchester City,Crystal Palace,away,27,2.1884,0.185498,2.002902,1,0,1,W,3,61,66,5,0.6552,True,False,Normal,False,0,0,1,-0.3420674197368423,-0.0662371447196186,-1.0582458890538915,2.550288,0.9098334,2.6,0.8
2223,18488,2023-04-01 11:30:00,Manchester City,Liverpool,home,28,3.01243,0.318171,2.694259,4,1,3,W,3,64,69,5,0.8287,True,True,High Stakes,True,1,0,1,-0.6877459197368423,0.7594260618184508,-0.884019279798143,2.265994,0.8918634000000001,2.6,0.8
2223,18499,2023-04-08 16:30:00,Manchester City,Southampton,away,29,3.05999,0.492801,2.567189,4,1,3,W,3,67,72,5,0.6957,True,False,Normal,False,0,1,1,-0.6242109197368422,0.8070803245309133,-0.6546946035314469,2.466798,0.6152196,2.6,0.8
2223,18506,2023-04-15 16:30:00,Manchester City,Leicester,home,30,1.60702,1.92692,-0.3199000000000001,3,1,2,W,3,70,73,3,0.7697,True,True,High Stakes,False,0,1,1,0.8193335802631578,-0.6487694251185155,1.2285950683629456,2.516864,0.4883097999999999,3.0,1.0
2223,18531,2023-04-26 19:00:00,Manchester City,Arsenal,home,31,2.01168,0.398372,1.6133080000000002,4,1,3,W,3,73,74,1,1.0,True,True,High Stakes,True,1,1,1,-0.1472704197368423,-0.2433073992727388,-0.7786990692886928,2.2418560000000003,0.6566398,3.0,1.0
2223,18537,2023-04-30 13:00:00,Manchester City,Fulham,away,32,2.32338,0.431813,1.891567,2,1,1,W,3,76,76,0,0.9167,True,True,High Stakes,False,0,1,1,-0.2863999197368421,0.0690103822132701,-0.7347842407996898,2.375904,0.6643524000000001,3.0,1.0
2223,18478,2023-05-03 19:00:00,Manchester City,West Ham,home,33,2.99908,0.492075,2.5070050000000004,3,0,3,W,3,79,79,0,0.9369,True,True,High Stakes,False,0,1,1,-0.5941189197368423,0.7460496024574043,-0.655647989060678,2.4029000000000003,0.7136153999999999,3.0,1.0
2223,18546,2023-05-06 14:00:00,Manchester City,Leeds,home,34,2.83472,0.140924,2.693796,2,1,1,W,3,82,82,0,0.9542,True,True,High Stakes,False,0,1,1,-0.6875144197368421,0.5813638451104662,-1.1167806088609789,2.40023,0.7483962,3.0,1.0
2223,18557,2023-05-14 13:00:00,Manchester City,Everton,away,35,1.04338,1.18597,-0.14259,3,0,3,W,3,85,85,0,0.9688,True,True,High Stakes,False,0,1,1,0.7306785802631578,-1.2135265452878266,0.2555771511676848,2.355176,0.6780208,3.0,1.0
2223,18566,2023-05-21 15:00:00,Manchester City,Chelsea,home,36,1.20557,1.15648,0.04909,1,0,1,W,3,88,88,0,0.9811,True,True,High Stakes,False,1,1,1,0.6348385802631578,-1.051015088825793,0.2168507885547038,2.242448,0.5298308,3.0,1.0
2223,18515,2023-05-24 19:00:00,Manchester City,Brighton,away,37,1.92973,2.11486,-0.1851300000000002,1,1,0,D,1,89,89,0,0.9914,True,True,High Stakes,False,0,1,0,0.7519485802631579,-0.3254198220920475,1.4753984793322117,2.081226,0.6814524,3.0,1.0
2223,18574,2023-05-28 15:30:00,Manchester City,Brentford,away,38,1.18649,1.43893,-0.25244,0,1,-1,L,0,89,89,0,1.0,True,True,High Stakes,False,0,1,0,0.7856035802631578,-1.0701329049013564,0.5877650347410882,2.002496,1.0180618,2.6,0.8
2324,22275,2023-08-11 19:00:00,Manchester City,Burnley,away,1,2.40074,0.311032,2.089708,3,0,3,W,3,3,3,0,0.0154,False,False,Normal,False,0,0,1,-0.3569944407894735,0.1465237077691177,-0.8933942375022484,,,,
2324,22291,2023-08-19 19:00:00,Manchester City,Newcastle United,home,2,1.22528,0.257154,0.968126,1,0,1,W,3,6,6,0,0.0187,False,False,Normal,False,0,0,1,0.20379655921052647,-1.0312660241062257,-0.9641469999594268,,,,
2324,22303,2023-08-27 13:00:00,Manchester City,Sheffield United,away,3,3.84804,0.762232,3.085808,2,1,1,W,3,9,9,0,0.0228,False,False,Normal,False,0,0,1,-0.8550444407894736,1.5966922196225068,-0.3008769499140148,,,,
2324,21927,2023-09-02 14:00:00,Manchester City,Fulham,home,4,2.00152,1.46427,0.5372500000000002,5,1,4,W,3,12,12,0,0.0277,False,False,Normal,False,0,0,1,0.4192345592105263,-0.2534875361347787,0.621041604039594,2.491353333333333,0.4434726666666666,3.0,1.0
2324,21937,2023-09-16 14:00:00,Manchester City,West Ham,away,5,4.15046,0.895632,3.254828,3,1,2,W,3,15,15,0,0.0336,False,False,Normal,False,0,0,1,-0.9395544407894735,1.8997116083841328,-0.125695641925827,2.368895,0.698672,3.0,1.0
2324,21946,2023-09-23 14:00:00,Manchester City,Nottingham Forest,home,6,1.33984,0.729109,0.6107309999999999,2,0,2,W,3,18,18,0,0.0408,False,False,Normal,False,0,0,1,0.3824940592105265,-0.9164789690948774,-0.344374179782776,2.725208,0.7380639999999999,3.0,1.0
2324,21961,2023-09-30 14:00:00,Manchester City,Wolverhampton Wanderers,away,7,0.98075,0.673985,0.306765,1,2,-1,L,0,18,18,0,0.0494,False,False,Normal,False,0,0,0,0.5344770592105264,-1.2762806763576655,-0.4167631934375053,2.5130280000000003,0.8216794000000001,3.0,1.0
2324,21965,2023-10-08 15:30:00,Manchester City,Arsenal,away,8,0.858071,0.386558,0.471513,0,1,-1,L,0,18,20,2,0.2084,False,False,Normal,True,1,0,0,0.4521030592105264,-1.3992028230208742,-0.7942132519916347,2.464122,0.9050456,2.4,0.8
2324,21980,2023-10-21 14:00:00,Manchester City,Brighton,home,9,0.962509,0.963733,-0.001224,2,1,1,W,3,21,23,2,0.0704,False,False,Normal,False,0,0,1,0.6884715592105265,-1.2945578295565308,-0.0362651902368946,1.8661282,0.8299108000000001,1.8,0.6
2324,21992,2023-10-29 15:30:00,Manchester City,Manchester United,away,10,4.54595,0.714628,3.831322,3,0,3,W,3,24,26,2,0.2346,False,False,Normal,True,1,0,1,-1.2278014407894737,2.295985459522734,-0.3633906754422734,1.658326,0.7298034,1.8,0.6
2324,22000,2023-11-04 15:00:00,Manchester City,Bournemouth,home,11,2.39949,0.643127,1.756363,6,1,5,W,3,27,27,0,0.1038,False,False,Normal,False,0,0,1,-0.19032194078947362,0.1452712303008552,-0.4572860180394504,1.737424,0.6936026,1.8,0.6
2324,22009,2023-11-12 16:30:00,Manchester City,Chelsea,away,12,3.19324,3.47238,-0.2791399999999999,4,4,0,D,1,28,28,0,0.1241,False,False,Normal,False,1,0,0,0.8274295592105265,0.9405944226477266,3.258098098673476,1.9493540000000005,0.6764062,1.8,0.6
2324,22020,2023-11-25 12:30:00,Manchester City,Liverpool,home,13,1.79622,0.766278,1.029942,1,1,0,D,1,29,30,1,0.2957,False,False,Normal,True,1,0,0,0.17288855921052648,-0.4591944355222596,-0.2955637297332036,2.391852,1.2360852000000002,2.0,0.6
2324,22031,2023-12-03 16:30:00,Manchester City,Tottenham,home,14,2.90729,0.433077,2.474213,3,3,0,D,1,30,33,3,0.1678,False,False,Normal,False,1,0,0,-0.5492469407894737,0.6540776770079311,-0.7331243519443895,2.5794818000000004,1.3120292,2.2,0.6
2324,22035,2023-12-06 20:15:00,Manchester City,Aston Villa,away,15,1.00198,2.1922,-1.19022,0,1,-1,L,0,30,36,6,0.1887,False,False,Normal,False,0,0,0,1.2829695592105264,-1.2550085990366902,1.5769616154626944,2.968438,1.205898,1.8,0.4
2324,22050,2023-12-10 14:00:00,Manchester City,Luton,away,16,2.23353,0.689037,1.544493,2,1,1,W,3,33,37,4,0.261,False,False,Normal,False,0,0,1,-0.08438694078947356,-0.021017698205459,-0.3969968587460644,2.259644,1.5014124,1.2,0.2
2324,22061,2023-12-16 15:00:00,Manchester City,Crystal Palace,home,17,2.41646,1.64977,0.7666899999999999,2,2,0,D,1,34,39,5,0.2587,False,False,Normal,False,0,0,0,0.3045145592105265,0.1622748644099905,0.8646407991805898,2.226452,1.5105944,1.2,0.2
2324,22081,2023-12-27 20:15:00,Manchester City,Everton,away,18,2.28321,1.23529,1.04792,3,1,2,W,3,37,40,3,0.3073,False,False,Normal,False,0,0,1,0.16389955921052646,0.0287607662931772,0.3203443334013987,2.071096,1.1460724000000002,1.2,0.2
2324,22090,2023-12-30 15:00:00,Manchester City,Sheffield United,home,19,2.24229,0.263211,1.979079,2,0,2,W,3,40,42,2,0.3565,False,False,Normal,False,0,0,1,-0.30167994078947363,-0.0122403361078732,-0.9561929281267098,2.168494,1.2398748000000002,1.6,0.4
2324,22100,2024-01-13 17:30:00,Manchester City,Newcastle United,away,20,2.55452,1.23638,1.31814,3,2,1,W,3,43,45,2,0.403,False,False,Normal,False,0,0,1,0.028789559210526394,0.3006084958246794,0.3217757248984536,2.035494,1.2059016000000002,2.0,0.6
2324,22114,2024-01-31 19:30:00,Manchester City,Burnley,home,21,1.84756,1.49114,0.3564200000000002,3,1,2,W,3,46,48,2,0.4512,False,False,Normal,False,0,0,1,0.5096495592105263,-0.4077526809457701,0.6563273742468099,2.346002,1.0147376,2.6,0.8
2324,22117,2024-02-05 20:00:00,Manchester City,Brentford,away,22,2.10785,0.865741,1.242109,3,1,2,W,3,49,51,2,0.5,True,False,Normal,False,0,0,1,0.06680505921052643,-0.1469467927744729,-0.1649485990253391,2.268808,1.1751582,2.6,0.8
2324,22130,2024-02-10 12:30:00,Manchester City,Everton,home,23,1.58971,0.192072,1.397638,2,0,2,W,3,52,52,0,0.5722,True,False,Normal,False,0,0,1,-0.010959440789473529,-0.6661137330990187,-1.0496128911624796,2.207086,1.0183524,3.0,1.0
2324,22140,2024-02-17 17:30:00,Manchester City,Chelsea,home,24,2.77713,1.82903,0.9481000000000002,1,1,0,D,1,53,54,1,0.6092,True,False,Normal,False,1,0,0,0.21380955921052636,0.5236597031926632,1.1000456063017483,2.0683860000000003,0.8097088000000001,3.0,1.0
2324,22074,2024-02-20 18:30:00,Manchester City,Brentford,home,25,2.53766,0.503799,2.033861,1,0,1,W,3,56,57,1,0.656,True,False,Normal,False,0,0,1,-0.32907094078947347,0.2837150797327507,-0.6402519946464837,2.175354,1.1228726,2.6,0.8
2324,22145,2024-02-24 17:30:00,Manchester City,Bournemouth,away,26,1.79636,0.925889,0.870471,1,0,1,W,3,59,60,1,0.6997,True,False,Normal,False,0,0,1,0.25262405921052644,-0.4590541580458142,-0.0859620524520744,2.171982,0.9763564,2.6,0.8
2324,22160,2024-03-03 15:30:00,Manchester City,Manchester United,home,27,2.64173,0.153764,2.487966,3,1,2,W,3,62,63,1,0.8897,True,True,High Stakes,True,1,0,1,-0.5561234407894735,0.3879913438304376,-1.099919079666314,2.1617419999999994,0.8633062,2.6,0.8
2324,22171,2024-03-10 15:45:00,Manchester City,Liverpool,away,28,1.37289,2.25492,-0.8820299999999999,1,1,0,D,1,63,64,1,0.9256,True,True,High Stakes,True,1,0,0,1.1288745592105265,-0.8833634648340092,1.6593257206877252,2.268518,0.7209108000000001,2.6,0.8
2324,22190,2024-03-31 16:30:00,Manchester City,Arsenal,home,29,1.22009,0.511402,0.7086879999999999,0,0,0,D,1,64,67,3,0.9014,True,True,High Stakes,True,1,1,0,0.3335155592105265,-1.0364663105544527,-0.6302677106537237,2.225154,1.1334804,2.2,0.6
2324,22204,2024-04-03 19:15:00,Manchester City,Aston Villa,home,30,3.87704,1.18643,2.69061,4,1,3,W,3,67,70,3,0.7697,True,False,Normal,False,0,1,1,-0.6574454407894735,1.6257496968862035,0.2561812246435063,1.913746,0.8699548000000001,2.2,0.6
2324,22207,2024-04-06 11:30:00,Manchester City,Crystal Palace,away,31,2.26381,1.49472,0.7690899999999998,4,2,2,W,3,70,71,1,0.8559,True,False,Normal,False,0,1,1,0.3033145592105265,0.0093223159857386,0.66102864173255,2.181622,1.0064810000000002,2.2,0.6
2324,22221,2024-04-13 14:00:00,Manchester City,Luton,home,32,4.64245,0.809775,3.832675,5,1,4,W,3,73,73,0,0.9167,True,True,High Stakes,False,0,1,1,-1.2284779407894737,2.3926767200726213,-0.238443329781463,2.275112,1.1202472,2.2,0.6
2324,22176,2024-04-25 19:00:00,Manchester City,Brighton,away,33,1.90507,0.572021,1.333049,4,0,4,W,3,76,76,0,0.9369,True,True,High Stakes,False,0,1,1,0.02133505921052642,-0.3501286975859358,-0.5506626453693462,2.675256,1.2514494,2.2,0.6
2324,22242,2024-04-28 15:30:00,Manchester City,Nottingham Forest,away,34,0.932063,2.17312,-1.241057,2,0,2,W,3,79,79,0,0.9542,True,True,High Stakes,False,0,1,1,1.3083880592105266,-1.325064172755514,1.5519056982481918,2.781692,0.9148696,2.6,0.8
2324,22253,2024-05-04 16:30:00,Manchester City,Wolverhampton Wanderers,home,35,4.52542,0.396887,4.128533000000001,5,1,4,W,3,82,82,0,0.9688,True,True,High Stakes,False,0,1,1,-1.3764069407894737,2.275414769583986,-0.7806491760530291,2.7240866,1.2472132,3.0,1.0
2324,22258,2024-05-11 11:30:00,Manchester City,Fulham,away,36,3.15218,0.0886245,3.0635555,4,0,4,W,3,85,85,0,0.9811,True,True,High Stakes,False,0,1,1,-0.8439181907894735,0.8994530427702306,-1.1854604800538442,2.8537626000000005,1.0893046000000002,3.0,1.0
2324,22233,2024-05-14 19:00:00,Manchester City,Tottenham,away,37,2.70331,1.84285,0.86046,2,0,2,W,3,88,88,0,0.9914,True,True,High Stakes,False,1,1,1,0.25762955921052644,0.4496933938269359,1.1181940746405548,3.0314366,0.8080855000000001,3.0,1.0
2324,22273,2024-05-19 15:00:00,Manchester City,West Ham,home,38,2.31504,0.240159,2.0748810000000004,3,1,2,W,3,91,91,0,1.0,True,True,High Stakes,False,0,1,1,-0.34958094078947366,0.0606538525450212,-0.9864648884846084,2.6436086,1.0147005,3.0,1.0
2425,26610,2024-08-18 15:30:00,Manchester City,Chelsea,away,1,1.18038,1.06123,0.11915,2,0,2,W,3,3,3,0,0.0154,False,False,Normal,False,1,0,1,0.20680964473684216,-1.0762550147662249,0.0917681829634377,,,,
2425,26615,2024-08-24 14:00:00,Manchester City,Ipswich,home,2,3.07818,0.479999,2.5981810000000003,4,1,3,W,3,6,6,0,0.0187,False,False,Normal,False,0,0,1,-1.0327058552631578,0.8253063766490736,-0.6715062310041964,,,,
2425,26628,2024-08-31 16:30:00,Manchester City,West Ham,away,3,3.19297,0.947201,2.245769,3,1,2,W,3,9,9,0,0.0228,False,False,Normal,False,0,0,1,-0.8564998552631577,0.9403238875145818,-0.0579750656766302,,,,
2425,26637,2024-09-14 14:00:00,Manchester City,Brentford,home,4,1.55279,1.05094,0.5018499999999999,2,1,1,W,3,12,12,0,0.0277,False,False,Normal,False,0,0,1,0.015459644736842248,-0.7031069076016284,0.0782553219499561,2.483843333333333,0.8294766666666668,3.0,1.0
2425,26651,2024-09-22 15:30:00,Manchester City,Arsenal,home,5,2.75588,1.28411,1.4717699999999998,2,2,0,D,1,13,13,0,0.1836,False,False,Normal,True,1,0,0,-0.4695003552631577,0.5023675862321956,0.384454914030959,2.25108,0.8848425,3.0,1.0
2425,26652,2024-09-28 11:30:00,Manchester City,Newcastle United,away,6,1.26516,1.34344,-0.0782799999999999,1,1,0,D,1,14,15,1,0.0404,False,False,Normal,False,0,0,0,0.30552464473684215,-0.9913069829587692,0.4623672603798283,2.35204,0.964696,2.6,0.8
2425,26664,2024-10-05 14:00:00,Manchester City,Fulham,home,7,1.36684,2.75846,-1.39162,3,2,1,W,3,17,18,1,0.0488,False,False,Normal,False,0,0,1,0.9621946447368421,-0.8894254557804009,2.3205760641987605,2.368996,1.021138,2.2,0.6
2425,26681,2024-10-20 13:00:00,Manchester City,Wolverhampton Wanderers,away,8,1.36569,0.761217,0.604473,2,1,1,W,3,20,21,1,0.059,False,False,Normal,False,0,0,1,-0.03585185526315782,-0.8905777350512026,-0.3022098511704467,2.026728,1.4768302,2.2,0.6
2425,26683,2024-10-26 14:00:00,Manchester City,Southampton,home,9,3.16286,0.369989,2.792871,1,0,1,W,3,23,23,0,0.072,False,False,Normal,False,0,0,1,-1.1300508552631578,0.9101542102590676,-0.8159717159500776,1.661272,1.4396334,2.2,0.6
2425,26692,2024-11-02 15:00:00,Manchester City,Bournemouth,away,10,2.3527,2.4493,-0.0966,1,2,-1,L,0,23,25,2,0.0846,False,False,Normal,False,0,0,0,0.3146846447368422,0.0983884937088423,1.9145861603184895,1.983286,1.3034431999999998,2.2,0.6
2425,26703,2024-11-09 17:30:00,Manchester City,Brighton,away,11,2.60334,2.87116,-0.2678199999999999,1,2,-1,L,0,23,28,5,0.0976,False,False,Normal,False,0,0,0,0.4002946447368422,0.3495252558251511,2.4685740657749884,1.90265,1.5364812,2.0,0.6
2425,26720,2024-11-23 17:30:00,Manchester City,Tottenham,home,12,2.15899,3.30449,-1.1454999999999995,0,4,-4,L,0,23,31,8,0.1118,False,False,Normal,False,1,0,0,0.8391346447368421,-0.0957054345929055,3.037624412030771,2.170286,1.8420252,1.8,0.6
2425,26726,2024-12-01 16:00:00,Manchester City,Liverpool,away,13,0.745015,3.70054,-2.955525,0,2,-2,L,0,23,34,11,0.2958,False,False,Normal,True,1,0,0,1.7441471447368424,-1.5124828971424085,3.55771854268086,2.3287160000000005,1.9512312,1.2,0.4
2425,26739,2024-12-04 19:30:00,Manchester City,Nottingham Forest,home,14,3.20169,0.802155,2.399535,3,0,3,W,3,26,35,9,0.1769,False,False,Normal,False,0,0,1,-0.9333828552631579,0.9490611703331834,-0.2484499382287643,2.204581,2.5390958,0.6,0.2
2425,26747,2024-12-07 15:00:00,Manchester City,Crystal Palace,away,15,1.5846,1.21476,0.3698399999999999,2,2,0,D,1,27,36,9,0.1801,False,False,Normal,False,0,0,0,0.08146464473684223,-0.6712338609892768,0.2933842715348508,2.2123470000000003,2.625529,0.6,0.2
2425,26753,2024-12-15 16:30:00,Manchester City,Manchester United,home,16,0.638103,2.04662,-1.4085169999999998,1,2,-1,L,0,27,39,12,0.349,False,False,Normal,True,1,0,0,0.9706431447368422,-1.6196067940119376,1.3857854923973238,2.058727,2.378621,0.8,0.2
2425,26762,2024-12-21 12:30:00,Manchester City,Aston Villa,away,17,1.09627,2.05988,-0.96361,1,2,-1,L,0,27,42,15,0.2163,False,False,Normal,False,0,0,0,0.7481896447368422,-1.1605317186506914,1.4031985669394784,1.6656796,2.213713,0.8,0.2
2425,26777,2024-12-26 12:30:00,Manchester City,Everton,home,18,2.51965,0.653289,1.866361,1,1,0,D,1,28,45,17,0.2709,False,False,Normal,False,0,0,0,-0.6667958552631578,0.2656693843700205,-0.4439412470366321,1.4531356,1.964791,0.8,0.2
2425,26788,2024-12-29 14:30:00,Manchester City,Leicester,away,19,1.58002,1.84208,-0.2620599999999999,2,0,2,W,3,31,46,15,0.3181,False,False,Normal,False,0,0,1,0.3974146447368422,-0.6758229384329918,1.117182908170158,1.8080626,1.3553408,1.0,0.2
2425,26798,2025-01-04 15:00:00,Manchester City,West Ham,home,20,1.97986,1.53286,0.447,4,1,3,W,3,34,47,13,0.3224,False,False,Normal,False,0,0,1,0.04288464473684217,-0.2751904657048366,0.7111142120973885,1.4837286,1.5633258,1.0,0.2
2425,26803,2025-01-14 19:30:00,Manchester City,Brentford,away,21,2.65315,2.39088,0.26227,2,2,0,D,1,35,50,15,0.3384,False,False,Normal,False,0,0,0,0.1352496447368422,0.3994339779804867,1.83786882888918,1.5627806,1.6269458,1.4,0.4
2425,26816,2025-01-19 16:30:00,Manchester City,Ipswich,away,22,3.20228,0.795637,2.406643,6,0,6,W,3,38,53,15,0.375,False,False,Normal,False,0,0,1,-0.9369368552631578,0.9496523396982032,-0.2570093967405109,1.96579,1.6957977999999998,1.6,0.4
2425,26828,2025-01-25 17:30:00,Manchester City,Chelsea,home,23,2.23213,1.49843,0.7337000000000002,3,1,2,W,3,41,56,15,0.4292,False,False,Normal,False,1,0,1,-0.10046535526315792,-0.0224204729699131,0.6659006256353698,2.386992,1.4429492,2.2,0.6
2425,26833,2025-02-02 16:30:00,Manchester City,Arsenal,away,24,0.743191,1.53202,-0.7888289999999999,1,5,-4,L,0,41,57,16,0.5965,True,True,High Stakes,True,1,0,0,0.6607991447368421,-1.5143105122640976,0.7100111214024105,2.3294880000000004,1.6119774,2.6,0.8
2425,26848,2025-02-15 15:00:00,Manchester City,Newcastle United,home,25,2.12004,0.157211,1.962829,4,0,4,W,3,44,60,16,0.492,False,False,Normal,False,0,0,1,-0.7150298552631578,-0.1347326325039743,-1.0953924682072786,2.1621222,1.5499654,2.0,0.6
2425,26859,2025-02-23 16:30:00,Manchester City,Liverpool,home,26,0.58248,0.807058,-0.224578,0,2,-2,L,0,44,61,17,0.6886,True,True,High Stakes,True,1,0,0,0.3786736447368422,-1.6753400373856826,-0.2420113028984337,2.1901582,1.2748356,2.0,0.6
2425,26865,2025-02-26 19:30:00,Manchester City,Tottenham,away,27,2.38641,1.28426,1.1021500000000002,1,0,1,W,3,47,64,17,0.5548,True,False,Normal,False,1,0,1,-0.2846903552631579,0.1321653060729534,0.3846518945122049,1.7760241999999995,0.9580712,1.8,0.6
2425,26878,2025-03-08 12:30:00,Manchester City,Nottingham Forest,away,28,0.721234,0.501476,0.219758,0,1,-1,L,0,47,67,20,0.5635,True,False,Normal,False,0,0,0,0.15650564473684214,-1.5363110304806145,-0.6433025656993815,1.6128502,1.0557957999999998,1.8,0.6
2425,26889,2025-03-15 15:00:00,Manchester City,Brighton,home,29,2.02642,2.11119,-0.0847700000000002,2,2,0,D,1,48,70,22,0.5844,True,True,High Stakes,False,0,1,0,0.3087696447368423,-0.2285381849669842,1.4705790235577236,1.310671,0.856405,1.2,0.4
2425,26898,2025-04-02 19:45:00,Manchester City,Leicester,home,30,2.07165,0.104741,1.966909,2,0,2,W,3,51,73,22,0.6013,True,True,High Stakes,False,0,1,1,-0.7170698552631578,-0.1832185402553633,-1.1642962405471604,1.5673168,0.972239,1.4,0.4
2425,26909,2025-04-06 15:30:00,Manchester City,Manchester United,away,31,0.687894,1.23317,-0.5452760000000001,0,0,0,D,1,52,73,21,0.7082,True,True,High Stakes,True,1,1,0,0.5390226447368422,-1.5697171095141196,0.3175603425997874,1.5576388,0.961745,1.4,0.4
2425,26917,2025-04-12 11:30:00,Manchester City,Crystal Palace,home,32,4.59724,1.33808,3.2591600000000005,5,2,3,W,3,55,76,21,0.622,True,True,High Stakes,False,0,1,1,-1.3631953552631577,2.3473771150004925,0.4553284911833014,1.5787216000000002,1.0469674000000002,1.6,0.4
2425,26925,2025-04-19 14:00:00,Manchester City,Everton,away,33,1.87989,0.81683,1.06306,2,0,2,W,3,58,79,21,0.6637,True,True,High Stakes,False,0,1,1,-0.26514535526315786,-0.3753586037066214,-0.2291786811468554,2.0208876,1.0577314000000002,1.6,0.4
2425,26937,2025-04-22 19:00:00,Manchester City,Aston Villa,home,34,1.36232,1.85906,-0.4967399999999999,2,1,1,W,3,61,82,21,0.6679,True,True,High Stakes,False,0,1,1,0.5147546447368422,-0.8939544143056393,1.1394810986472153,2.2526188,1.1208022,2.2,0.6
2425,26942,2025-05-02 19:00:00,Manchester City,Wolverhampton Wanderers,home,35,0.859463,0.622455,0.237008,1,0,1,W,3,64,82,18,0.7266,True,True,High Stakes,False,0,1,1,0.14788064473684215,-1.3978080641122168,-0.4844325547615781,2.1197988,1.0703762,2.6,0.8
2425,26959,2025-05-10 14:00:00,Manchester City,Southampton,away,36,1.58463,0.136995,1.447635,0,0,0,D,1,65,83,18,0.5723,True,False,Normal,False,0,1,0,-0.4574328552631578,-0.6712038015300386,-1.1219401842664185,1.8773614,1.1739190000000002,2.6,0.8
2425,26970,2025-05-20 19:00:00,Manchester City,Bournemouth,home,37,1.59779,0.962014,0.635776,3,1,2,W,3,68,83,15,0.7436,True,True,High Stakes,False,0,1,1,-0.0515033552631578,-0.6580177187441678,-0.0385225865519747,2.0567086,0.954684,2.6,0.8
2425,26981,2025-05-25 15:00:00,Manchester City,Fulham,away,38,2.45923,2.21797,0.2412599999999995,2,0,2,W,3,71,84,13,0.3333,False,False,Normal,False,0,1,1,0.1457546447368424,0.2051296334640701,1.6108028621407726,1.4568186,0.8794708,2.6,0.8
2526,28783,2025-08-16 16:30:00,Manchester City,Wolverhampton Wanderers,away,1,2.29903,0.519436,1.779594,4,0,4,W,3,3,3,0,0.0154,False,False,Normal,False,0,0,1,-0.4573370921052632,0.0446121211315113,-0.6197174360781832,,,,
2526,28789,2025-08-23 11:30:00,Manchester City,Tottenham,home,2,1.2475,1.28015,-0.0326499999999998,0,2,-2,L,0,3,6,3,0.0182,False,False,Normal,False,1,0,0,0.4487849078947368,-1.009001984630386,0.379254629326062,,,,
2526,28805,2025-08-31 13:00:00,Manchester City,Brighton,away,3,2.13418,2.20864,-0.0744599999999997,1,2,-1,L,0,3,9,6,0.0215,False,False,Normal,False,0,0,0,0.46968990789473675,-0.1205646073829853,1.5985506762072654,,,,
2526,28817,2025-09-14 15:30:00,Manchester City,Manchester United,home,4,1.99725,1.51915,0.4780999999999999,3,0,3,W,3,6,12,6,0.1761,False,False,Normal,True,1,0,1,0.1934099078947369,-0.2577659991663646,0.6931101961114962,1.89357,1.3360753333333333,1.0,0.3333333333333333
2526,28827,2025-09-21 15:30:00,Manchester City,Arsenal,away,5,1.1227,0.718575,0.404125,1,1,0,D,1,7,15,8,0.181,False,False,Normal,True,1,0,0,0.23039740789473684,-1.134049335061743,-0.3582074623790847,1.91949,1.381844,1.5,0.5
2526,28833,2025-09-27 14:00:00,Manchester City,Burnley,home,6,3.22133,0.509491,2.711839,5,1,4,W,3,10,15,5,0.0387,False,False,Normal,False,0,0,1,-0.9234595921052631,0.9687400963145282,-0.6327772419847988,1.760132,1.2491902,1.4,0.4
2526,28841,2025-10-05 15:30:00,Manchester City,Brentford,away,7,1.09647,0.693758,0.402712,1,0,1,W,3,13,16,3,0.0478,False,False,Normal,False,0,0,1,0.23110390789473684,-1.1603313222557694,-0.3907972263996458,1.944592,1.2472012,1.4,0.4
2526,28853,2025-10-18 14:00:00,Manchester City,Everton,home,8,2.4799,0.794622,1.6852780000000005,2,0,2,W,3,16,19,3,0.0577,False,False,Normal,False,0,0,1,-0.4101790921052632,0.225840600879264,-0.2583422979969428,1.914386,1.1299228,2.0,0.6
2526,28860,2025-10-26 13:00:00,Manchester City,Aston Villa,away,9,1.36914,0.843906,0.525234,0,1,-1,L,0,16,22,6,0.0672,False,False,Normal,False,0,0,0,0.16984290789473688,-0.8871208972387974,-0.193622391078728,1.98353,0.8471192000000001,2.6,0.8
2526,28873,2025-11-02 16:30:00,Manchester City,Bournemouth,home,10,2.48999,0.899846,1.590144,3,1,2,W,3,19,25,6,0.0806,False,False,Normal,False,0,0,1,-0.3626120921052632,0.2359505990030812,-0.1201618036060201,1.857908,0.7120704000000001,2.0,0.6
2526,28883,2025-11-09 16:30:00,Manchester City,Liverpool,home,11,1.59542,1.0281,0.56732,3,0,3,W,3,22,26,4,0.2489,False,False,Normal,True,1,0,1,0.14879990789473685,-0.6603924160239941,0.0482617606722185,2.131366,0.7483246000000001,2.4,0.8
2526,28896,2025-11-22 17:30:00,Manchester City,Newcastle United,away,12,2.45648,2.40555,0.0509300000000001,1,2,-1,L,0,22,29,7,0.1133,False,False,Normal,False,0,0,0,0.4069949078947368,0.2023741830338922,1.857133519955047,1.806184,0.8520464000000001,2.4,0.8
2526,28903,2025-11-29 15:00:00,Manchester City,Leeds,home,13,2.85292,1.75142,1.1015,3,2,1,W,3,25,30,5,0.1382,False,False,Normal,False,0,0,1,-0.1182900921052632,0.5995999170483727,0.9981279053050224,2.078186,1.1944048,1.8,0.6
2526,28912,2025-12-02 19:30:00,Manchester City,Fulham,away,14,1.96225,0.972635,0.989615,5,4,1,W,3,28,33,5,0.1632,False,False,Normal,False,0,0,1,-0.06234759210526314,-0.2928353682777227,-0.0245750552765433,2.15279,1.3857644,1.8,0.6
2526,28924,2025-12-06 15:00:00,Manchester City,Sunderland,home,15,2.41605,0.626486,1.789564,3,0,3,W,3,31,33,2,0.2002,False,False,Normal,False,0,0,1,-0.46232209210526304,0.1618640518004003,-0.4791390326288915,2.271412,1.4115102,2.4,0.8
2526,28932,2025-12-14 14:00:00,Manchester City,Crystal Palace,away,16,1.35317,1.30092,0.0522499999999999,3,0,3,W,3,34,36,2,0.2339,False,False,Normal,False,0,0,1,0.4063349078947369,-0.9031225493733228,0.406529859962604,2.256624,1.3568382,2.4,0.8
2526,28944,2025-12-20 15:00:00,Manchester City,West Ham,home,17,3.58188,1.02143,2.56045,3,0,3,W,3,37,39,2,0.2714,False,False,Normal,False,0,0,1,-0.8477650921052631,1.3300046972602473,0.0395026952728091,2.208174,1.4114022,2.4,0.8
2526,28955,2025-12-27 12:30:00,Manchester City,Nottingham Forest,away,18,1.46468,0.600141,0.864539,2,1,1,W,3,40,42,2,0.3124,False,False,Normal,False,0,0,1,0.00019040789473689923,-0.7913915393845359,-0.5137353711517461,2.433254,1.1345782,3.0,1.0
2526,28966,2026-01-01 20:00:00,Manchester City,Sunderland,away,19,2.44247,0.962141,1.4803290000000002,0,0,0,D,1,41,45,4,0.3442,False,False,Normal,False,0,0,0,-0.3077045921052632,0.188336415569603,-0.0383558097445197,2.155606,0.9043224,3.0,1.0
2526,28977,2026-01-04 17:30:00,Manchester City,Chelsea,home,20,1.03049,2.03726,-1.00677,1,1,0,D,1,42,48,6,0.3737,False,False,Normal,False,1,0,0,0.9358449078947368,-1.2264420929405526,1.373493910367568,2.25165,0.9022236,2.6,0.8
2526,28985,2026-01-07 19:30:00,Manchester City,Brighton,home,21,2.95904,1.33162,1.62742,1,1,0,D,1,43,49,6,0.4165,False,False,Normal,False,0,0,0,-0.38125009210526306,0.7059302441940103,0.4468451984576366,1.974538,1.1843784,2.2,0.6
2526,28993,2026-01-17 12:30:00,Manchester City,Manchester United,away,22,0.387015,3.07278,-2.685765,0,2,-2,L,0,43,50,7,0.599,True,False,Normal,True,1,0,0,1.7753424078947369,-1.871192444052872,2.7333420966338973,2.295712,1.1905183999999998,1.8,0.4
2526,29005,2026-01-24 15:00:00,Manchester City,Wolverhampton Wanderers,home,23,1.0654,0.542683,0.5227169999999999,2,0,2,W,3,46,50,4,0.6032,True,False,Normal,False,0,0,1,0.17110140789473693,-1.1914629022069094,-0.5891894010946644,1.656739,1.6007884,1.2,0.2
2526,29016,2026-02-01 16:30:00,Manchester City,Tottenham,away,24,2.03614,1.49738,0.5387600000000001,2,2,0,D,1,47,53,6,0.54,True,False,Normal,False,1,0,0,0.1630799078947368,-0.2187989201737726,0.6645217622666472,1.576883,1.5892967999999998,1.2,0.2
2526,29024,2026-02-08 16:30:00,Manchester City,Liverpool,away,25,2.41476,1.26652,1.1482399999999997,2,1,1,W,3,50,56,6,0.726,True,True,High Stakes,True,1,0,1,-0.14166009210526298,0.1605714950531531,0.3613556695968344,1.495617,1.6963445999999998,1.2,0.2
2526,29033,2026-02-11 19:30:00,Manchester City,Fulham,home,26,1.67722,1.05283,0.62439,3,0,3,W,3,53,57,4,0.6444,True,False,Normal,False,0,0,1,0.12026490789473687,-0.5784302905008772,0.0807372760136568,1.772471,1.5421966,1.6,0.4
2526,29043,2026-02-21 20:00:00,Manchester City,Newcastle United,home,27,2.22648,0.507954,1.718526,2,1,1,W,3,56,58,2,0.7186,True,True,High Stakes,False,0,0,1,-0.4268030921052631,-0.0280816711264611,-0.634795635315967,1.516107,1.4864386,2.0,0.6
2526,29053,2026-02-28 17:30:00,Manchester City,Leeds,away,28,2.46834,1.37824,1.0901,1,0,1,W,3,59,61,2,0.7514,True,True,High Stakes,False,0,0,1,-0.11259009210526316,0.2142576892527695,0.5080667320289207,1.884,0.9734734,2.6,0.8
2526,29064,2026-03-04 19:30:00,Manchester City,Nottingham Forest,home,29,2.72655,1.23642,1.49013,2,2,0,D,1,60,64,4,0.7236,True,True,High Stakes,False,0,1,0,-0.3126050921052631,0.4729794549168776,0.3218282530267859,2.164588,1.1405848,2.6,0.8
2526,29077,2026-03-14 20:00:00,Manchester City,West Ham,away,30,1.9546,0.488982,1.465618,1,1,0,D,1,61,67,6,0.6735,True,True,High Stakes,False,0,1,0,-0.30034909210526306,-0.3005005303834911,-0.6597097265839723,2.30267,1.0883927999999998,2.6,0.8
2526,29095,2026-04-12 15:30:00,Manchester City,Chelsea,away,31,2.40839,1.22108,1.18731,3,0,3,W,3,64,70,6,0.6698,True,False,Normal,False,1,1,1,-0.16119509210526306,0.1541888698748859,0.3016837158113525,2.2106380000000003,0.9328852,2.2,0.6
2526,29104,2026-04-19 15:30:00,Manchester City,Arsenal,home,32,2.61528,2.28964,0.3256399999999999,2,1,1,W,3,67,70,3,0.9357,True,True,High Stakes,True,1,1,1,0.2696399078947369,0.3614889206019969,1.7049201360801531,2.356872,0.9665352,2.2,0.6
2526,29111,2026-04-22 19:00:00,Manchester City,Burnley,away,33,3.40888,0.973776,2.435104,1,0,1,W,3,70,70,0,0.9369,True,True,High Stakes,False,0,1,1,-0.7850920921052631,1.1566618156526771,-0.0230766904158648,2.434632,1.3228724,2.2,0.6
2526,29123,2026-05-04 20:00:00,Manchester City,Everton,away,34,1.41706,1.68558,-0.2685200000000001,3,3,0,D,1,71,73,2,0.827,True,True,High Stakes,False,0,1,0,0.5667199078947369,-0.8391059210154751,0.9116666060700728,2.62274,1.2419796,2.2,0.6
2526,29133,2026-05-09 17:30:00,Manchester City,Brentford,home,35,4.37429,0.670038,3.704252,3,0,3,W,3,74,76,2,0.8073,True,True,High Stakes,False,0,1,1,-1.4196660921052633,2.1239852337611413,-0.4219464065006939,2.360842,1.3318116,2.2,0.6
2526,29084,2026-05-13 20:00:00,Manchester City,Crystal Palace,home,36,1.95679,0.428862,1.527928,3,0,3,W,3,77,79,2,0.7631,True,True,High Stakes,False,0,1,1,-0.3315040921052631,-0.2983061898590946,-0.7386595034674044,2.84478,1.3680228,2.6,0.8
2526,29138,2026-05-19 19:30:00,Manchester City,Bournemouth,away,37,1.26917,1.71486,-0.4456900000000001,1,1,0,D,1,78,82,4,0.3718,False,False,Normal,False,0,1,0,0.6553049078947369,-0.9872890352405824,0.9501171960093092,2.75446,1.2095792,2.6,0.8
2526,29153,2026-05-24 15:00:00,Manchester City,Aston Villa,home,38,1.38085,2.4397,-1.0588500000000003,1,2,-1,L,0,78,85,7,0.0,False,False,Normal,False,0,1,0,0.961884907894737,-0.8753876883161117,1.9019794095187403,2.485238,1.0946232,2.2,0.6
1920,11652,2019-08-11 16:30:00,Manchester United,Chelsea,home,1,2.37442,1.09534,1.2790800000000002,4,0,4,W,3,3,3,0,0.1654,False,False,Normal,True,1,0,1,-0.2694413289473685,0.7422352406842531,-0.3458142571602018,,,,
1920,11662,2019-08-19 20:00:00,Manchester United,Wolverhampton Wanderers,away,2,1.14332,0.307356,0.8359639999999999,1,1,0,D,1,4,6,2,0.0184,False,False,Normal,False,0,0,0,-0.04788332894736835,-0.5809733230124171,-1.234899852929204,,,,
1920,11669,2019-08-24 15:00:00,Manchester United,Crystal Palace,home,3,2.23561,0.676993,1.558617,1,2,-1,L,0,4,9,5,0.0217,False,False,Normal,False,0,0,0,-0.40920982894736835,0.5930397401345534,-0.8178369019514347,,,,
1920,11673,2019-08-31 12:30:00,Manchester United,Southampton,away,4,1.90356,0.769616,1.133944,1,1,0,D,1,5,12,7,0.0258,False,False,Normal,False,0,0,0,-0.19687332894736836,0.2361463898173743,-0.7133299892007794,1.9177833333333332,0.6932296666666667,1.3333333333333333,0.3333333333333333
1920,11684,2019-09-14 14:00:00,Manchester United,Leicester,home,5,1.10019,0.459141,0.641049,1,0,1,W,3,8,15,7,0.036,False,False,Normal,False,0,0,1,0.04957417105263162,-0.627330227692977,-1.0636402116753232,1.9142275,0.7123262499999999,1.25,0.25
1920,11700,2019-09-22 13:00:00,Manchester United,West Ham,away,6,1.27826,0.51376,0.7645,0,2,-2,L,0,8,18,10,0.0366,False,False,Normal,False,0,0,0,-0.012151328947368367,-0.4359373685121907,-1.0020133688012205,1.75142,0.6616892,1.6,0.4
1920,11712,2019-09-30 19:00:00,Manchester United,Arsenal,home,7,1.1335,1.70399,-0.5704899999999999,1,1,0,D,1,9,21,12,0.1932,False,False,Normal,True,1,0,0,0.6553436710526316,-0.591528036760692,0.3409280470804972,1.532188,0.5453732,1.0,0.2
1920,11721,2019-10-06 16:30:00,Manchester United,Newcastle United,away,8,0.969204,0.650296,0.3189079999999999,0,1,-1,L,0,9,24,15,0.05,False,False,Normal,False,0,0,0,0.21064467105263163,-0.7681163514232767,-0.8479592371133732,1.530224,0.8247,1.0,0.2
1920,11729,2019-10-20 16:30:00,Manchester United,Liverpool,home,9,0.791862,1.03212,-0.2402579999999999,1,1,0,D,1,10,25,15,0.219,False,False,Normal,True,1,0,0,0.4902276710526316,-0.9587267430267978,-0.417145643793073,1.2769428,0.8193605999999999,1.0,0.2
1920,11739,2019-10-27 16:30:00,Manchester United,Norwich,away,10,4.51232,0.8924,3.61992,3,1,2,W,3,13,28,15,0.0824,False,False,Normal,False,0,0,1,-1.4398613289473683,3.0400888580403653,-0.5747922958073841,1.0546032,0.8718613999999999,1.0,0.2
1920,11745,2019-11-02 12:30:00,Manchester United,Bournemouth,away,11,0.641129,1.86862,-1.227491,0,1,-1,L,0,13,31,18,0.0816,False,False,Normal,False,0,0,0,0.9838441710526316,-1.120737299790416,0.5266807547896015,1.7370291999999998,0.9585132,1.0,0.2
1920,11761,2019-11-10 14:00:00,Manchester United,Brighton,home,12,3.65299,1.1342,2.51879,3,1,2,W,3,16,34,18,0.0965,False,False,Normal,False,0,0,1,-0.8892963289473683,2.116465419618256,-0.3019683589546754,1.609603,1.2294851999999998,1.0,0.2
1920,11770,2019-11-24 16:30:00,Manchester United,Sheffield United,away,13,1.33065,1.56025,-0.2295999999999998,3,3,0,D,1,17,37,20,0.1098,False,False,Normal,False,0,0,0,0.4848986710526315,-0.3796276482197135,0.1787456124932006,2.1135010000000003,1.1155272,1.4,0.4
1920,11782,2019-12-01 16:30:00,Manchester United,Aston Villa,home,14,1.84804,1.29701,0.5510299999999999,2,2,0,D,1,18,40,22,0.1235,False,False,Normal,False,0,0,0,0.09458367105263166,0.1764724888698972,-0.1182691647487637,2.1857902,1.297518,1.6,0.4
1920,11788,2019-12-04 19:30:00,Manchester United,Tottenham,home,15,1.47683,0.542315,0.934515,2,1,1,W,3,21,43,22,0.143,False,False,Normal,False,1,0,1,-0.09715882894736844,-0.2225107382683048,-0.9697946445794292,2.3970258,1.350496,1.6,0.4
1920,11797,2019-12-07 17:30:00,Manchester United,Manchester City,away,16,1.63385,2.07108,-0.4372299999999998,2,1,1,W,3,24,46,22,0.3176,False,False,Normal,True,1,0,1,0.5887136710526315,-0.0537428001059695,0.7551172074579198,1.7899277999999998,1.280479,1.6,0.4
1920,11809,2019-12-15 14:00:00,Manchester United,Everton,home,17,1.48327,0.276759,1.206511,1,1,0,D,1,25,49,24,0.1972,False,False,Normal,False,0,0,0,-0.23315682894736844,-0.2155889097001897,-1.269422574169412,1.988472,1.320971,2.2,0.6
1920,11821,2019-12-22 14:00:00,Manchester United,Watford,away,18,1.5309,1.59291,-0.0620100000000001,0,2,-2,L,0,25,52,27,0.2151,False,False,Normal,False,0,0,0,0.40110367105263167,-0.1643953235667544,0.2155960251384012,1.554528,1.1494828,1.8,0.4
1920,11829,2019-12-26 17:30:00,Manchester United,Newcastle United,home,19,1.99638,1.05018,0.9462000000000002,4,1,3,W,3,28,55,27,0.2582,False,False,Normal,False,0,0,1,-0.10300132894736846,0.3359110059186862,-0.3967684713383174,1.594578,1.1560148,1.6,0.4
1920,11835,2019-12-28 19:45:00,Manchester United,Burnley,away,20,2.10542,0.386662,1.718758,2,0,2,W,3,31,58,27,0.2913,False,False,Normal,False,0,0,1,-0.4892803289473684,0.4531091716123626,-1.145418566179655,1.624246,1.1066488,2.0,0.6
1920,11844,2020-01-01 20:00:00,Manchester United,Arsenal,away,21,0.715563,1.90747,-1.191907,0,2,-2,L,0,31,61,30,0.4689,False,False,Normal,True,1,0,0,0.9660521710526316,-1.0407342892874527,0.5705153699539016,1.749964,1.0755182,2.0,0.6
1920,11862,2020-01-11 15:00:00,Manchester United,Norwich,home,22,3.13456,0.275987,2.858573,4,0,4,W,3,34,64,30,0.352,False,False,Normal,False,0,0,1,-1.0591878289473684,1.5592474717039804,-1.2702936249520849,1.5663066,1.0427962000000002,1.4,0.4
1920,11865,2020-01-19 16:30:00,Manchester United,Liverpool,away,23,1.4185,2.00655,-0.5880499999999997,0,2,-2,L,0,34,67,33,0.5345,True,True,High Stakes,True,1,0,0,0.6641236710526315,-0.2852048780785776,0.6823077424243992,1.8965646,1.0426418,1.8,0.6
1920,11879,2020-01-22 20:15:00,Manchester United,Burnley,home,24,1.416,0.717284,0.6987159999999999,0,2,-2,L,0,34,70,36,0.405,False,False,Normal,False,0,0,0,0.020740671052631665,-0.2878919233301752,-0.7723764005464201,1.8740846,1.1253698,1.8,0.6
1920,11888,2020-02-01 17:30:00,Manchester United,Wolverhampton Wanderers,home,25,1.18608,1.54211,-0.35603,0,0,0,D,1,35,73,38,0.432,False,False,Normal,False,0,0,0,0.5481136710526316,-0.5350141010290934,0.1582781757086345,1.7580085999999997,1.0587906,1.2,0.4
1920,11896,2020-02-17 20:00:00,Manchester United,Chelsea,away,26,0.681814,0.940204,-0.25839,2,0,2,W,3,38,76,38,0.7217,True,True,High Stakes,True,1,0,1,0.49929367105263167,-1.077008325365918,-0.5208548455290264,1.5741406,1.2898802000000005,0.8,0.2
1920,11910,2020-02-23 14:00:00,Manchester United,Watford,home,27,2.5042,0.294956,2.209244,3,0,3,W,3,41,79,38,0.5231,True,False,Normal,False,0,0,1,-0.7345233289473684,0.8817251337851819,-1.2488908240498555,1.5673908,1.0964269999999998,1.4,0.4
1920,11916,2020-03-01 14:00:00,Manchester United,Everton,away,28,1.12561,2.41259,-1.2869799999999998,1,1,0,D,1,42,79,37,0.5454,True,True,High Stakes,False,0,0,0,1.0135886710526316,-0.6000083515747336,1.140444348378385,1.4413188,1.1002208,1.4,0.4
1920,11932,2020-03-08 16:30:00,Manchester United,Manchester City,home,29,1.7389,0.585469,1.153431,2,0,2,W,3,45,82,37,0.7135,True,True,High Stakes,True,1,1,1,-0.20661682894736833,0.059166841366157,-0.921103808471316,1.3827408,1.1814288,1.6,0.4
1920,11936,2020-06-19 19:15:00,Manchester United,Tottenham,away,30,1.77307,0.534852,1.2382179999999998,1,1,0,D,1,46,83,37,0.5292,True,False,Normal,False,1,1,0,-0.24901032894736835,0.0958933758649916,-0.9782151782466408,1.4473208,1.1550657999999998,2.2,0.6
1920,11950,2020-06-24 17:00:00,Manchester United,Sheffield United,home,31,2.8416,0.108082,2.733518,3,0,3,W,3,49,86,37,0.5303,True,False,Normal,False,0,1,1,-0.9966603289473684,1.24436876094078,-1.4597415286628128,1.5647188,0.9536142,2.2,0.6
1920,11956,2020-06-30 19:15:00,Manchester United,Brighton,away,32,1.20903,0.31013,0.8989,3,0,3,W,3,52,86,34,0.622,True,True,High Stakes,False,0,1,1,-0.0793513289473684,-0.5103470256194285,-1.231769937293019,1.996676,0.7871897999999999,2.2,0.6
1920,11967,2020-07-04 14:00:00,Manchester United,Bournemouth,home,33,2.63259,1.52161,1.11098,5,2,3,W,3,55,89,34,0.6246,True,True,High Stakes,False,0,1,1,-0.18539132894736843,1.0197210297262227,0.1351479411946536,1.737642,0.7902245999999999,2.2,0.6
1920,11974,2020-07-09 19:15:00,Manchester United,Aston Villa,away,34,2.86531,0.598873,2.266437,3,0,3,W,3,58,92,34,0.6679,True,True,High Stakes,False,0,1,1,-0.7631198289473684,1.2698526981069302,-0.9059800200115404,2.039038,0.6120286,2.6,0.8
1920,11987,2020-07-13 19:00:00,Manchester United,Southampton,home,35,1.5033,1.8051,-0.3017999999999998,2,2,0,D,1,59,93,34,0.7266,True,True,High Stakes,False,0,1,0,0.5209986710526315,-0.1940603031443906,0.4550108769199404,2.26432,0.6147094000000001,2.6,0.8
1920,11996,2020-07-16 19:15:00,Manchester United,Crystal Palace,away,36,1.90448,0.572141,1.332339,2,0,2,W,3,62,93,31,0.7358,True,True,High Stakes,False,0,1,1,-0.29607082894736836,0.2371352224699622,-0.9361418458177712,2.210366,0.8687590000000001,2.6,0.8
1920,12007,2020-07-22 17:00:00,Manchester United,West Ham,home,37,0.984161,1.29009,-0.305929,1,1,0,D,1,63,96,33,0.6196,True,True,High Stakes,False,0,1,0,0.5230631710526317,-0.7520402970920192,-0.1260770292773855,2.022942,0.9615708000000002,2.6,0.8
1920,12018,2020-07-26 15:00:00,Manchester United,Leicester,away,38,1.41019,0.754668,0.655522,2,0,2,W,3,66,99,33,0.5,True,False,Normal,False,0,1,1,0.04233767105263159,-0.2941366164948877,-0.7301958792259005,1.9779682,1.1575628,2.2,0.6
2021,14098,2020-09-19 16:30:00,Manchester United,Crystal Palace,home,1,1.09737,1.91456,-0.8171900000000001,1,3,-2,L,0,0,3,3,0.015,False,False,Normal,False,0,0,0,0.6882560263157895,-0.630361214736779,0.578515046183371,,,,
2021,14106,2020-09-26 11:30:00,Manchester United,Brighton,away,2,1.57583,2.97659,-1.4007599999999998,3,2,1,W,3,3,6,3,0.0209,False,False,Normal,False,0,0,1,0.9800410263157894,-0.1161037463050441,1.7768078735435118,,,,
2021,14471,2020-10-04 15:30:00,Manchester United,Tottenham,home,3,0.873435,3.3017,-2.428265,1,6,-5,L,0,3,9,6,0.0215,False,False,Normal,False,1,0,0,1.4937935263157893,-0.8710506061033729,2.1436308268527924,,,,
2021,14481,2020-10-17 19:00:00,Manchester United,Newcastle United,away,4,2.21729,0.867496,1.3497940000000002,4,1,3,W,3,6,12,6,0.0261,False,False,Normal,False,0,0,1,-0.3952359736842106,0.5733490725308473,-0.6028915816774414,1.1822116666666669,2.73095,1.0,0.3333333333333333
2021,14491,2020-10-24 16:30:00,Manchester United,Chelsea,home,5,0.648427,0.219906,0.428521,0,0,0,D,1,7,13,6,0.1816,False,False,Normal,True,1,0,0,0.06540052631578952,-1.1128932772919526,-1.3335700484534776,1.44098125,2.2650865,1.5,0.5
2021,14500,2020-11-01 16:30:00,Manchester United,Arsenal,home,6,0.394113,0.998072,-0.6039589999999999,0,1,-1,L,0,7,13,6,0.1883,False,False,Normal,True,1,0,0,0.5816405263157896,-1.3862345677378585,-0.4555621425604883,1.2824704,1.8560504,1.4,0.4
2021,14509,2020-11-07 12:30:00,Manchester United,Everton,away,7,1.59642,0.376464,1.2199559999999998,3,1,2,W,3,10,16,6,0.0463,False,False,Normal,False,0,0,1,-0.3303169736842105,-0.0939732416128873,-1.1569250116222685,1.141819,1.6727528,1.4,0.4
2021,14520,2020-11-21 20:00:00,Manchester United,West Bromwich Albion,home,8,2.42994,0.438646,1.9912940000000003,1,0,1,W,3,13,18,5,0.0565,False,False,Normal,False,0,0,1,-0.7159859736842107,0.8019091416317302,-1.0867648046686906,1.145937,1.1527276,1.4,0.4
2021,14534,2020-11-29 14:00:00,Manchester United,Southampton,away,9,2.47547,0.498783,1.976687,3,2,1,W,3,16,20,4,0.0688,False,False,Normal,False,0,0,1,-0.7086824736842106,0.8508456097538236,-1.018911979645898,1.457238,0.5801168000000001,2.0,0.6
2021,14544,2020-12-05 17:30:00,Manchester United,West Ham,away,10,1.78708,2.53006,-0.7429800000000002,3,1,2,W,3,19,21,2,0.0846,False,False,Normal,False,0,0,1,0.6511510263157896,0.110951577454944,1.2729862336641078,1.508874,0.5063742,2.0,0.6
2021,14549,2020-12-12 17:30:00,Manchester United,Manchester City,home,11,0.591617,1.28434,-0.6927230000000001,0,0,0,D,1,20,24,4,0.2489,False,False,Normal,True,1,0,0,0.6260225263157896,-1.173953693589254,-0.1325647779825263,1.7366046000000002,0.968405,2.4,0.8
2021,14560,2020-12-17 20:00:00,Manchester United,Sheffield United,away,12,1.78667,1.23525,0.55142,3,2,1,W,3,23,25,2,0.121,False,False,Normal,False,0,0,1,0.003951026315789474,0.110510902033682,-0.1879532273625904,1.7761053999999998,1.0256586,2.6,0.8
2021,14570,2020-12-20 16:30:00,Manchester United,Leeds,home,13,4.77743,1.63467,3.14276,6,2,4,W,3,26,28,2,0.1438,False,False,Normal,False,0,0,1,-1.2917189736842105,3.32503388470077,0.2627140052995638,1.8141554,1.1974158,2.6,0.8
2021,14579,2020-12-26 12:30:00,Manchester United,Leicester,away,14,2.08423,1.0396,1.0446299999999995,2,2,0,D,1,27,31,4,0.1655,False,False,Normal,False,0,0,0,-0.24265397368421038,0.4303337760598219,-0.4087059289557765,2.2836534,1.4366206,2.6,0.8
2021,14592,2020-12-29 20:00:00,Manchester United,Wolverhampton Wanderers,home,15,1.48207,0.411046,1.071024,1,0,1,W,3,30,32,2,0.2002,False,False,Normal,False,0,0,1,-0.2558509736842105,-0.2168786914209566,-1.117905998453367,2.2054054,1.5447840000000002,2.2,0.6
2021,14596,2021-01-01 20:00:00,Manchester United,Aston Villa,home,16,2.46473,1.56434,0.9003899999999998,2,1,1,W,3,33,33,0,0.2409,False,False,Normal,False,0,0,1,-0.17053397368421042,0.8393020633529605,0.1833603763547706,2.1444034000000003,1.1209812,2.2,0.6
2021,14088,2021-01-12 22:15:00,Manchester United,Burnley,away,17,1.23996,0.648582,0.591378,1,0,1,W,3,36,36,0,0.2799,False,False,Normal,False,0,0,1,-0.016027973684210495,-0.4771029017666643,-0.8498931503795665,2.519026,1.1769812000000002,2.6,0.8
2021,14620,2021-01-17 16:30:00,Manchester United,Liverpool,away,18,1.18929,1.20205,-0.0127600000000001,0,0,0,D,1,37,38,1,0.4675,False,False,Normal,True,1,0,0,0.28604102631578954,-0.5315639349260424,-0.2254129242340126,2.409684,1.0596476,2.6,0.8
2021,14607,2021-01-20 20:15:00,Manchester United,Fulham,away,19,1.68401,0.753669,0.930341,2,1,1,W,3,40,41,1,0.3626,False,False,Normal,False,0,0,1,-0.1855094736842105,0.0001700758220825,-0.731323055044411,1.6920559999999998,0.9731236000000004,2.2,0.6
2021,14628,2021-01-27 20:15:00,Manchester United,Sheffield United,home,20,0.9931,0.689548,0.3035519999999999,1,2,-1,L,0,40,44,4,0.3884,False,False,Normal,False,0,0,0,0.12788502631578952,-0.7424324980904072,-0.8036710436917747,1.612012,0.9159374,2.6,0.8
2021,14635,2021-01-30 17:30:00,Manchester United,Arsenal,away,21,1.51332,0.747166,0.766154,0,0,0,D,1,41,47,6,0.5665,True,False,Normal,True,1,0,0,-0.10341597368421052,-0.1832906257759879,-0.7386604167538948,1.5142179999999998,0.9716378000000002,2.0,0.6
2021,14651,2021-02-02 20:15:00,Manchester United,Southampton,home,22,5.0325,0.507893,4.524607,9,0,9,W,3,44,50,6,0.4592,False,False,Normal,False,0,0,1,-1.9826424736842103,3.599187737630759,-1.0086331290887092,1.323936,0.8082030000000001,1.6,0.4
2021,14660,2021-02-06 20:00:00,Manchester United,Everton,home,23,1.71769,1.5571,0.16059,3,3,0,D,1,45,53,8,0.4769,False,False,Normal,False,0,0,0,0.19936602631578948,0.0363699494516039,0.175191454506906,2.082444,0.7800652000000001,1.6,0.4
2021,14673,2021-02-14 14:00:00,Manchester United,West Bromwich Albion,away,24,0.423885,0.945964,-0.522079,1,1,0,D,1,46,56,10,0.4846,False,False,Normal,False,0,0,0,0.5407005263157895,-1.354235083245634,-0.5143558137826592,2.188124,0.8510752,1.6,0.4
2021,14681,2021-02-21 19:00:00,Manchester United,Newcastle United,home,25,1.7256,0.341778,1.383822,3,1,2,W,3,49,59,10,0.512,True,False,Normal,False,0,0,1,-0.4122499736842105,0.0448717606276584,-1.196061368419924,1.936099,0.8895342000000002,1.2,0.2
2021,14685,2021-02-28 16:30:00,Manchester United,Chelsea,away,26,0.35954,1.17294,-0.8134000000000001,0,0,0,D,1,50,62,12,0.6748,True,True,High Stakes,True,1,0,0,0.6863610263157895,-1.4233942539312503,-0.2582578572438652,2.082599,0.8199802,1.8,0.4
2021,14717,2021-03-03 20:15:00,Manchester United,Crystal Palace,away,27,0.584016,0.742397,-0.158381,0,0,0,D,1,51,65,14,0.5548,True,False,Normal,False,0,0,0,0.3588515263157894,-1.182123385972211,-0.7440412991147326,1.851843,0.905135,1.8,0.4
2021,14700,2021-03-07 16:30:00,Manchester United,Manchester City,away,28,2.11411,1.27561,0.8385000000000002,2,0,2,W,3,54,65,11,0.7135,True,True,High Stakes,True,1,0,1,-0.13958897368421064,0.4624493409069155,-0.1424148729731143,0.9621462,0.9520358000000002,1.4,0.2
2021,14711,2021-03-14 19:15:00,Manchester United,West Ham,home,29,1.70128,0.463737,1.2375429999999998,1,0,1,W,3,57,68,11,0.5844,True,True,High Stakes,False,0,1,1,-0.33911047368421043,0.0187321844201179,-1.058454525927701,1.0414302,0.8957378000000003,1.8,0.4
2021,14731,2021-04-04 18:30:00,Manchester United,Brighton,home,30,1.73474,1.41071,0.32403,2,1,1,W,3,60,71,11,0.6254,True,True,High Stakes,False,0,1,1,0.11764602631578946,0.0546955980674988,0.0100190139946313,1.2969092000000002,0.7992924000000001,2.2,0.6
2021,14742,2021-04-11 15:30:00,Manchester United,Tottenham,away,31,2.09737,0.921801,1.1755690000000003,3,1,2,W,3,63,74,11,0.6419,True,True,High Stakes,False,1,1,1,-0.3081234736842106,0.4444568859022187,-0.5416190262978453,1.2987372,1.0130788000000002,2.2,0.6
2021,14751,2021-04-18 15:00:00,Manchester United,Burnley,home,32,2.87455,0.959804,1.914746,3,1,2,W,3,66,74,8,0.6875,True,True,High Stakes,False,0,1,1,-0.6777119736842105,1.279784017356835,-0.4987400847254157,1.6463031999999995,0.962851,2.6,0.8
2021,14758,2021-04-25 13:00:00,Manchester United,Leeds,away,33,1.11635,0.216834,0.899516,0,0,0,D,1,67,77,10,0.5856,True,True,High Stakes,False,0,1,0,-0.1700969736842105,-0.6099611671866508,-1.337036198718207,2.10441,1.0063324000000002,3.0,1.0
2021,14776,2021-05-09 13:05:00,Manchester United,Aston Villa,away,34,1.88793,0.565472,1.322458,3,1,2,W,3,70,80,10,0.5725,True,False,Normal,False,0,1,1,-0.3815679736842106,0.219346982904387,-0.943666506011612,1.904858,0.7945772000000001,2.6,0.8
2021,14788,2021-05-11 17:00:00,Manchester United,Leicester,home,35,0.212874,0.991522,-0.778648,1,2,-1,L,0,70,80,10,0.545,True,False,Normal,False,0,1,0,0.6689850263157895,-1.5810335254795698,-0.4629525345637357,1.942188,0.8149242000000001,2.6,0.8
2021,14770,2021-05-13 19:15:00,Manchester United,Liverpool,home,36,1.71328,2.938,-1.2247200000000005,2,4,-2,L,0,70,83,13,0.8041,True,True,High Stakes,True,1,1,0,0.8920210263157896,0.0316300016277859,1.733266617451097,1.6378148000000003,0.7310866,2.0,0.6
2021,14800,2021-05-18 17:00:00,Manchester United,Fulham,home,37,0.92243,0.872643,0.049787,1,1,0,D,1,71,83,12,0.7436,True,True,High Stakes,False,0,1,0,0.25476752631578947,-0.8183898932625652,-0.5970842003582484,1.5609968,1.1343264000000002,1.4,0.4
2021,14814,2021-05-23 15:00:00,Manchester United,Wolverhampton Wanderers,away,38,2.05229,0.701256,1.3510340000000003,2,1,1,W,3,74,86,12,0.575,True,True,High Stakes,False,0,1,1,-0.3958559736842106,0.3960040859254127,-0.7904608590239851,1.1705728,1.1168942000000002,1.0,0.2
2122,16377,2021-08-14 11:30:00,Manchester United,Leeds,home,1,1.64248,0.568342,1.074138,5,1,4,W,3,3,3,0,0.0154,False,False,Normal,False,0,0,1,-0.5322975789473685,-0.044467119897455,-0.9404282731796548,,,,
2122,16392,2021-08-22 13:00:00,Manchester United,Southampton,away,2,2.26173,0.587526,1.674204,1,1,0,D,1,4,6,2,0.0184,False,False,Normal,False,0,0,0,-0.8323305789473685,0.6211139889232442,-0.9187828868910594,,,,
2122,16405,2021-08-29 15:30:00,Manchester United,Wolverhampton Wanderers,away,3,0.944083,1.79575,-0.851667,1,0,1,W,3,7,9,2,0.0224,False,False,Normal,False,0,0,1,0.4306049210526315,-0.7951168569294289,0.44446123337332,,,,
2122,16410,2021-09-11 14:00:00,Manchester United,Newcastle United,home,4,2.77326,0.622042,2.151218,4,1,3,W,3,10,10,0,0.0277,False,False,Normal,False,0,0,1,-1.0708375789473685,1.1709156919431107,-0.8798383417942517,1.6160976666666669,0.9838726666666666,2.333333333333333,0.6666666666666666
2122,16424,2021-09-19 13:00:00,Manchester United,West Ham,away,5,1.8954,1.6671,0.2282999999999999,2,1,1,W,3,13,13,0,0.0336,False,False,Normal,False,0,0,1,-0.10937857894736847,0.2273758741161602,0.2993049079965585,1.90538825,0.893415,2.5,0.75
2122,16431,2021-09-25 11:30:00,Manchester United,Aston Villa,home,6,1.9251,1.57249,0.3526100000000001,0,1,-1,L,0,13,14,1,0.0404,False,False,Normal,False,0,0,0,-0.17153357894736854,0.2592979717051385,0.192556054954231,1.9033906000000005,1.048152,2.6,0.8
2122,16442,2021-10-02 11:30:00,Manchester United,Everton,home,7,1.0496,1.32211,-0.2725099999999998,1,1,0,D,1,14,16,2,0.0483,False,False,Normal,False,0,0,0,0.1410264210526314,-0.6817052754043037,-0.0899487312706704,1.9599146,1.2489816,2.0,0.6
2122,16450,2021-10-16 14:00:00,Manchester United,Leicester,away,8,1.02494,2.96611,-1.94117,2,4,-2,L,0,14,19,5,0.0565,False,False,Normal,False,0,0,0,0.9753564210526315,-0.7082102897660616,1.764983246338316,1.7174886,1.3958984,2.0,0.6
2122,16463,2021-10-24 15:30:00,Manchester United,Liverpool,home,9,1.35584,4.04765,-2.6918100000000003,0,5,-5,L,0,14,22,8,0.2254,False,False,Normal,True,1,0,0,1.3506764210526314,-0.3525529802646173,2.9852892871310304,1.73366,1.6299704,1.4,0.4
2122,16473,2021-10-30 16:30:00,Manchester United,Tottenham,away,10,1.38612,1.15787,0.22825,3,0,3,W,3,17,25,8,0.0904,False,False,Normal,False,1,0,1,-0.10935357894736852,-0.3200074881772684,-0.2752614003719477,1.450176,2.315092,0.8,0.2
2122,16483,2021-11-06 12:30:00,Manchester United,Manchester City,home,11,0.759561,2.04202,-1.2824589999999998,0,2,-2,L,0,17,26,9,0.2427,False,False,Normal,True,1,0,0,0.6460009210526314,-0.993444442495538,0.722328689654199,1.34832,2.2132460000000003,0.8,0.2
2122,16494,2021-11-20 15:00:00,Manchester United,Watford,away,12,1.66794,2.73393,-1.06599,1,4,-3,L,0,17,29,12,0.1057,False,False,Normal,False,0,0,0,0.5377664210526315,-0.0171022510551861,1.5030135951453387,1.1152121999999998,2.307152,0.8,0.2
2122,16500,2021-11-28 16:30:00,Manchester United,Chelsea,away,13,0.563367,2.34525,-1.781883,1,1,0,D,1,18,30,12,0.2749,False,False,Normal,True,1,0,0,0.8957129210526316,-1.2043173049323057,1.0644643487602654,1.2388802,2.589516,0.6,0.2
2122,16512,2021-12-02 20:15:00,Manchester United,Arsenal,home,14,1.85597,1.16638,0.6895899999999999,3,2,1,W,3,21,33,12,0.3189,False,False,Normal,True,1,0,1,-0.34002357894736845,0.1849957964079644,-0.2656595322883391,1.1465656,2.4653439999999995,0.8,0.2
2122,16519,2021-12-05 14:00:00,Manchester United,Crystal Palace,home,15,0.870376,0.520593,0.349783,1,0,1,W,3,24,35,11,0.1744,False,False,Normal,False,0,0,1,-0.17012007894736852,-0.8743384746732275,-0.9943036667312676,1.2465916,1.88909,1.4,0.4
2122,16535,2021-12-11 17:30:00,Manchester United,Norwich,away,16,2.09817,0.986107,1.112063,1,0,1,W,3,27,38,11,0.2025,False,False,Normal,False,0,0,1,-0.5512600789473685,0.4453167403827298,-0.4690623013877946,1.1434428,1.7616345999999996,1.4,0.4
2122,16561,2021-12-27 20:00:00,Manchester United,Newcastle United,away,17,1.75587,1.26586,0.49001,1,1,0,D,1,28,41,13,0.2248,False,False,Normal,False,0,0,0,-0.24023357894736852,0.0774065045340009,-0.153415838168788,1.4111646,1.550452,2.0,0.6
2122,16574,2021-12-30 20:15:00,Manchester United,Burnley,home,18,1.80776,0.871738,0.936022,3,1,2,W,3,31,44,13,0.2561,False,False,Normal,False,0,0,1,-0.4632395789473685,0.1331788157761585,-0.5981053155892314,1.4287506,1.256838,2.2,0.6
2122,16583,2022-01-03 17:30:00,Manchester United,Wolverhampton Wanderers,home,19,0.768752,0.840925,-0.072173,0,1,-1,L,0,31,47,16,0.2704,False,False,Normal,False,0,0,0,0.04085792105263153,-0.983565789332565,-0.6328717505199283,1.6776292000000002,0.9621356,2.6,0.8
2122,16586,2022-01-15 17:30:00,Manchester United,Aston Villa,away,20,1.35378,1.82784,-0.4740599999999999,2,2,0,D,1,32,50,18,0.2913,False,False,Normal,False,0,0,0,0.24180142105263147,-0.3547671055519336,0.4806685126686195,1.4601856,0.8970445999999999,2.0,0.6
2122,16537,2022-01-19 20:00:00,Manchester United,Brentford,away,21,2.05969,2.081,-0.0213100000000001,3,1,2,W,3,35,53,18,0.3384,False,False,Normal,False,0,0,1,0.01542642105263159,0.4039577398701409,0.7663099843544413,1.5568664,1.158494,1.6,0.4
2122,16603,2022-01-22 15:00:00,Manchester United,West Ham,home,22,1.75857,0.238027,1.520543,1,0,1,W,3,38,56,18,0.3826,False,False,Normal,False,0,0,1,-0.7555000789473685,0.0803085134057261,-1.3131240494472414,1.5491704,1.3774726000000002,1.6,0.4
2122,16608,2022-02-08 20:00:00,Manchester United,Burnley,away,23,1.83387,0.772721,1.061149,1,1,0,D,1,39,57,18,0.4024,False,False,Normal,False,0,0,0,-0.5258030789473684,0.1612423163838426,-0.7098266049000033,1.5497104,1.171906,2.0,0.6
2122,16621,2022-02-12 12:30:00,Manchester United,Southampton,home,24,2.99207,0.677386,2.314684,1,1,0,D,1,40,60,20,0.4154,False,False,Normal,False,0,0,0,-1.1525705789473686,1.4060966405439297,-0.8173934784312397,1.5549323999999998,1.1521026,1.6,0.4
2122,16549,2022-02-15 20:15:00,Manchester United,Brighton,home,25,2.74936,1.26179,1.4875699999999998,2,0,2,W,3,43,63,20,0.444,False,False,Normal,False,0,0,1,-0.7390135789473684,1.1452275393378384,-0.1580080359479052,1.999596,1.1193948,1.8,0.4
2122,16630,2022-02-20 14:00:00,Manchester United,Leeds,away,26,2.60999,1.74476,0.8652299999999997,4,2,2,W,3,46,63,17,0.4695,False,True,High Stakes,False,0,0,1,-0.42784357894736835,0.9954301406517811,0.3869290061602531,2.278712,1.0061848,2.2,0.6
2122,16643,2022-02-26 15:00:00,Manchester United,Watford,home,27,2.41457,0.437185,1.977385,0,0,0,D,1,47,66,19,0.5072,True,True,High Stakes,False,0,0,0,-0.9839210789473685,0.7853891874249085,-1.088413256991858,2.388772,0.9389368,2.2,0.6
2122,16650,2022-03-06 16:30:00,Manchester United,Manchester City,away,28,0.361782,2.74434,-2.382558,1,4,-3,L,0,47,69,22,0.6226,True,True,High Stakes,True,1,0,0,1.1960504210526315,-1.4209845117496178,1.51475924106195,2.519972,0.9787684,1.8,0.4
2122,16663,2022-03-12 17:30:00,Manchester United,Tottenham,home,29,1.0181,1.62374,-0.60564,3,2,1,W,3,50,70,20,0.5427,True,True,High Stakes,False,1,1,1,0.3075914210526315,-0.7155620455744323,0.2503816412391828,2.2255544,1.3730922,1.6,0.4
2122,16679,2022-04-02 16:30:00,Manchester United,Leicester,home,30,0.902127,1.07638,-0.1742529999999998,1,1,0,D,1,51,73,22,0.5773,True,True,High Stakes,False,0,1,0,0.09189792105263145,-0.8402119251598387,-0.3672069033253275,1.8307604,1.562363,2.0,0.6
2122,16692,2022-04-09 11:30:00,Manchester United,Everton,away,31,0.762357,0.357295,0.405062,0,1,-1,L,0,51,74,23,0.5024,True,True,High Stakes,False,0,1,0,-0.1977595789473685,-0.9904392510861516,-1.1785534733490246,1.4613138,1.525281,1.6,0.4
2122,16702,2022-04-16 14:00:00,Manchester United,Norwich,home,32,1.66737,1.79754,-0.1301699999999999,3,2,1,W,3,54,77,23,0.5893,True,True,High Stakes,False,0,1,1,0.06985642105263146,-0.0177148973725503,0.4464808977528334,1.0917872,1.247788,1.0,0.2
2122,16669,2022-04-19 19:00:00,Manchester United,Liverpool,away,33,0.110227,2.25967,-2.149443,0,4,-4,L,0,54,80,26,0.6185,True,True,High Stakes,True,1,1,0,1.0794929210526314,-1.691360379055861,0.9679040819453156,0.9423472,1.5198589999999998,1.4,0.4
2122,16715,2022-04-23 11:30:00,Manchester United,Arsenal,away,34,2.04244,2.54173,-0.4992899999999998,1,3,-2,L,0,54,83,29,0.5635,True,True,High Stakes,True,1,1,0,0.2544164210526314,0.3854171276341184,1.2861535427752369,0.8920362000000001,1.422925,1.4,0.4
2122,16742,2022-04-28 18:45:00,Manchester United,Chelsea,home,35,0.618456,2.46868,-1.850224,1,1,0,D,1,55,86,31,0.5133,True,True,High Stakes,True,1,1,0,0.9298834210526314,-1.1451066505862038,1.2037309266168816,1.0969042,1.606523,0.8,0.2
2122,16722,2022-05-02 19:00:00,Manchester United,Brentford,home,36,1.84111,0.681425,1.159685,3,0,3,W,3,58,89,31,0.3761,False,False,Normal,False,0,1,1,-0.5750710789473685,0.1690239994324691,-0.8128362580799242,1.04017,1.884983,0.8,0.2
2122,16733,2022-05-07 16:30:00,Manchester United,Brighton,away,37,0.930715,2.82636,-1.895645,0,4,-4,L,0,58,90,32,0.3305,False,False,Normal,False,0,1,0,0.9525939210526316,-0.8094850252987711,1.607302745200326,1.2559206,1.949809,1.4,0.4
2122,16751,2022-05-22 15:00:00,Manchester United,Crystal Palace,away,38,0.782005,0.354618,0.4273869999999999,0,1,-1,L,0,58,93,35,0.1667,False,False,Normal,False,0,1,0,-0.20892207894736853,-0.9693212250447965,-1.1815739434853134,1.1085896,2.155573,0.8,0.2
2223,18209,2022-08-07 13:00:00,Manchester United,Brighton,home,1,1.42103,1.7289,-0.3078700000000001,1,2,-1,L,0,0,3,3,0.015,False,False,Normal,False,0,0,0,0.4383236710526317,-0.282485588283961,0.3690341027752906,,,,
2223,18218,2022-08-13 16:30:00,Manchester United,Brentford,away,2,0.896038,1.38785,-0.491812,0,4,-4,L,0,0,6,6,0.0204,False,False,Normal,False,0,0,0,0.5302946710526317,-0.8467564925746296,-0.0157740182487635,,,,
2223,18231,2022-08-22 19:00:00,Manchester United,Liverpool,home,3,2.01764,1.52301,0.4946300000000001,2,1,1,W,3,3,9,6,0.1747,False,False,Normal,True,1,0,1,0.037073671052631596,0.3587616387382714,0.1367275669663402,,,,
2223,18232,2022-08-27 11:30:00,Manchester United,Southampton,away,4,1.34359,1.35887,-0.0152799999999999,1,0,1,W,3,6,12,6,0.0261,False,False,Normal,False,0,0,1,0.29202867105263164,-0.3657195019974449,-0.0484722717226737,1.444902666666667,1.5465866666666666,1.0,0.3333333333333333
2223,18251,2022-09-01 19:00:00,Manchester United,Leicester,away,5,1.09969,0.615266,0.4844240000000001,1,0,1,W,3,9,15,6,0.0316,False,False,Normal,False,0,0,1,0.04217667105263162,-0.6278676367432964,-0.8874837305292144,1.4195745,1.4996575,1.5,0.5
2223,18261,2022-09-04 15:30:00,Manchester United,Arsenal,home,6,2.02904,1.42238,0.6066600000000002,3,1,2,W,3,12,15,3,0.1895,False,False,Normal,True,1,0,1,-0.01894132894736844,0.371014565085556,0.0231863231057609,1.3555976,1.3227792,1.8,0.6
2223,18289,2022-10-02 13:00:00,Manchester United,Manchester City,away,7,1.71335,3.01103,-1.29768,3,6,-3,L,0,12,18,6,0.1963,False,False,Normal,True,1,0,0,0.9332286710526316,0.0317052388948306,1.8156666675269992,1.4771996,1.2614752,2.4,0.8
2223,18297,2022-10-09 18:00:00,Manchester United,Everton,away,8,1.82612,0.365844,1.460276,2,1,1,W,3,15,21,6,0.0558,False,False,Normal,False,0,0,1,-0.4457493289473683,0.1529124761038904,-1.1689076014046331,1.640662,1.5861112,2.4,0.8
2223,18308,2022-10-16 13:00:00,Manchester United,Newcastle United,home,9,1.41606,0.78815,0.6279100000000001,0,0,0,D,1,16,24,8,0.0656,False,False,Normal,False,0,0,0,-0.02956632894736838,-0.2878274342441367,-0.6924180005918955,1.602358,1.354678,2.4,0.8
2223,18321,2022-10-19 19:15:00,Manchester United,Tottenham,home,10,1.70973,0.658526,1.051204,2,0,2,W,3,19,27,8,0.0786,False,False,Normal,False,1,0,1,-0.24121332894736836,0.0278143973705175,-0.838673294184102,1.6168520000000002,1.2405339999999998,2.0,0.6
2223,18323,2022-10-22 15:30:00,Manchester United,Chelsea,away,11,0.730935,1.20238,-0.471445,1,1,0,D,1,20,28,8,0.2439,False,False,Normal,True,1,0,0,0.5201111710526316,-1.02421218544443,-0.2250405838735437,1.73886,1.249186,2.0,0.6
2223,18340,2022-10-30 16:15:00,Manchester United,West Ham,home,12,1.7514,1.00033,0.7510700000000001,1,0,1,W,3,23,31,8,0.1118,False,False,Normal,False,0,0,1,-0.0911463289473684,0.0726020676241446,-0.4530144318515826,1.479239,1.205186,1.6,0.4
2223,18342,2022-11-06 14:00:00,Manchester United,Aston Villa,away,13,0.517189,0.578563,-0.061374,1,3,-2,L,0,23,34,11,0.1268,False,False,Normal,False,0,0,0,0.3150756710526316,-1.253950255183613,-0.9288958767422208,1.486849,0.8030459999999999,2.2,0.6
2223,18354,2022-11-13 16:30:00,Manchester United,Fulham,away,14,3.37664,1.70218,1.67446,2,1,1,W,3,26,37,11,0.1492,False,False,Normal,False,0,0,1,-0.5528413289473684,1.819439437506669,0.3388858166185313,1.2250628,0.8455898,1.6,0.4
2223,18370,2022-12-27 20:00:00,Manchester United,Nottingham Forest,home,15,2.13668,0.477076,1.659604,3,0,3,W,3,29,40,11,0.1744,False,False,Normal,False,0,0,1,-0.5454133289473684,0.4867079854383377,-1.0434040772358966,1.6171788,1.0283958,2.0,0.6
2223,18381,2022-12-31 12:30:00,Manchester United,Wolverhampton Wanderers,away,16,2.44728,0.587672,1.859608,1,0,1,W,3,32,43,11,0.2025,False,False,Normal,False,0,0,1,-0.6454153289473684,0.8205464874968104,-0.918618154489155,1.7025688,0.9921058,2.0,0.6
2223,18390,2023-01-03 20:00:00,Manchester United,Bournemouth,home,17,2.97383,0.679022,2.294808,3,0,3,W,3,35,44,9,0.2417,False,False,Normal,False,0,0,1,-0.8630153289473683,1.3864919583882742,-0.8155475728866117,2.0458378,0.8691641999999999,2.4,0.8
2223,18397,2023-01-14 12:30:00,Manchester United,Manchester City,home,18,1.98228,0.73695,1.24533,2,1,1,W,3,38,47,9,0.4266,False,False,Normal,True,1,0,1,-0.33827632894736837,0.3207560706996764,-0.7501871716707156,2.2903238000000004,0.8049026000000001,2.4,0.8
2223,18270,2023-01-18 15:30:00,Manchester United,Crystal Palace,away,19,1.39437,0.413339,0.981031,1,1,0,D,1,39,50,11,0.3012,False,False,Normal,False,0,0,0,-0.2061268289473684,-0.3111402388469965,-1.1153187971001692,2.583342,0.83658,3.0,1.0
2223,18402,2023-01-22 16:30:00,Manchester United,Arsenal,away,20,0.272246,2.90273,-2.630484,2,3,-1,L,0,39,50,11,0.4871,False,True,High Stakes,True,1,0,0,1.5996306710526316,-1.5172194252084312,1.6934713310458236,2.186888,0.5788118,2.6,0.8
2223,18417,2023-02-04 15:00:00,Manchester United,Crystal Palace,home,21,2.07035,1.3798,0.69055,2,1,1,W,3,42,51,9,0.3904,False,False,Normal,False,0,0,1,-0.06088632894736834,0.4154153008229527,-0.0248568664359609,1.8140012,1.0639426,2.0,0.6
2223,18279,2023-02-08 19:00:00,Manchester United,Leeds,home,22,2.00007,0.554798,1.445272,2,2,0,D,1,43,51,8,0.4388,False,False,Normal,False,0,0,0,-0.43824732894736834,0.3398770847100441,-0.9557100242165988,1.7386152000000004,1.2223682,2.0,0.6
2223,18426,2023-02-12 14:00:00,Manchester United,Leeds,away,23,1.30375,1.89163,-0.58788,2,0,2,W,3,46,54,8,0.4769,False,False,Normal,False,0,0,1,0.5783286710526316,-0.4085402551269027,0.5526430326513916,1.5438632,1.1975234,1.6,0.4
2223,18437,2023-02-19 14:00:00,Manchester United,Leicester,home,24,4.24663,1.39678,2.84985,3,0,3,W,3,49,57,8,0.5123,True,True,High Stakes,False,0,0,1,-1.1405363289473682,2.75452043688159,-0.0056982624336491,1.4081572,1.4284594,1.6,0.4
2223,18457,2023-03-05 16:30:00,Manchester United,Liverpool,away,25,0.837542,3.44269,-2.605148,0,7,-7,L,0,49,60,11,0.646,True,True,High Stakes,True,1,0,0,1.5869626710526317,-0.9096290521896084,2.3027104251028474,1.9786092,1.6251476,2.0,0.6
2223,18468,2023-03-12 14:00:00,Manchester United,Southampton,home,26,0.910911,1.18053,-0.269619,0,0,0,D,1,50,63,13,0.511,True,True,High Stakes,False,0,0,0,0.4191981710526317,-0.8307707229638257,-0.2496940289530791,2.0916684,1.7331396,2.0,0.6
2223,18489,2023-04-02 15:30:00,Manchester United,Newcastle United,away,27,0.334127,3.33162,-2.997493,0,2,-2,L,0,50,66,16,0.5389,True,True,High Stakes,False,0,0,0,1.7831351710526318,-1.4507086063227892,2.177389686201978,1.8597806,1.6932856,1.6,0.4
2223,18448,2023-04-05 19:00:00,Manchester United,Brentford,home,28,1.1445,0.64499,0.4995100000000001,1,0,1,W,3,53,69,16,0.6063,True,True,High Stakes,False,0,0,1,0.0346336710526316,-0.5797050376536629,-0.853946018788065,1.526592,2.24865,1.4,0.4
2223,18498,2023-04-08 11:30:00,Manchester United,Everton,home,29,4.38578,0.949183,3.4365969999999995,2,0,2,W,3,56,72,16,0.5009,True,True,High Stakes,False,0,1,1,-1.4339098289473682,2.9040813755855064,-0.510723802811903,1.494742,1.999322,1.4,0.4
2223,18507,2023-04-16 15:30:00,Manchester United,Nottingham Forest,away,30,3.33747,1.05289,2.28458,2,0,2,W,3,59,73,14,0.5773,True,True,High Stakes,False,0,1,1,-0.8579013289473684,1.7773388125046394,-0.3937107671659812,1.5225719999999998,1.9098026,1.4,0.4
2223,18525,2023-04-27 19:15:00,Manchester United,Tottenham,away,31,1.96508,2.37239,-0.4073100000000003,2,2,0,D,1,60,74,14,0.5024,True,True,High Stakes,False,1,1,0,0.4880436710526318,0.3022691993686855,1.095086522648531,2.0225576,1.4318426,2.0,0.6
2223,18540,2023-04-30 13:00:00,Manchester United,Aston Villa,home,32,1.3056,0.434738,0.870862,1,0,1,W,3,63,76,13,0.4584,False,False,Normal,False,0,1,1,-0.15104232894736835,-0.4065518416407204,-1.0911742171799412,2.2333914,1.6702146,2.0,0.6
2223,18475,2023-05-04 19:00:00,Manchester United,Brighton,away,33,1.32105,2.09953,-0.7784800000000001,0,1,-1,L,0,63,79,16,0.4424,False,False,Normal,False,0,1,0,0.6736286710526317,-0.3899459019858479,0.7872174597468348,2.427686,1.0908382,2.6,0.8
2223,18550,2023-05-07 18:00:00,Manchester United,West Ham,away,34,1.1942,1.76618,-0.5719800000000002,0,1,-1,L,0,63,82,19,0.5248,True,True,High Stakes,False,0,1,0,0.5703786710526317,-0.5262865780519049,0.4110972804670564,2.462996,1.3817462,2.0,0.6
2223,18560,2023-05-13 14:00:00,Manchester United,Wolverhampton Wanderers,home,35,3.10118,0.268789,2.832391,2,0,2,W,3,66,85,19,0.4844,False,False,Normal,False,0,1,1,-1.1318068289473682,1.5233700435046504,-1.2784151580267988,1.82468,1.5451456,1.4,0.4
2223,18562,2023-05-20 14:00:00,Manchester United,Bournemouth,away,36,1.71783,0.815723,0.902107,1,0,1,W,3,69,88,19,0.4088,False,False,Normal,False,0,1,1,-0.16666482894736834,0.0365204239856934,-0.6613072710185303,1.777422,1.3883254,1.4,0.4
2223,18520,2023-05-25 19:00:00,Manchester United,Chelsea,home,37,4.92231,1.68364,3.2386700000000004,4,1,3,W,3,72,89,17,0.3979,False,False,Normal,True,1,1,1,-1.3349463289473684,3.4807535311213487,0.3179670581849117,1.727972,1.076992,1.8,0.6
2223,18580,2023-05-28 15:30:00,Manchester United,Fulham,home,38,2.74766,1.88167,0.8659900000000003,2,1,1,W,3,75,89,14,0.3333,False,False,Normal,False,0,1,1,-0.14860632894736847,1.1434003485667523,0.5414051235899648,2.451314,1.3267724,1.8,0.6
2324,22284,2023-08-14 19:00:00,Manchester United,Wolverhampton Wanderers,home,1,1.97087,1.72228,0.2485899999999998,1,0,1,W,3,3,3,0,0.0154,False,False,Normal,False,0,0,1,-0.31417576315789464,0.3084923961713853,0.3615647294834587,,,,
2324,22290,2023-08-19 16:30:00,Manchester United,Tottenham,away,2,2.44604,2.53904,-0.0929999999999999,0,2,-2,L,0,3,6,3,0.0182,False,False,Normal,False,1,0,0,-0.14338076315789472,0.8192137130520178,1.283118404685354,,,,
2324,22300,2023-08-26 14:00:00,Manchester United,Nottingham Forest,home,3,3.02803,0.960354,2.067676,3,2,1,W,3,6,9,3,0.0221,False,False,Normal,False,0,0,1,-1.223718763157895,1.444747099442908,-0.4981195174579674,,,,
2324,21934,2023-09-03 15:30:00,Manchester United,Arsenal,away,4,0.966109,1.90973,-0.943621,1,3,-2,L,0,6,12,6,0.1761,False,False,Normal,True,1,0,0,0.28192973684210526,-0.7714429134447544,0.5730653372710526,2.481646666666667,1.740558,2.0,0.6666666666666666
2324,21940,2023-09-16 14:00:00,Manchester United,Brighton,home,5,0.719951,1.93908,-1.219129,1,3,-2,L,0,6,15,9,0.0306,False,False,Normal,False,0,0,0,0.41968373684210525,-1.0360179874618487,0.606181063270337,2.10276225,1.782851,1.5,0.5
2324,21950,2023-09-23 19:00:00,Manchester United,Burnley,away,6,0.840273,0.935444,-0.095171,1,0,1,W,3,9,18,9,0.0371,False,False,Normal,False,0,0,1,-0.14229526315789465,-0.9066937239567632,-0.5262255731527604,1.8262,1.8140968,1.2,0.4
2324,21957,2023-09-30 14:00:00,Manchester United,Crystal Palace,home,7,1.55408,1.19015,0.3639299999999998,0,1,-1,L,0,9,18,9,0.0447,False,False,Normal,False,0,0,0,-0.37184576315789464,-0.1394810399939424,-0.2388397432933477,1.6000806,1.6567295999999998,1.2,0.4
2324,21972,2023-10-07 14:00:00,Manchester United,Brentford,home,8,1.29356,1.02509,0.26847,2,1,1,W,3,12,20,8,0.0545,False,False,Normal,False,0,0,1,-0.3241157631578947,-0.419492651572414,-0.4250776217751843,1.4216886,1.3869516000000002,1.2,0.4
2324,21983,2023-10-21 19:00:00,Manchester United,Sheffield United,away,9,1.46187,1.41074,0.0511299999999999,2,1,1,W,3,15,23,8,0.0656,False,False,Normal,False,0,0,1,-0.21544576315789465,-0.2385900170538643,0.0100528631183106,1.0747946000000002,1.3998988,1.2,0.4
2324,21992,2023-10-29 15:30:00,Manchester United,Manchester City,home,10,0.714628,4.54595,-3.831322,0,3,-3,L,0,15,26,11,0.2256,False,False,Normal,True,1,0,0,1.7257802368421056,-1.04173924421155,3.5475232314391563,1.1739468,1.3001008,1.8,0.6
2324,21998,2023-11-04 12:30:00,Manchester United,Fulham,away,11,0.697095,1.18241,-0.4853149999999999,1,0,1,W,3,18,27,9,0.0927,False,False,Normal,False,0,0,1,0.052776736842105265,-1.0605840299700535,-0.2475728172025288,1.1728822,1.8214748,1.8,0.6
2324,22012,2023-11-11 15:00:00,Manchester United,Luton,home,12,2.74105,0.408265,2.332785,1,0,1,W,3,21,28,7,0.1133,False,False,Normal,False,0,0,1,-1.3562732631578949,1.1362958009215285,-1.12104381221841,1.1442466,1.870868,1.8,0.6
2324,22017,2023-11-26 16:30:00,Manchester United,Everton,away,13,2.07334,2.49764,-0.4243000000000001,3,0,3,W,3,24,30,6,0.1363,False,False,Normal,False,0,0,1,0.022269236842105355,0.4186290069438634,1.2364066140083394,1.3816406,1.7144910000000002,2.4,0.8
2324,22032,2023-12-02 20:00:00,Manchester United,Newcastle United,away,14,0.422674,2.90191,-2.479236,0,1,-1,L,0,24,33,9,0.1538,False,False,Normal,False,0,0,0,1.0497372368421054,-1.355536687965508,1.6925461216652644,1.5375966,2.0090010000000005,2.4,0.8
2324,22044,2023-12-06 20:15:00,Manchester United,Chelsea,home,15,4.03949,2.3512,1.6882899999999998,2,1,1,W,3,27,36,9,0.3301,False,False,Normal,True,1,0,1,-1.0340257631578949,2.531882615515228,1.071177758289933,1.3297574,2.307235,1.8,0.6
2324,22051,2023-12-09 15:00:00,Manchester United,Bournemouth,home,16,1.11296,1.9742,-0.86124,0,3,-3,L,0,27,37,10,0.206,False,False,Normal,False,0,0,0,0.2407392368421053,-0.6136048005478171,0.6458071040572152,1.9947298,1.868285,2.4,0.8
2324,22060,2023-12-17 16:30:00,Manchester United,Liverpool,away,17,0.632715,1.97111,-1.3383949999999998,0,0,0,D,1,28,39,11,0.3833,False,False,Normal,True,1,0,0,0.47931673684210524,-1.1297808192891925,0.6423206443182785,2.0779027999999995,2.026643,1.8,0.6
2324,22072,2023-12-23 12:30:00,Manchester United,West Ham,away,18,0.730496,1.51468,-0.784184,0,2,-2,L,0,28,40,12,0.2612,False,False,Normal,False,0,0,0,0.2022112368421053,-1.0246840305906104,0.1273287936248056,1.6562358,2.3392120000000003,1.4,0.4
2324,22082,2023-12-26 20:00:00,Manchester United,Aston Villa,home,19,1.20104,1.83637,-0.63533,3,2,1,W,3,31,42,11,0.3464,False,False,Normal,False,0,0,1,0.12778423684210527,-0.5189348222435339,0.4902929468346809,1.387667,2.14262,0.8,0.2
2324,22091,2023-12-30 17:30:00,Manchester United,Nottingham Forest,away,20,0.651905,0.744348,-0.092443,1,2,-1,L,0,31,45,14,0.3151,False,False,Normal,False,0,0,0,-0.14365926315789468,-1.10915505993793,-0.7418399777714751,1.5433402,1.929512,1.4,0.4
2324,22099,2024-01-14 16:30:00,Manchester United,Tottenham,home,21,0.923233,1.31224,-0.3890070000000001,2,2,0,D,1,32,48,16,0.3297,False,False,Normal,False,1,0,0,0.004622736842105346,-0.8175268143277521,-0.1010850929610599,0.8658232,1.6081416000000002,0.8,0.2
2324,22111,2024-02-01 20:15:00,Manchester United,Wolverhampton Wanderers,away,22,3.22698,2.27609,0.9508900000000002,4,3,1,W,3,35,51,16,0.3571,False,False,Normal,False,0,0,1,-0.6653257631578948,1.6585821605650368,0.986430835638953,0.8278777999999999,1.4757496,1.0,0.2
2324,22122,2024-02-04 14:00:00,Manchester United,West Ham,home,23,0.96721,1.1807,-0.21349,3,0,3,W,3,38,52,14,0.4053,False,False,Normal,False,0,0,1,-0.08313576315789467,-0.7702595387159509,-0.2495022172522315,1.3467308,1.5367456000000002,1.4,0.4
2324,22125,2024-02-11 16:30:00,Manchester United,Aston Villa,away,24,2.44591,2.64675,-0.2008399999999999,2,1,1,W,3,41,54,13,0.4431,False,False,Normal,False,0,0,1,-0.08946076315789475,0.8190739866989348,1.404648041734176,1.3940736,1.4699496,2.0,0.6
2324,22139,2024-02-18 16:30:00,Manchester United,Luton,away,25,3.58973,1.57234,2.01739,2,1,1,W,3,44,57,13,0.464,False,True,High Stakes,False,0,0,1,-1.1985757631578946,2.048472426571833,0.1923868093358362,1.6430475999999998,1.6320256,2.0,0.6
2324,22152,2024-02-24 15:00:00,Manchester United,Fulham,home,26,1.96036,1.1385,0.82186,1,2,-1,L,0,44,60,16,0.4281,False,False,Normal,False,0,0,0,-0.6008107631578947,0.2971960579336696,-0.2971166512273527,2.2306126,1.797624,2.6,0.8
2324,22160,2024-03-03 15:30:00,Manchester United,Manchester City,away,27,0.153764,2.64173,-2.487966,1,3,-2,L,0,44,63,19,0.5463,True,True,High Stakes,True,1,0,0,1.0541022368421054,-1.6445660234083408,1.3989839550385574,2.438038,1.762876,2.4,0.8
2324,22172,2024-03-09 12:30:00,Manchester United,Everton,home,28,2.9016,1.8214,1.0802000000000005,2,0,2,W,3,47,64,17,0.4545,False,True,High Stakes,False,0,0,1,-0.7299807631578948,1.3088578469791197,0.4734022341188617,1.8233948,1.836004,1.8,0.6
2324,22187,2024-03-30 20:00:00,Manchester United,Brentford,away,29,0.989565,3.16487,-2.175305,1,1,0,D,1,48,67,19,0.4592,False,True,High Stakes,False,0,1,0,0.8977717368421053,-0.7462319800761661,1.9892449737528917,2.2102728,1.964144,1.8,0.6
2324,22201,2024-04-04 19:15:00,Manchester United,Chelsea,away,30,1.56686,3.48048,-1.91362,3,4,-1,L,0,48,70,22,0.5349,True,True,High Stakes,True,1,1,0,0.7669292368421053,-0.1257448646677761,2.3453490378971567,1.9190038,2.067768,1.4,0.4
2324,22211,2024-04-07 14:30:00,Manchester United,Liverpool,home,31,0.814509,4.43457,-3.620061,2,2,0,D,1,49,71,22,0.5594,True,True,High Stakes,True,1,1,0,1.6201497368421054,-0.9343853375016264,3.4218527182602694,1.5144298,2.449396,0.8,0.2
2324,22215,2024-04-13 16:30:00,Manchester United,Bournemouth,away,32,1.52274,2.38519,-0.8624500000000002,2,2,0,D,1,50,73,23,0.5271,True,True,High Stakes,False,0,1,0,0.24134423684210538,-0.1731658392679685,1.1095288154182357,1.2852596,3.10861,1.0,0.2
2324,22182,2024-04-24 19:00:00,Manchester United,Sheffield United,home,33,3.51311,1.20517,2.3079400000000003,4,2,2,W,3,53,76,23,0.449,False,True,High Stakes,False,0,1,1,-1.3438507631578949,1.966119863700873,-0.221892615371397,1.5590548,3.057302,1.2,0.2
2324,22239,2024-04-27 14:00:00,Manchester United,Burnley,home,34,3.06197,1.89591,1.16606,1,1,0,D,1,54,79,25,0.4453,False,True,High Stakes,False,0,1,0,-0.7729107631578948,1.4812264257785956,0.5574721742962617,1.6813568,2.934056,1.2,0.2
2324,22250,2024-05-06 19:00:00,Manchester United,Crystal Palace,away,35,0.341417,2.0656,-1.7241829999999998,0,4,-4,L,0,54,82,28,0.4037,False,False,Normal,False,0,1,0,0.6722107368421052,-1.442873182369131,0.7489341008658899,2.0958378,2.680264,1.2,0.2
2324,22259,2024-05-12 15:30:00,Manchester United,Arsenal,home,36,0.551669,1.73104,-1.179371,0,1,-1,L,0,54,85,31,0.477,False,True,High Stakes,True,1,1,0,0.39980473684210527,-1.2168905270735806,0.3714486735977254,1.8507492,2.3972880000000005,1.2,0.2
2324,22231,2024-05-15 19:00:00,Manchester United,Newcastle United,home,37,1.49706,2.27657,-0.7795099999999999,3,2,1,W,3,57,88,31,0.285,False,False,Normal,False,0,1,1,0.19987423684210526,-0.2007671680923779,0.986972421617817,1.7981812,1.856582,1.0,0.2
2324,22267,2024-05-19 15:00:00,Manchester United,Brighton,away,38,1.00404,1.9717,-0.96766,2,0,2,W,3,60,91,31,0.0,False,False,Normal,False,0,1,1,0.2939492368421053,-0.7306739880694165,0.6429863437506322,1.7930452000000003,1.834858,1.4,0.4
2425,26602,2024-08-16 19:00:00,Manchester United,Fulham,home,1,2.04268,0.418711,1.6239689999999998,1,0,1,W,3,3,3,0,0.0154,False,False,Normal,False,0,0,1,-0.8621976578947367,0.3856750839782716,-1.1092575473533834,,,,
2425,26612,2024-08-24 11:30:00,Manchester United,Brighton,away,2,1.28556,2.14153,-0.8559699999999999,1,2,-1,L,0,3,6,3,0.0182,False,False,Normal,False,0,0,0,0.37777184210526316,-0.4280911963775259,0.8346062328974291,,,,
2425,26631,2024-09-01 15:00:00,Manchester United,Liverpool,home,3,1.50087,2.10397,-0.6031,0,3,-3,L,0,3,9,6,0.1715,False,False,Normal,True,1,0,0,0.2513368421052632,-0.1966721111289435,0.792227130051326,,,,
2425,26632,2024-09-14 11:30:00,Manchester United,Southampton,away,4,3.02693,1.35593,1.671,3,0,3,W,3,6,12,6,0.0261,False,False,Normal,False,0,0,1,-0.8857131578947368,1.4435647995322052,-0.0517894858432152,1.6097033333333333,1.554737,1.0,0.3333333333333333
2425,26649,2024-09-21 16:30:00,Manchester United,Crystal Palace,away,5,2.35056,1.66928,0.6812800000000001,0,0,0,D,1,7,13,6,0.0316,False,False,Normal,False,0,0,0,-0.39085315789473685,0.7165900808030066,0.301764610983899,1.96401,1.50503525,1.5,0.5
2425,26660,2024-09-29 15:30:00,Manchester United,Tottenham,home,6,0.600721,5.4072,-4.806479,0,3,-3,L,0,7,15,8,0.0375,False,False,Normal,False,1,0,0,2.353026342105263,-1.1641685496010363,4.519275157057002,2.04132,1.5378842,1.4,0.4
2425,26670,2024-10-06 13:00:00,Manchester United,Aston Villa,away,7,0.448537,0.532809,-0.0842719999999999,0,0,0,D,1,8,18,10,0.0442,False,False,Normal,False,0,0,0,-0.008077157894736842,-1.3277386674286815,-0.9805203035691804,1.7529282000000002,2.535582,0.8,0.2
2425,26675,2024-10-19 14:00:00,Manchester United,Brentford,home,8,1.76555,0.892843,0.8727069999999999,2,1,1,W,3,11,21,10,0.0612,False,False,Normal,False,0,0,1,-0.48656665789473674,0.0878107437481863,-0.5742924570810576,1.5855236,2.2138378,1.0,0.2
2425,26690,2024-10-27 14:00:00,Manchester United,West Ham,away,9,2.62598,2.99312,-0.3671399999999996,1,2,-1,L,0,11,23,12,0.0624,False,False,Normal,False,0,0,0,0.133356842105263,1.0126164820809993,1.7954587406906386,1.6384596000000002,1.9716124,1.6,0.4
2425,26697,2024-11-03 16:30:00,Manchester United,Chelsea,home,10,2.1605,1.21071,0.94979,1,1,0,D,1,12,25,13,0.2236,False,False,Normal,True,1,0,0,-0.5251081578947367,0.5123101525955583,-0.2156418105320092,1.5582696,2.2990504,1.0,0.2
2425,26708,2024-11-10 14:00:00,Manchester United,Leicester,home,11,1.2369,0.417295,0.8196050000000001,3,0,3,W,3,15,28,13,0.0877,False,False,Normal,False,0,0,1,-0.46001565789473686,-0.4803918451546195,-1.1108552259910325,1.5202576,2.2073364,1.0,0.2
2425,26718,2024-11-24 16:30:00,Manchester United,Ipswich,away,12,1.26912,1.98714,-0.7180199999999999,1,1,0,D,1,16,31,15,0.1011,False,False,Normal,False,0,0,0,0.30879684210526315,-0.4457612059520311,0.6604073594040888,1.6474934,1.2093554,1.6,0.4
2425,26727,2024-12-01 13:30:00,Manchester United,Everton,home,13,1.76161,0.766749,0.994861,4,0,4,W,3,19,34,15,0.1192,False,False,Normal,False,0,0,1,-0.5476436578947368,0.0835759604316686,-0.7165648371203688,1.81161,1.5002216,1.6,0.4
2425,26733,2024-12-04 20:15:00,Manchester United,Arsenal,away,14,0.256083,2.96684,-2.710757,0,2,-2,L,0,19,35,16,0.2875,False,False,Normal,True,1,0,0,1.3051653421052631,-1.5345917101690592,1.765806908347838,1.810822,1.4750028,1.6,0.4
2425,26744,2024-12-07 17:30:00,Manchester United,Nottingham Forest,home,15,1.4697,0.651217,0.818483,2,3,-1,L,0,19,36,17,0.1573,False,False,Normal,False,0,0,0,-0.4594546578947368,-0.230174191325861,-0.8469200690164279,1.3368426,1.4697468,1.6,0.4
2425,26753,2024-12-15 16:30:00,Manchester United,Manchester City,away,16,2.04662,0.638103,1.4085169999999998,2,1,1,W,3,22,39,17,0.3316,False,True,High Stakes,True,1,0,1,-0.7544716578947368,0.3899098672947893,-0.8617166492806398,1.1986826000000002,1.3578482,1.4,0.4
2425,26769,2024-12-22 14:00:00,Manchester United,Bournemouth,home,17,2.28533,1.82831,0.45702,0,3,-3,L,0,22,42,20,0.1951,False,False,Normal,False,0,0,0,-0.2787231578947368,0.6464796960983247,0.4811988156062573,1.3606266,1.4020098,1.4,0.4
2425,26781,2024-12-26 17:30:00,Manchester United,Wolverhampton Wanderers,away,18,0.358876,0.826489,-0.467613,0,2,-2,L,0,22,45,23,0.2049,False,False,Normal,False,0,0,0,0.18359334210526324,-1.4241079331500748,-0.6491599488342612,1.5638686,1.3702438,1.2,0.4
2425,26789,2024-12-30 20:00:00,Manchester United,Newcastle United,home,19,1.00073,2.2424,-1.24167,0,2,-2,L,0,22,46,24,0.2213,False,False,Normal,False,0,0,0,0.5706218421052632,-0.7342316359825317,0.9484182697474404,1.2833218000000002,1.3821918,0.6,0.2
2425,26797,2025-01-05 16:30:00,Manchester United,Liverpool,away,20,1.67469,2.862,-1.18731,2,2,0,D,1,23,47,24,0.4281,False,True,High Stakes,True,1,0,0,0.5434418421052633,-0.0098472288758728,1.6475155041309733,1.4322512,1.2373038,0.6,0.2
2425,26811,2025-01-16 20:00:00,Manchester United,Southampton,home,21,3.10847,1.36705,1.74142,3,1,2,W,3,26,50,24,0.3143,False,False,Normal,False,0,0,1,-0.9209231578947368,1.531205467458309,-0.039242743999534,1.4732492,1.6794604,0.8,0.2
2425,26818,2025-01-19 14:00:00,Manchester United,Brighton,home,22,1.31823,2.17172,-0.8534900000000001,1,3,-2,L,0,26,53,27,0.2831,False,False,Normal,False,0,0,0,0.37653184210526325,-0.3929768890296499,0.8686697343597257,1.6856192,1.8252498,0.8,0.2
2425,26826,2025-01-26 19:00:00,Manchester United,Fulham,away,23,0.201988,0.560571,-0.358583,1,0,1,W,3,29,56,27,0.3219,False,True,High Stakes,False,0,0,1,0.12907834210526314,-1.5927339953231257,-0.9491963245166372,1.4921992,1.8939318,0.8,0.2
2425,26838,2025-02-02 14:00:00,Manchester United,Crystal Palace,home,24,1.50706,2.44633,-0.93927,0,2,-2,L,0,29,57,28,0.3219,False,True,High Stakes,False,0,0,0,0.41942184210526323,-0.190018987085988,1.1785133294760295,1.4608215999999998,1.8407482,1.4,0.4
2425,26850,2025-02-16 16:30:00,Manchester United,Tottenham,away,25,1.42652,1.97109,-0.54457,0,1,-1,L,0,29,60,31,0.324,False,True,High Stakes,False,1,0,0,0.2220718421052632,-0.2765848369114529,0.642298078235826,1.5620876,1.8815342,1.4,0.4
2425,26855,2025-02-22 12:30:00,Manchester United,Everton,away,26,0.645685,2.10444,-1.458755,2,2,0,D,1,30,61,31,0.3452,False,True,High Stakes,False,0,0,0,0.6791643421052631,-1.1158404285239047,0.7927574329889635,1.5124536,1.7033522,1.2,0.4
2425,26871,2025-02-26 19:30:00,Manchester United,Ipswich,home,27,1.40202,1.04498,0.35704,3,2,1,W,3,33,64,31,0.401,False,True,High Stakes,False,0,0,1,-0.2287331578947368,-0.3029178803771083,-0.4026356527760099,1.0198966,1.8508302,0.8,0.2
2425,26877,2025-03-09 16:30:00,Manchester United,Arsenal,home,28,1.31107,1.82996,-0.5188900000000001,1,1,0,D,1,34,67,33,0.4772,False,True,High Stakes,True,1,0,0,0.20923184210526324,-0.4006725866302252,0.483060517408602,1.0366546,1.6254822,1.4,0.4
2425,26888,2025-03-16 19:00:00,Manchester United,Leicester,away,29,1.13892,1.30455,-0.1656300000000001,3,0,3,W,3,37,70,33,0.3548,False,True,High Stakes,False,0,1,1,0.03260184210526329,-0.5857025226552287,-0.1097617516641092,1.258471,1.87936,1.0,0.2
2425,26894,2025-04-01 20:00:00,Manchester United,Nottingham Forest,away,30,1.86688,0.512063,1.3548170000000002,0,1,-1,L,0,37,73,36,0.2646,False,False,Normal,False,0,1,0,-0.7276216578947369,0.1967220618859361,-1.0039281008973286,1.184843,1.651004,1.6,0.4
2425,26909,2025-04-06 15:30:00,Manchester United,Manchester City,home,31,1.23317,0.687894,0.5452760000000001,0,0,0,D,1,38,73,35,0.3361,False,True,High Stakes,True,1,1,0,-0.32285115789473684,-0.4844009166700029,-0.80553725871061,1.272915,1.3591985999999998,1.6,0.4
2425,26918,2025-04-13 15:30:00,Manchester United,Newcastle United,away,32,0.786568,2.6383,-1.851732,1,4,-3,L,0,38,76,38,0.1091,False,False,Normal,False,0,1,0,0.8756528421052632,-0.9644168300515806,1.3951138718979257,1.390412,1.0758894,1.6,0.4
2425,26929,2025-04-20 13:00:00,Manchester United,Wolverhampton Wanderers,home,33,1.13966,0.187814,0.951846,0,1,-1,L,0,38,79,41,0.0,False,False,Normal,False,0,1,0,-0.5261361578947368,-0.5849071572607558,-1.3697795843570224,1.2673216,1.3945534000000002,1.0,0.2
2425,26932,2025-04-27 13:00:00,Manchester United,Bournemouth,away,34,1.91039,0.60995,1.30044,1,1,0,D,1,39,82,43,0.0,False,False,Normal,False,0,1,0,-0.7004331578947368,0.2434873974447388,-0.8934817952451324,1.2330396,1.0661242000000002,0.8,0.2
2425,26947,2025-05-04 13:00:00,Manchester United,Brentford,away,35,1.13404,3.58737,-2.45333,3,4,-1,L,0,39,82,43,0.0,False,False,Normal,False,0,1,0,1.1764518421052632,-0.590947634986347,2.4659534655654194,1.3873336,0.9272042,0.4,0.0
2425,26956,2025-05-11 13:15:00,Manchester United,West Ham,home,36,2.31287,2.15985,0.1530200000000001,0,2,-2,L,0,39,83,44,0.0,False,False,Normal,False,0,1,0,-0.12672315789473687,0.6760801865899227,0.8552767644240695,1.2407656,1.5422656,0.4,0.0
2425,26966,2025-05-16 19:15:00,Manchester United,Chelsea,away,37,0.337632,1.29571,-0.958078,0,1,-1,L,0,39,83,44,0.15,False,False,Normal,True,1,1,0,0.4288258421052632,-1.4469413688800496,-0.1197359601081869,1.4567056,1.8366568,0.2,0.0
2425,26974,2025-05-25 15:00:00,Manchester United,Aston Villa,home,38,2.96259,0.335222,2.627368,2,0,2,W,3,42,84,42,0.0,False,False,Normal,False,0,1,1,-1.363897157894737,1.374411002937092,-1.203458530247907,1.3669184,1.5681387999999998,0.2,0.0
2526,28786,2025-08-17 15:30:00,Manchester United,Arsenal,home,1,1.37653,1.3304,0.04613,0,1,-1,L,0,0,3,3,0.165,False,False,Normal,True,1,0,0,0.2651842894736841,-0.3303149937623963,-0.080595090094041,,,,
2526,28796,2025-08-24 15:30:00,Manchester United,Fulham,away,2,1.54603,1.65333,-0.1072999999999999,1,1,0,D,1,1,6,5,0.0206,False,False,Normal,False,0,0,0,0.3418992894736841,-0.1481333257040863,0.2837681602278992,,,,
2526,28802,2025-08-30 14:00:00,Manchester United,Burnley,home,3,4.02237,1.32618,2.69619,3,2,1,W,3,4,9,5,0.025,False,False,Normal,False,0,0,1,-1.0598457105263157,2.5134817296322884,-0.0853565334915532,,,,
2526,28817,2025-09-14 15:30:00,Manchester United,Manchester City,away,4,1.51915,1.99725,-0.4780999999999999,0,3,-3,L,0,4,12,8,0.1756,False,False,Normal,True,1,0,0,0.5272992894736841,-0.1770244362492625,0.6718145140839106,2.3149766666666665,1.4366366666666668,1.3333333333333333,0.3333333333333333
2526,28824,2025-09-20 16:30:00,Manchester United,Chelsea,home,5,1.34458,0.469843,0.8747370000000001,2,1,1,W,3,7,15,8,0.181,False,False,Normal,True,1,0,1,-0.14911921052631594,-0.3646554320778122,-1.0515651009549023,2.11602,1.57679,1.0,0.25
2526,28828,2025-09-27 11:30:00,Manchester United,Brentford,away,6,2.23609,2.78726,-0.5511699999999999,1,3,-2,L,0,7,15,8,0.0375,False,False,Normal,False,0,0,0,0.5638342894736841,0.5935556528228602,1.5631860540053677,1.961732,1.3554005999999998,1.4,0.4
2526,28845,2025-10-04 14:00:00,Manchester United,Sunderland,home,7,1.9298,0.807119,1.122681,2,0,2,W,3,10,16,6,0.0463,False,False,Normal,False,0,0,1,-0.27309121052631585,0.2643496167781417,-0.6710151996896663,2.1336439999999994,1.6467725999999998,1.4,0.4
2526,28852,2025-10-19 15:30:00,Manchester United,Liverpool,away,8,2.53117,2.60972,-0.0785499999999999,2,1,1,W,3,13,19,6,0.2058,False,False,Normal,True,1,0,1,0.32752428947368406,0.9107129779594156,1.3628669400730684,2.210398,1.4775303999999998,1.8,0.6
2526,28865,2025-10-25 16:30:00,Manchester United,Brighton,home,9,1.96231,0.947154,1.015156,4,2,2,W,3,16,22,6,0.0672,False,False,Normal,False,0,0,1,-0.21932871052631586,0.2992919532299155,-0.5130131318767257,1.912158,1.7342384,1.8,0.6
2526,28874,2025-11-01 15:00:00,Manchester United,Nottingham Forest,away,10,0.91622,1.55066,-0.6344399999999999,2,2,0,D,1,17,25,8,0.0786,False,False,Normal,False,0,0,0,0.6054692894736841,-0.8250645136675333,0.1679251759571482,2.00079,1.5242192,2.4,0.8
2526,28886,2025-11-08 12:30:00,Manchester United,Tottenham,away,11,0.820256,1.35532,-0.5350640000000001,2,2,0,D,1,18,26,8,0.0939,False,False,Normal,False,1,0,0,0.5557812894736842,-0.928208357877254,-0.0524777513580215,1.915118,1.7403825999999998,2.0,0.6
2526,28895,2025-11-24 20:00:00,Manchester United,Everton,home,12,2.2737,0.155063,2.118637,0,1,-1,L,0,18,29,11,0.1072,False,False,Normal,False,0,0,0,-0.7710692105263158,0.6339795615878928,-1.4067326726773823,1.6319512,1.4539946,2.2,0.6
2526,28901,2025-11-30 12:00:00,Manchester United,Crystal Palace,away,13,1.47768,2.13561,-0.6579299999999997,2,1,1,W,3,21,30,9,0.1502,False,False,Normal,False,0,0,1,0.617214289473684,-0.2215971428827617,0.8279266724914404,1.7007312,1.3235834,1.6,0.4
2526,28915,2025-12-04 20:00:00,Manchester United,West Ham,home,14,2.27674,1.36584,0.9109000000000004,1,1,0,D,1,22,33,11,0.1492,False,False,Normal,False,0,0,0,-0.16720071052631602,0.6372470086138358,-0.0406079919879204,1.4900332,1.2287614000000002,1.6,0.4
2526,28927,2025-12-08 20:00:00,Manchester United,Wolverhampton Wanderers,away,15,4.04708,0.262147,3.784933,4,1,3,W,3,25,33,8,0.183,False,False,Normal,False,0,0,1,-1.604217210526316,2.5400404848990785,-1.2859093540093285,1.5529192000000005,1.3124986,1.2,0.2
2526,28934,2025-12-15 20:00:00,Manchester United,Bournemouth,home,16,3.21204,2.35196,0.86008,4,4,0,D,1,26,36,10,0.206,False,False,Normal,False,0,0,0,-0.14179071052631587,1.64252437814149,1.072035269423134,2.1790912,1.0547959999999998,1.6,0.4
2526,28939,2025-12-21 16:30:00,Manchester United,Aston Villa,away,17,1.30455,1.86917,-0.5646199999999999,1,2,-1,L,0,26,39,13,0.2248,False,False,Normal,False,0,0,0,0.5705592894736841,-0.4076804006463913,0.5273013220570499,2.657448,1.2541239999999998,1.6,0.4
2526,28954,2025-12-26 20:00:00,Manchester United,Newcastle United,home,18,0.940811,1.12998,-0.189169,1,0,1,W,3,29,42,13,0.2561,False,False,Normal,False,0,0,1,0.3828337894736841,-0.7986336617547198,-0.3067298023521877,2.463618,1.5969453999999998,1.6,0.4
2526,28964,2025-12-30 20:15:00,Manchester United,Wolverhampton Wanderers,home,19,1.13306,1.21784,-0.08478,1,1,0,D,1,30,45,15,0.2766,False,False,Normal,False,0,0,0,0.33063928947368415,-0.5920009567249732,-0.2075970021376344,2.3562442,1.3958194,1.6,0.4
2526,28976,2026-01-04 12:30:00,Manchester United,Leeds,away,20,1.94781,0.970138,0.977672,1,1,0,D,1,31,48,17,0.2968,False,False,Normal,False,0,0,0,-0.20058671052631594,0.2837070907706501,-0.4870801899221242,2.1275082000000003,1.3662194,1.6,0.4
2526,28982,2026-01-07 20:15:00,Manchester United,Burnley,away,21,2.52488,0.31971,2.20517,2,2,0,D,1,32,49,17,0.3319,False,False,Normal,False,0,0,0,-0.8143357105263159,0.9039523721063965,-1.2209607837981935,1.7076542,1.5078176,1.2,0.2
2526,28993,2026-01-17 12:30:00,Manchester United,Manchester City,home,22,3.07278,0.387015,2.685765,2,0,2,W,3,35,50,15,0.5326,True,False,Normal,True,1,0,1,-1.0546332105263159,1.492845209446503,-1.1450202748243654,1.5702222,1.1013676,1.2,0.2
2526,28999,2026-01-25 16:30:00,Manchester United,Arsenal,away,23,0.640902,1.42411,-0.783208,3,2,1,W,3,38,50,12,0.5792,True,True,High Stakes,True,1,0,1,0.6798532894736842,-1.1209812834992607,0.0251382892379164,1.9238682,0.8049365999999999,1.8,0.4
2526,29012,2026-02-01 14:00:00,Manchester United,Fulham,home,24,1.84362,1.71998,0.1236399999999999,3,2,1,W,3,41,53,12,0.4569,False,False,Normal,False,0,0,1,0.22642928947368413,0.171721792865073,0.3589696300014023,1.8638864,0.8637626,1.8,0.4
2526,29025,2026-02-07 12:30:00,Manchester United,Tottenham,home,25,2.16576,0.593404,1.572356,2,0,2,W,3,44,56,12,0.492,False,False,Normal,False,1,0,1,-0.49792871052631593,0.5179636958049197,-0.9121507152582212,2.0059984,0.9641906,2.2,0.6
2526,29037,2026-02-10 20:15:00,Manchester United,West Ham,away,26,0.735767,1.30746,-0.5716930000000001,1,1,0,D,1,45,57,12,0.5248,True,False,Normal,False,0,0,0,0.5740957894736842,-1.0190186643821424,-0.1064783866672466,2.0495884,0.8888438000000001,2.6,0.8
2526,29042,2026-02-23 20:00:00,Manchester United,Everton,away,27,1.4547,0.560924,0.8937760000000001,1,0,1,W,3,48,58,10,0.5495,True,True,High Stakes,False,0,0,1,-0.15863871052631595,-0.2462964628354458,-0.948798033161348,1.6917658,1.0863938000000002,2.6,0.8
2526,29055,2026-03-01 14:00:00,Manchester United,Crystal Palace,home,28,2.34609,0.384699,1.961391,2,1,1,W,3,51,61,10,0.5575,True,True,High Stakes,False,0,0,1,-0.6924462105263158,0.7117856438931498,-1.147633427172384,1.3681498,1.1211756000000002,2.6,0.8
2526,29065,2026-03-04 20:15:00,Manchester United,Newcastle United,away,29,1.80571,1.96637,-0.16066,1,2,-1,L,0,51,64,13,0.5635,True,True,High Stakes,False,0,1,0,0.3685792894736841,0.1309754386698484,0.6369724827769973,1.7091874,0.9132934,2.6,0.8
2526,29074,2026-03-15 14:00:00,Manchester United,Aston Villa,home,30,1.67823,1.21071,0.4675200000000001,3,1,2,W,3,54,67,13,0.6013,True,True,High Stakes,False,0,1,1,0.05448928947368403,-0.0060423727996107,-0.2156418105320092,1.7016054,0.9625714,2.0,0.6
2526,29078,2026-03-20 20:00:00,Manchester United,Bournemouth,away,31,1.74574,1.76664,-0.0208999999999999,2,2,0,D,1,55,70,15,0.5303,True,False,Normal,False,0,1,0,0.29869928947368407,0.0665185971745279,0.4116163003634675,1.6040993999999995,1.0860325999999998,2.0,0.6
2526,29088,2026-04-13 19:00:00,Manchester United,Leeds,home,32,1.36555,2.95118,-1.58563,1,2,-1,L,0,55,70,15,0.5893,True,True,High Stakes,False,0,1,0,1.0810642894736842,-0.3421164965074125,1.7481376657874022,1.806094,1.1778686,2.0,0.6
2526,29100,2026-04-18 19:00:00,Manchester United,Chelsea,away,33,0.436043,1.28109,-0.8450470000000001,1,0,1,W,3,58,70,12,0.7356,True,True,High Stakes,True,1,1,1,0.7107727894736842,-1.3411674447780653,-0.1362317663810842,1.788264,1.6559198,1.4,0.4
2526,29114,2026-04-27 19:00:00,Manchester United,Brentford,home,34,1.84852,1.30383,0.5446899999999999,2,1,1,W,3,61,73,12,0.7156,True,True,High Stakes,False,0,1,1,0.015904289473684163,0.1769884015582039,-0.1105741306324052,1.4062546,1.835198,1.4,0.4
2526,29125,2026-05-03 15:30:00,Manchester United,Liverpool,home,35,2.55612,1.02814,1.52798,3,2,1,W,3,64,76,12,0.8766,True,True,High Stakes,True,1,1,1,-0.47574071052631584,0.9375296895703586,-0.421636294201153,1.4148166,1.70269,2.0,0.6
2526,29135,2026-05-09 15:00:00,Manchester United,Sunderland,away,36,0.535981,1.2376,-0.701619,0,0,0,D,1,65,79,14,0.7358,True,True,High Stakes,False,0,1,0,0.6390587894736841,-1.233752273436405,-0.1853017126744023,1.5903946,1.666176,2.0,0.6
2526,29145,2026-05-17 12:30:00,Manchester United,Nottingham Forest,home,37,4.28532,1.84418,2.44114,3,2,1,W,3,68,82,14,0.3718,False,False,Normal,False,0,1,1,-0.9323207105263156,2.796105149195313,0.499105002032446,1.3484427999999995,1.560368,2.0,0.6
2526,29148,2026-05-24 15:00:00,Manchester United,Brighton,away,38,2.32868,0.702398,1.6262819999999998,3,0,3,W,3,71,85,14,0.0,False,False,Normal,False,0,1,1,-0.5248917105263158,0.6930730607610249,-0.789172335715938,1.9323968,1.338968,2.6,0.8
